# bbs_attach
INSERT INTO `bbs_attach` (`aid`, `tid`, `pid`, `uid`, `filesize`, `width`, `height`, `filename`, `orgfilename`, `filetype`, `create_date`, `comment`, `downloads`, `credits`, `golds`, `rmbs`, `isimage`) VALUES
(1, 1, 1, 1, 10317, 190, 128, '201803/mainpic_1_UGV43MJ89QDBR3R.jpg', 'f7f34cd57a009625138404067989ed85.jpg', 'image', 1520828925, '', 0, 0, 0, 0, 1),
(2, 3, 3, 1, 8307, 223, 128, '201803/mainpic_1_FW4HAD92BGQSJCG.png', 'f0d22e016c1e191994562a3c0263f925.png', 'image', 1520833046, '', 0, 0, 0, 0, 1),
(3, 2, 2, 1, 5687, 178, 128, '201803/mainpic_1_HAPSJR3V2XVP7M6.jpg', 'b6dc676627356f43e352e477887a35c2.jpg', 'image', 1520833060, '', 0, 0, 0, 0, 1),
(4, 4, 4, 1, 6161, 192, 128, '201803/mainpic_1_JDWVBBSWQ5W5ZAR.jpg', '5f26b515533b7c9b214a8fbbef4f919b.jpg', 'image', 1520833157, '', 0, 0, 0, 0, 1),
(5, 5, 5, 1, 5767, 192, 128, '201803/mainpic_1_RA2Y33JDPR3NJ73.jpg', 'u=3970437202,816074216&amp;fm=27&amp;gp=0.jpg', 'image', 1520833570, '', 0, 0, 0, 0, 1),
(6, 6, 6, 1, 6698, 177, 128, '201803/mainpic_1_B2ZNFGTTH9JNX4D.jpg', '2711f9bdf3eecbaa44986eaf8d5ef3bc%2Fc8979c1786d95508f22d2fa8c8de56db.jpg', 'image', 1520833701, '', 0, 0, 0, 0, 1),
(7, 7, 7, 1, 10363, 179, 128, '201803/mainpic_1_7GBFCJE272JYF88.jpg', '2711f9bdf3eecbaa44986eaf8d5ef3bc%2F3b345910c36cc72c274478809c6ccc22.jpg', 'image', 1520834232, '', 0, 0, 0, 0, 1),
(8, 8, 8, 1, 9053, 176, 128, '201803/mainpic_1_PREYW7REMV49BSY.jpg', '5b47e60797bfe80e56904ba59834bc2d.jpg', 'image', 1520834321, '', 0, 0, 0, 0, 1),
(9, 9, 9, 1, 6151, 170, 159, '201803/mainpic_1_F2T3JXMA8EFJGQ6.jpeg', 'b2b58fd5effd495e9335970f2446b5bd20180312094733.jpeg', 'image', 1520834447, '', 0, 0, 0, 0, 1),
(10, 10, 10, 1, 7533, 228, 128, '201803/mainpic_1_H7ZJKJ9FXU69SCR.jpg', 'qr6dWSiMym5fcm0Rkuc%3Dg%3DpiOyNoSMl21S3gwZvGabIPm1520818448731compressflag.jpg', 'image', 1520837132, '', 0, 0, 0, 0, 1),
(11, 11, 11, 1, 9625, 195, 128, '201803/mainpic_1_RHCPCKD9S752A2R.jpeg', 'dff3eab3e7614116a87cd4f39ff1a53d20180312092648.jpeg', 'image', 1520837308, '', 0, 0, 0, 0, 1),
(12, 12, 12, 1, 8529, 234, 128, '201803/mainpic_1_7V7TAD25EJ3WX65.jpg', 'ea796d877ff45b662baa96df92042534.jpg', 'image', 1520837407, '', 0, 0, 0, 0, 1),
(13, 13, 13, 1, 6441, 171, 128, '201803/mainpic_1_SAU3J6Q34SZH837.jpeg', 'ee50ab372c6b41dbb65014c332c0bf5220180312142520.jpeg', 'image', 1520838871, '', 0, 0, 0, 0, 1),
(14, 14, 14, 1, 11766, 189, 128, '201803/mainpic_1_AV8TTDY6CZ5AWV2.jpg', '88f366dc8c163ad495216ed914eae160.jpg', 'image', 1520838976, '', 0, 0, 0, 0, 1),
(15, 16, 16, 1, 4458, 170, 152, '201803/mainpic_1_YZWS3PREYVC4KDH.png', 'ubUToWTwMKHqWJbdYaxLbqN4MeudkKlU%3DTX87O98QlGQc1520833072757transferflag.png', 'image', 1520839139, '', 0, 0, 0, 0, 1),
(16, 17, 17, 1, 12304, 193, 128, '201803/mainpic_1_9RZAX9N5S2MP9VQ.jpg', 'b21e6d4050a2c6db53b2b26b9cd18a55.jpg', 'image', 1520839259, '', 0, 0, 0, 0, 1),
(17, 18, 18, 1, 6754, 227, 128, '201803/mainpic_1_45XRYHKESA66EBS.jpg', '7584c591899784e15fa58316b93c262c.jpg', 'image', 1520839345, '', 0, 0, 0, 0, 1),
(18, 20, 20, 1, 7542, 247, 128, '201803/mainpic_1_SMK2JJ5K9VJX83M.jpg', '99a8bd7cc1f463c03c24af49c6f2e178.jpg', 'image', 1520839551, '', 0, 0, 0, 0, 1),
(19, 21, 21, 1, 17096, 193, 128, '201803/mainpic_1_G5N6DES2QAVA76C.jpg', '574d565b9431134321a9cc6082073e4a.jpg', 'image', 1520839713, '', 0, 0, 0, 0, 1),
(20, 22, 22, 1, 8400, 192, 128, '201803/mainpic_1_DJW8PSGW59XB6TF.png', '4793a37599c4447bb09ae18e04e4fdb220180312003248.png', 'image', 1520839779, '', 0, 0, 0, 0, 1),
(21, 23, 23, 1, 11728, 198, 128, '201803/mainpic_1_ANX93TGW9SXBMQN.jpg', '449787b60af3336f28850bdb7446e21d.jpg', 'image', 1520839882, '', 0, 0, 0, 0, 1),
(22, 25, 25, 1, 9327, 170, 255, '201803/mainpic_1_QNYV9E7986ZDPKH.jpg', 'photo%2F0003%2F2018-03-12%2FDCMD0VRT00AJ0003NOS.jpg', 'image', 1520840073, '', 0, 0, 0, 0, 1),
(23, 26, 26, 1, 10485, 193, 128, '201803/mainpic_1_SEJ5B244G869VYD.jpg', 'photo%2F0003%2F2018-03-12%2FDCMBCJ5100AJ0003NOS.jpg', 'image', 1520840120, '', 0, 0, 0, 0, 1),
(24, 27, 27, 1, 9180, 186, 128, '201803/mainpic_1_S76A3XC6KCRRHXU.jpg', 'photo%2F0003%2F2018-03-12%2FDCMKH7DP00AJ0003NOS.jpg', 'image', 1520840192, '', 0, 0, 0, 0, 1),
(25, 28, 28, 1, 8111, 197, 128, '201803/mainpic_1_34QMYY47JXWTQWX.jpg', 'f765700f69059a48c00208389022878f.jpg', 'image', 1520840245, '', 0, 0, 0, 0, 1),
(26, 29, 29, 1, 12970, 171, 128, '201803/mainpic_1_YJUBKA7ANNKT7E4.jpeg', '530f19456af24418a7985bdfb8f4c77920180312094221.jpeg', 'image', 1520840304, '', 0, 0, 0, 0, 1),
(27, 30, 30, 1, 10610, 197, 128, '201803/mainpic_1_Y58X7GWYY8DCVT9.jpg', '224d83b7e9b8094f1fa1f1e598e7d031.jpg', 'image', 1520840376, '', 0, 0, 0, 0, 1),
(28, 31, 31, 1, 6365, 202, 128, '201803/mainpic_1_GX463VJ587D4FUJ.png', '75d5f5da7e5c44298e3e3f1e36e2b86c20180312151945.png', 'image', 1520840434, '', 0, 0, 0, 0, 1),
(29, 32, 32, 1, 7432, 230, 128, '201803/mainpic_1_3SHWHRUUE7DJSKN.jpg', '76a15804f7a9ec34c458862c801d42fe.jpg', 'image', 1520840493, '', 0, 0, 0, 0, 1),
(30, 33, 33, 1, 5468, 170, 168, '201803/mainpic_1_ZZMWMMJ2PUK4BK5.png', '9f462204d2e84498aac6294c1590fd6020180312151439.png', 'image', 1520840563, '', 0, 0, 0, 0, 1),
(31, 34, 34, 1, 10156, 199, 128, '201803/mainpic_1_UGWGWCKNH6CAS67.jpeg', '6e0d4035bae14265925536c291fb712f20180312100847.jpeg', 'image', 1520840631, '', 0, 0, 0, 0, 1),
(32, 35, 35, 1, 8122, 170, 157, '201803/mainpic_1_4G42CB67NBPQEYZ.png', 'c84665a507b247609406296de622708220180312131644.png', 'image', 1520840679, '', 0, 0, 0, 0, 1),
(33, 36, 36, 1, 7376, 170, 246, '201803/mainpic_1_FTJES86YKFYY8HK.png', '56ae0e0d70e84d4e8a7e016758e96edf20180312112100.png', 'image', 1520840770, '', 0, 0, 0, 0, 1),
(34, 37, 37, 1, 11932, 192, 128, '201803/mainpic_1_4Q5DPVWRE87GGRF.jpg', '8999d10352329286470c1edf0d8f96e5.jpg', 'image', 1520840985, '', 0, 0, 0, 0, 1),
(35, 38, 38, 1, 8732, 228, 128, '201803/mainpic_1_DD5VGQVYBW623X5.jpeg', '3fc2a6fb7d5e4160955fe9a0cde095a720180312093454.jpeg', 'image', 1520841042, '', 0, 0, 0, 0, 1),
(36, 39, 39, 1, 7024, 228, 128, '201803/mainpic_1_X8PHPN8XDWS4C77.jpg', 'c78bdabec81d0afd6ebaea2943cbbebf.jpg', 'image', 1520841112, '', 0, 0, 0, 0, 1),
(37, 40, 40, 1, 9602, 192, 128, '201803/mainpic_1_QP4EUBZ9EFFW76X.jpeg', 'a3c7955605cf43ffa92212af0a33f5fd20180312074412.jpeg', 'image', 1520841218, '', 0, 0, 0, 0, 1),
(38, 41, 41, 1, 9704, 258, 128, '201803/mainpic_1_DVQH68UH82KCRY2.jpg', '8c7aa75b5ad0b10d974b80876f684975.jpg', 'image', 1520841285, '', 0, 0, 0, 0, 1),
(39, 42, 42, 1, 6971, 227, 128, '201803/mainpic_1_Z5CGCCTD2M57J2U.jpg', '5becc069b57231615aa9ce51c34c4d4e.jpg', 'image', 1520841339, '', 0, 0, 0, 0, 1),
(40, 43, 43, 1, 8531, 209, 128, '201803/mainpic_1_NFX4D8GRPECKA7C.jpg', '9ea4a7eeb73eb1a52ceaba5b42bf28e2.jpg', 'image', 1520841385, '', 0, 0, 0, 0, 1),
(41, 44, 44, 1, 6040, 215, 128, '201803/mainpic_1_6HGRPWHNXXUHWJ6.jpeg', '71e220b4bea041594b693554b79d0d9f.jpeg', 'image', 1520841451, '', 0, 0, 0, 0, 1),
(42, 45, 45, 1, 7810, 234, 128, '201803/mainpic_1_KRVRYZNEHCDMB3J.jpg', 'GIsvHZlcCHTenyZos9bk8038paa8LLLiclw5BuylO83341520837750472compressflag.jpg', 'image', 1520841520, '', 0, 0, 0, 0, 1),
(43, 46, 46, 1, 9017, 170, 137, '201803/mainpic_1_K5BFXJH6EZZ79GJ.jpg', 'ee53e3def20fec8b7d62b5ef7a7407b3.jpg', 'image', 1520841574, '', 0, 0, 0, 0, 1),
(44, 47, 47, 1, 9015, 225, 128, '201803/mainpic_1_JN9KZJYSGJSQ33F.jpg', '10eb5ca4788693d350505a04f7480e45.jpg', 'image', 1520841630, '', 0, 0, 0, 0, 1),
(45, 48, 48, 1, 6292, 187, 128, '201803/mainpic_1_X7XEPQMBFY4DN2U.jpeg', '4f1a8bcd91124b6a855c52f554ffce1320180312140911.jpeg', 'image', 1520841683, '', 0, 0, 0, 0, 1);

# bbs_forum

TRUNCATE bbs_forum;

INSERT INTO `bbs_forum` (`fid`, `name`, `rank`, `threads`, `todayposts`, `todaythreads`, `brief`, `announcement`, `accesson`, `orderby`, `create_date`, `icon`, `moduids`, `seo_title`, `seo_keywords`, `well_nav_display`, `well_display`, `well_news`, `well_headlines`, `well_channel_slides`, `well_channel_headline`, `well_channel_guide`, `well_channel_recommend`, `well_comment`, `well_list_news`, `well_list_headlines`, `well_list_recommends`, `well_channel_display`, `well_channel_news`, `well_channel_headlines`, `well_fup`, `well_son`, `well_type`, `well_model`, `well_forum_type`, `well_alias`, `well_tpl`, `well_tpl_class`, `well_tpl_show`, `well_count_slides`, `well_count_headline`, `well_count_guide`, `well_count_recommend`) VALUES
(1, '新闻', 0, 0, 0, 0, '默认版块介绍', '', 0, 0, 0, 0, '', '', '', 1, 0, 0, 0, 6, 10, 4, 7, 0, 0, 0, 0, 0, 0, 0, 0, 2, 1, 0, 1, '', 0, '', '', 0, 0, 0, 0),
(2, '国内', 0, 12, 0, 0, '', '', 0, 0, 0, 0, '', '', '', 0, 1, 12, 2, 0, 0, 0, 0, 0, 10, 10, 10, 1, 12, 2, 1, 0, 1, 0, 0, '', 0, '', '', 3, 4, 1, 0),
(3, '国际', 0, 12, 0, 0, '', '', 0, 0, 0, 0, '', '', '', 0, 1, 12, 2, 0, 0, 0, 0, 1, 10, 10, 10, 1, 12, 2, 1, 0, 1, 0, 0, '', 0, '', '', 5, 4, 2, 7),
(4, '娱乐', 0, 12, 0, 0, '', '', 0, 0, 0, 0, '', '', '', 1, 1, 12, 2, 0, 0, 0, 0, 0, 10, 10, 10, 0, 0, 0, 0, 0, 1, 0, 0, '', 0, '', '', 2, 3, 0, 0),
(5, '科技', 0, 12, 0, 0, '', '', 0, 0, 0, 0, '', '', '', 1, 1, 12, 2, 0, 0, 0, 0, 0, 10, 10, 10, 0, 0, 0, 0, 0, 1, 0, 0, '', 0, '', '', 2, 3, 0, 0),
(6, '讨论', 0, 0, 0, 0, '', '', 0, 0, 0, 0, '', '', '', 1, 0, 0, 0, 0, 0, 0, 0, 0, 0, 0, 0, 0, 0, 0, 0, 0, 0, 0, 0, '', 0, '', '', 0, 0, 0, 0);

# bbs_post

INSERT INTO `bbs_post` (`tid`, `pid`, `uid`, `isfirst`, `create_date`, `userip`, `images`, `files`, `doctype`, `quotepid`, `message`, `message_fmt`) VALUES
(1, 1, 1, 1, 1520828883, 1998027543, 0, 0, 0, 0, '<p>日前，俄罗斯总统普京在其同名传记纪录片中自曝一段秘事：2014年索契冬奥开幕式期间，他曾下令战机击落一架疑遭劫持以攻击冬奥的客机，所幸后来证实劫机通报只是“乌龙”。</p><p>据今日俄罗斯(RT)3月11日报道，普京在同名传记纪录片《普京》中，首度曝光这段他所谓的“敏感机密故事”。</p><p>普京回忆，2014年2月7日，就在他准备动身前往冬奥开幕式场地菲施特奥林匹克体育场时，接到一通负责冬奥维安官员的电话。当时体育馆内有4万名观众、数千名选手及数十名多国领袖，正等着会向全球数十亿观众转播的开幕式登场。</p><p>这名官员告诉普京，一架由乌克兰飞往土耳其的飞机被劫持，劫机者声称他们在机上放了炸弹，下令班机转向索契，此外相关劫机信息非常有限。</p><p>据同在片中受访的俄罗斯联邦安全局局长博尔特尼科夫称，当时俄军多架战机紧急升空。</p><p>普京告诉采访者，他问了负责维安的官员有何建议，“对方答案一如预期，就是‘依照计划打下飞机’，于是我说：‘那就依你们的计划吧。’”</p><p>普京回忆说，即使已到达开幕式会场，当时在差不多“5到7分钟”的时间之内，他无法告诉任何外国达官显要或官员发生了何事。所幸，他终于又接到第二通电话，“同一名官员说，确认只是乘客喝醉胡闹，飞机很快会如期降落在伊斯坦布尔”。</p>', '<p>日前，俄罗斯总统普京在其同名传记纪录片中自曝一段秘事：2014年索契冬奥开幕式期间，他曾下令战机击落一架疑遭劫持以攻击冬奥的客机，所幸后来证实劫机通报只是“乌龙”。</p><p>据今日俄罗斯(RT)3月11日报道，普京在同名传记纪录片《普京》中，首度曝光这段他所谓的“敏感机密故事”。</p><p>普京回忆，2014年2月7日，就在他准备动身前往冬奥开幕式场地菲施特奥林匹克体育场时，接到一通负责冬奥维安官员的电话。当时体育馆内有4万名观众、数千名选手及数十名多国领袖，正等着会向全球数十亿观众转播的开幕式登场。</p><p>这名官员告诉普京，一架由乌克兰飞往土耳其的飞机被劫持，劫机者声称他们在机上放了炸弹，下令班机转向索契，此外相关劫机信息非常有限。</p><p>据同在片中受访的俄罗斯联邦安全局局长博尔特尼科夫称，当时俄军多架战机紧急升空。</p><p>普京告诉采访者，他问了负责维安的官员有何建议，“对方答案一如预期，就是‘依照计划打下飞机’，于是我说：‘那就依你们的计划吧。’”</p><p>普京回忆说，即使已到达开幕式会场，当时在差不多“5到7分钟”的时间之内，他无法告诉任何外国达官显要或官员发生了何事。所幸，他终于又接到第二通电话，“同一名官员说，确认只是乘客喝醉胡闹，飞机很快会如期降落在伊斯坦布尔”。</p>'),
(2, 2, 1, 1, 1520832932, 1998027543, 0, 0, 0, 0, '<p>参考消息网3月12日报道 外媒称，美国总统特朗普10日再次要求欧盟暂停对美国商品设置贸易壁垒，以便这些盟友获得豁免新钢铝关税的待遇。<br/></p><p>据法新社华盛顿3月11日报道，特朗普是在欧盟谈判代表和美国贸易代表罗伯特·莱特希泽在布鲁塞尔进行艰难对话后作出上述表态的。此次对话旨在消解贸易纠纷。许多人担心这场纠纷可能演变为一场全面的贸易战。</p><p>欧盟高级贸易官员说，美方没有就欧洲和日本如何获得豁免新钢铝关税待遇一事表明态度，谈判将在下周继续。</p><p>特朗普说：“那些美好的欧盟国家在贸易上以很糟糕的方式对待美国，它们还在抱怨钢铝关税。如果它们放弃对美国产品设置可怕的壁垒和关税，那么我们也会放弃我们的。贸易逆差很大。否则我们将对汽车产品征税。要公平！”</p><p>欧盟在对话后发布的一份声明中说：“作为美国长期的安全伙伴，（欧盟和日本）向莱特希泽代表强调，希望欧盟和日本对美出口产品能免于缴纳更高关税。”</p><p>在与莱特希泽谈判后，欧盟贸易委员塞西莉亚·马尔姆斯特伦通过推特发文表示：“美方尚未就具体的豁免程序表明态度，因此谈判将在下周继续。”</p><p>据德国《明镜》周刊网站3月10日报道，美国和欧盟仍未就美国总统特朗普对钢和铝征收的惩罚性关税的额外豁免事宜达成一致。欧盟贸易委员马尔姆斯特伦在布鲁塞尔与美国贸易代表莱特希泽会面后表示，迄今为止的会谈并未就美国征收惩罚性关税的具体细节立即进行明确澄清。对此莱特希泽未发表评论。</p><p>报道称，8日，特朗普总统签署法令，对进口钢和铝分别征收25%和10%的关税。美国的盟国以及其他国家的领导人对美国实施贸易保护主义措施感到沮丧，并且警告这会导致贸易战爆发。</p><p>马尔姆斯特伦在推特上写道：“作为美国的一个密切的安全和贸易伙伴，欧盟必须被排除在公布的措施之外。”</p><p>马尔姆斯特伦称，目前还不清楚美国如何确定哪些特定国家可以被排除在惩罚性关税以外的机制。美国已经宣布，将为墨西哥和加拿大制定更有利的惩罚性关税特别规定。</p><p>日前特朗普在与澳大利亚总理马尔科姆·特恩布尔通电话后在推特上宣布，不想对“伟大的澳大利亚国家”征收钢和铝关税。</p><p>日本经济产业大臣世耕弘成也参加了10日在布鲁塞尔举行的欧美谈判。他警告说，惩罚性关税可能会损害美国和日本之间的经济关系。</p><p>与此同时，特朗普与日本首相安倍晋三通了电话。特朗普又通过推特表示，两位领导人讨论了如何能为日本创造“更好”的贸易条件。但是，迄今为止，美国对日本的贸易赤字高达1000亿美元。这是“不公平”的。但是这位美国总统又在推特上称：“一切都会奏效！”</p>', '<p>参考消息网3月12日报道 外媒称，美国总统特朗普10日再次要求欧盟暂停对美国商品设置贸易壁垒，以便这些盟友获得豁免新钢铝关税的待遇。<br/></p><p>据法新社华盛顿3月11日报道，特朗普是在欧盟谈判代表和美国贸易代表罗伯特·莱特希泽在布鲁塞尔进行艰难对话后作出上述表态的。此次对话旨在消解贸易纠纷。许多人担心这场纠纷可能演变为一场全面的贸易战。</p><p>欧盟高级贸易官员说，美方没有就欧洲和日本如何获得豁免新钢铝关税待遇一事表明态度，谈判将在下周继续。</p><p>特朗普说：“那些美好的欧盟国家在贸易上以很糟糕的方式对待美国，它们还在抱怨钢铝关税。如果它们放弃对美国产品设置可怕的壁垒和关税，那么我们也会放弃我们的。贸易逆差很大。否则我们将对汽车产品征税。要公平！”</p><p>欧盟在对话后发布的一份声明中说：“作为美国长期的安全伙伴，（欧盟和日本）向莱特希泽代表强调，希望欧盟和日本对美出口产品能免于缴纳更高关税。”</p><p>在与莱特希泽谈判后，欧盟贸易委员塞西莉亚·马尔姆斯特伦通过推特发文表示：“美方尚未就具体的豁免程序表明态度，因此谈判将在下周继续。”</p><p>据德国《明镜》周刊网站3月10日报道，美国和欧盟仍未就美国总统特朗普对钢和铝征收的惩罚性关税的额外豁免事宜达成一致。欧盟贸易委员马尔姆斯特伦在布鲁塞尔与美国贸易代表莱特希泽会面后表示，迄今为止的会谈并未就美国征收惩罚性关税的具体细节立即进行明确澄清。对此莱特希泽未发表评论。</p><p>报道称，8日，特朗普总统签署法令，对进口钢和铝分别征收25%和10%的关税。美国的盟国以及其他国家的领导人对美国实施贸易保护主义措施感到沮丧，并且警告这会导致贸易战爆发。</p><p>马尔姆斯特伦在推特上写道：“作为美国的一个密切的安全和贸易伙伴，欧盟必须被排除在公布的措施之外。”</p><p>马尔姆斯特伦称，目前还不清楚美国如何确定哪些特定国家可以被排除在惩罚性关税以外的机制。美国已经宣布，将为墨西哥和加拿大制定更有利的惩罚性关税特别规定。</p><p>日前特朗普在与澳大利亚总理马尔科姆·特恩布尔通电话后在推特上宣布，不想对“伟大的澳大利亚国家”征收钢和铝关税。</p><p>日本经济产业大臣世耕弘成也参加了10日在布鲁塞尔举行的欧美谈判。他警告说，惩罚性关税可能会损害美国和日本之间的经济关系。</p><p>与此同时，特朗普与日本首相安倍晋三通了电话。特朗普又通过推特表示，两位领导人讨论了如何能为日本创造“更好”的贸易条件。但是，迄今为止，美国对日本的贸易赤字高达1000亿美元。这是“不公平”的。但是这位美国总统又在推特上称：“一切都会奏效！”</p>'),
(3, 3, 1, 1, 1520833046, 1998027543, 1, 0, 0, 0, '<p>据菲律宾Rappler网站11日报道，3月8日东盟防长非正式会议在新加坡举行，会后，东盟国家军方高层发表声明称希望南海和平。</p><p>菲律宾Interaksyon网站11日也报道称，菲律宾武装部队参谋长与其他9个东盟国家军方高层强烈同意“维护和促进南海和平与安全”的重要性，他们也强调“依照国际法和平解决南海争端”。</p><p>菲律宾武装部队11日的一份声明显示，东盟国家军方高层一致认为需要增强互信和信心，保持自我克制，避免可能使南海局势变得复杂的行动。</p><p>当前，在中国和地区国家的共同努力下，南海局势稳中向好。中国外交部发言人陆慷在2月28日的例行记者会表示，经协商,中国与东盟国家将于3月1日至2日在越南芽庄举行落实《南海各方行为宣言》第23次联合工作组会。这是联合工作组2018年度首次会议。根据会议安排，各方将就落实《宣言》、推进海上务实合作以及“南海行为准则”磋商等深入交换意见。</p><p>另外，东盟国家近期也表达了维护南海和平与稳定的意愿。据越南人民报网3月6日报道，越南国家主席陈大光于3月4日至6日对孟加拉国进行国事访问，访问结束后双方发表了联合声明。报道称，越孟双方强调了在国际法的基础上维护各海域和平稳定与安全，包括航行和航海自由与安全的重要性。双方重申，应在包括1982年《联合国海洋法公约》在内的国际法的基础上通过和平方式解决包括领土及海洋争端在内的国际争端。双方同意继续支持落实《南海各方行为宣言》，达成一个实质性的“南海行为准则”。</p><p>越南最近也与印度就南海问题发表了联合声明。据越通社3月4日报道，越南国家主席陈大光从3月2日至4日对印度进行国事访问，访问结束后双边发表了联合声明。报道称，印越双方强调在维护印度洋-太平洋和全世界和平、稳定和发展中保持合作，强调了绝对遵守国际法，尤其是1982年《联合国海洋法公约》、维护南海航行与飞越自由、全面尊重各法律和外交程序，本着国际法以和平方式解决争端，不使用武力或以武力相威胁等的必要性。在此精神上，双方支持全面和有效落实《南海各方行为宣言》（DOC）和尽早达成《南海行为准则》（COC）。</p><p>中国外交部长王毅8日上午在中国第十三届全国人大一次会议记者会上表示，新的一年里，中方将同东盟国家一起，抓住机遇，拓展合作，排除干扰，化解挑战，珍惜双方努力取得的成果，加快准则的磋商进程，积极探索构建南海沿岸国合作机制，共同把南海建设成和平之海、合作之海。</p>', '<p>据菲律宾Rappler网站11日报道，3月8日东盟防长非正式会议在新加坡举行，会后，东盟国家军方高层发表声明称希望南海和平。</p><p>菲律宾Interaksyon网站11日也报道称，菲律宾武装部队参谋长与其他9个东盟国家军方高层强烈同意“维护和促进南海和平与安全”的重要性，他们也强调“依照国际法和平解决南海争端”。</p><p>菲律宾武装部队11日的一份声明显示，东盟国家军方高层一致认为需要增强互信和信心，保持自我克制，避免可能使南海局势变得复杂的行动。</p><p>当前，在中国和地区国家的共同努力下，南海局势稳中向好。中国外交部发言人陆慷在2月28日的例行记者会表示，经协商,中国与东盟国家将于3月1日至2日在越南芽庄举行落实《南海各方行为宣言》第23次联合工作组会。这是联合工作组2018年度首次会议。根据会议安排，各方将就落实《宣言》、推进海上务实合作以及“南海行为准则”磋商等深入交换意见。</p><p>另外，东盟国家近期也表达了维护南海和平与稳定的意愿。据越南人民报网3月6日报道，越南国家主席陈大光于3月4日至6日对孟加拉国进行国事访问，访问结束后双方发表了联合声明。报道称，越孟双方强调了在国际法的基础上维护各海域和平稳定与安全，包括航行和航海自由与安全的重要性。双方重申，应在包括1982年《联合国海洋法公约》在内的国际法的基础上通过和平方式解决包括领土及海洋争端在内的国际争端。双方同意继续支持落实《南海各方行为宣言》，达成一个实质性的“南海行为准则”。</p><p>越南最近也与印度就南海问题发表了联合声明。据越通社3月4日报道，越南国家主席陈大光从3月2日至4日对印度进行国事访问，访问结束后双边发表了联合声明。报道称，印越双方强调在维护印度洋-太平洋和全世界和平、稳定和发展中保持合作，强调了绝对遵守国际法，尤其是1982年《联合国海洋法公约》、维护南海航行与飞越自由、全面尊重各法律和外交程序，本着国际法以和平方式解决争端，不使用武力或以武力相威胁等的必要性。在此精神上，双方支持全面和有效落实《南海各方行为宣言》（DOC）和尽早达成《南海行为准则》（COC）。</p><p>中国外交部长王毅8日上午在中国第十三届全国人大一次会议记者会上表示，新的一年里，中方将同东盟国家一起，抓住机遇，拓展合作，排除干扰，化解挑战，珍惜双方努力取得的成果，加快准则的磋商进程，积极探索构建南海沿岸国合作机制，共同把南海建设成和平之海、合作之海。</p>'),
(4, 4, 1, 1, 1520833157, 1998027543, 1, 0, 0, 0, '<p>当地时间3月1日，俄罗斯总统普京在莫斯科发表2018年度国情咨文。这是普京本届任期内的最后一次国情咨文。</p><p>中新网3月12日电 据俄罗斯卫星网报道，全俄社会舆论研究中心的民调结果显示，69%的俄罗斯人准备投票给现任总统普京，其次是总统候选人――俄共推举的格鲁季宁，获得7%受访者的支持。位居第三的是自民党主席日里诺夫斯基，获得5%受访者支持。预计投票率在63%至67%区间内。</p><p>俄罗斯政治学家格列布?库兹涅佐夫表示，全俄社会舆论研究中心的民调结果显示，俄罗斯人并没有对总统选举和政治失去兴趣。而且民调结果有很大可能与3月18日当天选举结果相符合。</p><p>库兹涅佐夫说：“我注意到，预计的投票率在上升。就是说参加选举的选民人数和历届总统选举一样，超过60%，甚至可能突破65%。这意味着，所谓人们对政治冷淡的说法与事实不符”。</p><p>2018年3月5至7日以及9日，全俄社会舆论中心与卫星通讯社联合进行了这一民意调查，年龄18岁以上的4000名受访者接受调查，统计误差不超过1.6%。</p><p>俄罗斯将于3月18日举行总统选举，共有8名候选人竞选：独立参选的俄罗斯现任总统普京、俄共推举的格鲁季宁、俄自民党主席日里诺夫斯基、亚博卢党创始人亚夫林斯基、俄增长党主席季托夫、俄公民倡议党推举的电视主持人索布恰克、俄全民联盟党候选人巴布林和俄共产党人党提名的苏拉伊金。</p>', '<p>当地时间3月1日，俄罗斯总统普京在莫斯科发表2018年度国情咨文。这是普京本届任期内的最后一次国情咨文。</p><p>中新网3月12日电 据俄罗斯卫星网报道，全俄社会舆论研究中心的民调结果显示，69%的俄罗斯人准备投票给现任总统普京，其次是总统候选人――俄共推举的格鲁季宁，获得7%受访者的支持。位居第三的是自民党主席日里诺夫斯基，获得5%受访者支持。预计投票率在63%至67%区间内。</p><p>俄罗斯政治学家格列布?库兹涅佐夫表示，全俄社会舆论研究中心的民调结果显示，俄罗斯人并没有对总统选举和政治失去兴趣。而且民调结果有很大可能与3月18日当天选举结果相符合。</p><p>库兹涅佐夫说：“我注意到，预计的投票率在上升。就是说参加选举的选民人数和历届总统选举一样，超过60%，甚至可能突破65%。这意味着，所谓人们对政治冷淡的说法与事实不符”。</p><p>2018年3月5至7日以及9日，全俄社会舆论中心与卫星通讯社联合进行了这一民意调查，年龄18岁以上的4000名受访者接受调查，统计误差不超过1.6%。</p><p>俄罗斯将于3月18日举行总统选举，共有8名候选人竞选：独立参选的俄罗斯现任总统普京、俄共推举的格鲁季宁、俄自民党主席日里诺夫斯基、亚博卢党创始人亚夫林斯基、俄增长党主席季托夫、俄公民倡议党推举的电视主持人索布恰克、俄全民联盟党候选人巴布林和俄共产党人党提名的苏拉伊金。</p>'),
(5, 5, 1, 1, 1520833570, 1998027543, 1, 0, 0, 0, '<p>【环球网综合报道】据《澳大利亚金融评论报》11日报道，澳国防部已禁止员工在工作手机上下载中国应用程序微信。这进一步凸显澳担心中国的“间谍活动”。<br/></p><p>“国防部不提供或支持在国防部的移动设备上使用未经授权的软件，包括微信。”澳国防部的一名发言人称。此外，该部门表示，允许有限使用脸书，对通信应用WhatsApp正进行“安全评估”。</p><p>一名据称与联邦政府有联系的澳网络安全专家表示，对微信的担心并非仅限于它与中国政府的密切关系，也与其用户数据可能被“利用”有关，“他们(国防部)认为像微信这样的应用软件具有更高的收集和监控数据的能力”。</p><p>报道称，与澳国防部有业务往来的企业尚未禁用微信。两家专业服务企业表示，员工在与中国客户打交道时经常使用微信。</p><p>《澳大利亚金融评论报》认为，澳军方禁用微信是澳美等国以国家安全为由反对中企投资的行为之一。</p>', '<p>【环球网综合报道】据《澳大利亚金融评论报》11日报道，澳国防部已禁止员工在工作手机上下载中国应用程序微信。这进一步凸显澳担心中国的“间谍活动”。<br/></p><p>“国防部不提供或支持在国防部的移动设备上使用未经授权的软件，包括微信。”澳国防部的一名发言人称。此外，该部门表示，允许有限使用脸书，对通信应用WhatsApp正进行“安全评估”。</p><p>一名据称与联邦政府有联系的澳网络安全专家表示，对微信的担心并非仅限于它与中国政府的密切关系，也与其用户数据可能被“利用”有关，“他们(国防部)认为像微信这样的应用软件具有更高的收集和监控数据的能力”。</p><p>报道称，与澳国防部有业务往来的企业尚未禁用微信。两家专业服务企业表示，员工在与中国客户打交道时经常使用微信。</p><p>《澳大利亚金融评论报》认为，澳军方禁用微信是澳美等国以国家安全为由反对中企投资的行为之一。</p>'),
(6, 6, 1, 1, 1520833701, 1998027543, 1, 0, 0, 0, '<p>中新网3月12日电 韩国前总统朴槿惠下台一年，3月16日韩国法院将对朴槿惠涉嫌国情院受贿和违反公职选举法案进行一审宣判。现如今，她身后曾经的亲信们如今处境如何？</p><p>据报道，在朴槿惠原属政党中，与朴槿惠关系密切的议员中如今有人退党，另投他门，有人坚持在党内，却被安排在没有实权的虚职上，再难接近权力的中心。</p><p>同时，在朴槿惠政府时期，部分青瓦台掌权者们都已入狱。前青瓦台民政首席秘书禹柄宇因在亲信干政事件中滥用职权，一审被判处2年6个月的监禁。前秘书室长金淇春因打造文艺界黑名单等罪名，被判4年有期徒刑。</p><p>据悉，前青瓦台文化体育观光部长官赵允旋曾在2012年韩国总统大选时，担任候选人朴槿惠的发言人，后又历任女性家族部长官、青瓦台政务首席秘书及文化体育观光部长官。但赵允旋因卷入亲信干政事件，目前正在服刑。</p><p>被称为朴槿惠 “门环三人帮”的青瓦台前附属秘书郑虎成、前总务秘书李在晚及青瓦台前国政宣传秘书安丰根目前也被羁押，等待一审宣判。</p><p>此外，2014年担任前青瓦台经济首席、2015年担任政策调整首席秘书的安钟范也没能逃过牢狱之灾，因滥用职权、妨碍公务等，一审被判有期徒刑6年，罚款1亿韩元。</p><p><br/></p>', '<p>中新网3月12日电 韩国前总统朴槿惠下台一年，3月16日韩国法院将对朴槿惠涉嫌国情院受贿和违反公职选举法案进行一审宣判。现如今，她身后曾经的亲信们如今处境如何？</p><p>据报道，在朴槿惠原属政党中，与朴槿惠关系密切的议员中如今有人退党，另投他门，有人坚持在党内，却被安排在没有实权的虚职上，再难接近权力的中心。</p><p>同时，在朴槿惠政府时期，部分青瓦台掌权者们都已入狱。前青瓦台民政首席秘书禹柄宇因在亲信干政事件中滥用职权，一审被判处2年6个月的监禁。前秘书室长金淇春因打造文艺界黑名单等罪名，被判4年有期徒刑。</p><p>据悉，前青瓦台文化体育观光部长官赵允旋曾在2012年韩国总统大选时，担任候选人朴槿惠的发言人，后又历任女性家族部长官、青瓦台政务首席秘书及文化体育观光部长官。但赵允旋因卷入亲信干政事件，目前正在服刑。</p><p>被称为朴槿惠 “门环三人帮”的青瓦台前附属秘书郑虎成、前总务秘书李在晚及青瓦台前国政宣传秘书安丰根目前也被羁押，等待一审宣判。</p><p>此外，2014年担任前青瓦台经济首席、2015年担任政策调整首席秘书的安钟范也没能逃过牢狱之灾，因滥用职权、妨碍公务等，一审被判有期徒刑6年，罚款1亿韩元。</p><p><br/></p>'),
(7, 7, 1, 1, 1520834224, 1998027543, 0, 0, 0, 0, '<p>据悉，同意该计划的无党派现任市长中山义隆(50岁，自民、公明两党和日本维新会推荐)击败均为无党派新人的前市议会议员宫良操(61岁，民进、共产、自由、社民和冲绳社会大众各党推荐)和前县议会议员砂川利胜(54岁)第三次当选。</p><p>此前，日本防卫省计划在石垣岛部署500至600人规模的警备部队和地对空及地对舰导弹部队，以“保卫”日本南西诸岛。</p><p>中山以“安全保障是国家的专权事项”为由，对上述计划持同意的态度，部署动向或将加速。</p>', '<p>据悉，同意该计划的无党派现任市长中山义隆(50岁，自民、公明两党和日本维新会推荐)击败均为无党派新人的前市议会议员宫良操(61岁，民进、共产、自由、社民和冲绳社会大众各党推荐)和前县议会议员砂川利胜(54岁)第三次当选。</p><p>此前，日本防卫省计划在石垣岛部署500至600人规模的警备部队和地对空及地对舰导弹部队，以“保卫”日本南西诸岛。</p><p>中山以“安全保障是国家的专权事项”为由，对上述计划持同意的态度，部署动向或将加速。</p>'),
(8, 8, 1, 1, 1520834321, 1998027543, 1, 0, 0, 0, '<p>马蒂斯11日前往安曼途中告诉随行记者团，作为国防部长，他暂时不谈论涉朝议题，而交由外交部门处理。</p><p>“我完全不想谈论与朝鲜相关事务，我将把这个议题留给负责这些事的人。”路透社援引马蒂斯的话报道，“它如此敏感。当你处在这个位子上，(言论)引发误解的可能性非常高。”</p><p>“眼下，每一个词都微妙，在不同文化中、一天的不同时段中、不同的上下文中都会有不同解读。”</p><p>朝鲜半岛局势近来显现重大转折。韩国特使团本月先后访问朝鲜和美国，向美方转达朝鲜最高领导人金正恩希望与美国总统唐纳德?特朗普会面的意愿，后者同意5月底前会面。</p><p>这将是美国在任总统与朝鲜最高领导人首次会面。</p><p>就这次会面，美方在坚持既有立场的同时释放缓和信号。</p><p>白宫发言人莎拉·桑德斯说，会面时间和地点尚未确定，朝方作出一系列承诺，包括放弃核计划、停止核和导弹试验。只有朝方采取“切实、可核实”的行动后，特朗普才会与金正恩会面。而且，美方将继续保持制裁和“极限施压”政策。</p><p>特朗普10日在为一名共和党籍众议员竞选人拉票时说，即使与金正恩会面，不确定会有何种结果。“谁知道会怎么样。也许我会很快就离开，也许我们能坐下来，为世界达成一份最棒的协议。”</p><p>当特朗普提到金正恩时，听众发出嘘声，特朗普劝止。“别这样。这是非常积极的事……因为我们要看看会发生什么，”他说，“我认为，他们想讲和。我认为，现在正是时候。”</p><p>当天稍早，特朗普在推特上写道：“朝鲜2017年11月28日以来没有试射过导弹，而且承诺在与我们的会面期间也不会这样做。我相信他们将言而有信。”</p><p>美国财政部长史蒂文·姆努钦11日接受美国全国广播公司采访，重申美方立场，特朗普与金正恩会面的条件是朝方停止核和导弹试验，会面的最终目标是实现朝鲜半岛无核化。</p><p>姆努钦同时表示，他对实现会面有信心。</p><p><br/></p>', '<p>马蒂斯11日前往安曼途中告诉随行记者团，作为国防部长，他暂时不谈论涉朝议题，而交由外交部门处理。</p><p>“我完全不想谈论与朝鲜相关事务，我将把这个议题留给负责这些事的人。”路透社援引马蒂斯的话报道，“它如此敏感。当你处在这个位子上，(言论)引发误解的可能性非常高。”</p><p>“眼下，每一个词都微妙，在不同文化中、一天的不同时段中、不同的上下文中都会有不同解读。”</p><p>朝鲜半岛局势近来显现重大转折。韩国特使团本月先后访问朝鲜和美国，向美方转达朝鲜最高领导人金正恩希望与美国总统唐纳德?特朗普会面的意愿，后者同意5月底前会面。</p><p>这将是美国在任总统与朝鲜最高领导人首次会面。</p><p>就这次会面，美方在坚持既有立场的同时释放缓和信号。</p><p>白宫发言人莎拉·桑德斯说，会面时间和地点尚未确定，朝方作出一系列承诺，包括放弃核计划、停止核和导弹试验。只有朝方采取“切实、可核实”的行动后，特朗普才会与金正恩会面。而且，美方将继续保持制裁和“极限施压”政策。</p><p>特朗普10日在为一名共和党籍众议员竞选人拉票时说，即使与金正恩会面，不确定会有何种结果。“谁知道会怎么样。也许我会很快就离开，也许我们能坐下来，为世界达成一份最棒的协议。”</p><p>当特朗普提到金正恩时，听众发出嘘声，特朗普劝止。“别这样。这是非常积极的事……因为我们要看看会发生什么，”他说，“我认为，他们想讲和。我认为，现在正是时候。”</p><p>当天稍早，特朗普在推特上写道：“朝鲜2017年11月28日以来没有试射过导弹，而且承诺在与我们的会面期间也不会这样做。我相信他们将言而有信。”</p><p>美国财政部长史蒂文·姆努钦11日接受美国全国广播公司采访，重申美方立场，特朗普与金正恩会面的条件是朝方停止核和导弹试验，会面的最终目标是实现朝鲜半岛无核化。</p><p>姆努钦同时表示，他对实现会面有信心。</p><p><br/></p>'),
(9, 9, 1, 1, 1520834422, 1998027543, 0, 0, 0, 0, '<p style=\"margin-top: 32px; margin-bottom: 0px; padding: 0px; font-size: 18px; text-indent: 2em; font-stretch: normal; line-height: 32px; font-family: &quot;Microsoft Yahei&quot;; color: rgb(64, 64, 64); text-align: justify;\">海外网3月12日电 众所周知，72岁的美国总统特朗普热衷于使用社交平台推特（twitter），是一个十足的“社交达人”。而和特朗普相比，65岁的俄罗斯总统普京似乎更加保守，近日普京在接受采访时透露，他不关注美国总统特朗普的推特，同时他还表示自己从不在推特上发文。</p><p style=\"margin-top: 32px; margin-bottom: 0px; padding: 0px; font-size: 18px; text-indent: 2em; font-stretch: normal; line-height: 32px; font-family: &quot;Microsoft Yahei&quot;; color: rgb(64, 64, 64); text-align: justify;\">据今日俄罗斯电视台报道，日前，普京接受了美国全国广播公司（NBC）记者梅根·凯利（Megyn Kelly）的采访，当被问道“是否会关注美国总统特朗普在推特上发布的内容”时，普京予以否认并表示，自己从不用推特发文。</p><p class=\"f_center\" style=\"margin-top: 32px; margin-bottom: 0px; padding: 0px; font-size: 18px; font-stretch: normal; line-height: 32px; font-family: &quot;Microsoft Yahei&quot;; color: rgb(64, 64, 64); text-align: center;\"><img alt=\"普京:我从不用推特发文 不关注特朗普发了些啥\" src=\"http://cms-bucket.nosdn.127.net/catchpic/d/dc/dcad6f989b74e090623b7b4750a2a0c5.jpg?imageView&thumbnail=550x0\" id=\"netease1520818851199373\" style=\"border-width: 0px; border-style: initial; border-color: initial; margin: 0px auto; display: block;\"/>普京接受NBC记者梅根·凯利采访。（图片来源：今日俄罗斯）</p><p style=\"margin-top: 32px; margin-bottom: 0px; padding: 0px; font-size: 18px; text-indent: 2em; font-stretch: normal; line-height: 32px; font-family: &quot;Microsoft Yahei&quot;; color: rgb(64, 64, 64); text-align: justify;\">“我有其他的方式来表达我的观点，或做出决定。不过，特朗普确实是一个更现代的人”普京说道。</p><p style=\"margin-top: 32px; margin-bottom: 0px; padding: 0px; font-size: 18px; text-indent: 2em; font-stretch: normal; line-height: 32px; font-family: &quot;Microsoft Yahei&quot;; color: rgb(64, 64, 64); text-align: justify;\">采访期间，普京也毫不吝啬地称赞美国总统特朗普富有“领导人潜质”，因为特朗普“会对自己做出的决定负责”。</p><p class=\"f_center\" style=\"margin-top: 32px; margin-bottom: 0px; padding: 0px; font-size: 18px; font-stretch: normal; line-height: 32px; font-family: &quot;Microsoft Yahei&quot;; color: rgb(64, 64, 64); text-align: center;\"><img alt=\"普京:我从不用推特发文 不关注特朗普发了些啥\" src=\"http://cms-bucket.nosdn.127.net/catchpic/6/60/600bcaffde7fa27e6e3ca19c15ff6d2f.jpg?imageView&thumbnail=550x0\" id=\"netease1520818851199175\" style=\"border-width: 0px; border-style: initial; border-color: initial; margin: 0px auto; display: block;\"/></p><p style=\"margin-top: 32px; margin-bottom: 0px; padding: 0px; font-size: 18px; text-indent: 2em; font-stretch: normal; line-height: 32px; font-family: &quot;Microsoft Yahei&quot;; color: rgb(64, 64, 64); text-align: justify;\"></p><p style=\"margin-top: 32px; margin-bottom: 0px; padding: 0px; font-size: 18px; text-indent: 2em; font-stretch: normal; line-height: 32px; font-family: &quot;Microsoft Yahei&quot;; color: rgb(64, 64, 64); text-align: justify;\">普京表示，尽管因乌克兰危机、叙利亚战争以及俄罗斯干预2016年美国大选的指控，莫斯科与华盛顿之间的关系恶化，但这些指控终将会无果而终。他同时指出，特朗普也意识到了这一点。</p><p style=\"margin-top: 32px; margin-bottom: 0px; padding: 0px; font-size: 18px; text-indent: 2em; font-stretch: normal; line-height: 32px; font-family: &quot;Microsoft Yahei&quot;; color: rgb(64, 64, 64); text-align: justify;\">普京说：“尽管现在是特朗普的第一届总统任期，但他学得很快，他非常清楚，在我们这个级别上的人互相指责或侮辱是一条行不通的路。”“这将意味着剥夺我们两国进行对话的最后机会，机会仅此一次，那将是非常不幸的。”</p>', '<p style=\"margin-top: 32px; margin-bottom: 0px; padding: 0px; font-size: 18px; text-indent: 2em; font-stretch: normal; line-height: 32px; font-family: &quot;Microsoft Yahei&quot;; color: rgb(64, 64, 64); text-align: justify;\">海外网3月12日电 众所周知，72岁的美国总统特朗普热衷于使用社交平台推特（twitter），是一个十足的“社交达人”。而和特朗普相比，65岁的俄罗斯总统普京似乎更加保守，近日普京在接受采访时透露，他不关注美国总统特朗普的推特，同时他还表示自己从不在推特上发文。</p><p style=\"margin-top: 32px; margin-bottom: 0px; padding: 0px; font-size: 18px; text-indent: 2em; font-stretch: normal; line-height: 32px; font-family: &quot;Microsoft Yahei&quot;; color: rgb(64, 64, 64); text-align: justify;\">据今日俄罗斯电视台报道，日前，普京接受了美国全国广播公司（NBC）记者梅根·凯利（Megyn Kelly）的采访，当被问道“是否会关注美国总统特朗普在推特上发布的内容”时，普京予以否认并表示，自己从不用推特发文。</p><p class=\"f_center\" style=\"margin-top: 32px; margin-bottom: 0px; padding: 0px; font-size: 18px; font-stretch: normal; line-height: 32px; font-family: &quot;Microsoft Yahei&quot;; color: rgb(64, 64, 64); text-align: center;\"><img alt=\"普京:我从不用推特发文 不关注特朗普发了些啥\" src=\"http://cms-bucket.nosdn.127.net/catchpic/d/dc/dcad6f989b74e090623b7b4750a2a0c5.jpg?imageView&thumbnail=550x0\" id=\"netease1520818851199373\" style=\"border-width: 0px; border-style: initial; border-color: initial; margin: 0px auto; display: block;\"/>普京接受NBC记者梅根·凯利采访。（图片来源：今日俄罗斯）</p><p style=\"margin-top: 32px; margin-bottom: 0px; padding: 0px; font-size: 18px; text-indent: 2em; font-stretch: normal; line-height: 32px; font-family: &quot;Microsoft Yahei&quot;; color: rgb(64, 64, 64); text-align: justify;\">“我有其他的方式来表达我的观点，或做出决定。不过，特朗普确实是一个更现代的人”普京说道。</p><p style=\"margin-top: 32px; margin-bottom: 0px; padding: 0px; font-size: 18px; text-indent: 2em; font-stretch: normal; line-height: 32px; font-family: &quot;Microsoft Yahei&quot;; color: rgb(64, 64, 64); text-align: justify;\">采访期间，普京也毫不吝啬地称赞美国总统特朗普富有“领导人潜质”，因为特朗普“会对自己做出的决定负责”。</p><p class=\"f_center\" style=\"margin-top: 32px; margin-bottom: 0px; padding: 0px; font-size: 18px; font-stretch: normal; line-height: 32px; font-family: &quot;Microsoft Yahei&quot;; color: rgb(64, 64, 64); text-align: center;\"><img alt=\"普京:我从不用推特发文 不关注特朗普发了些啥\" src=\"http://cms-bucket.nosdn.127.net/catchpic/6/60/600bcaffde7fa27e6e3ca19c15ff6d2f.jpg?imageView&thumbnail=550x0\" id=\"netease1520818851199175\" style=\"border-width: 0px; border-style: initial; border-color: initial; margin: 0px auto; display: block;\"/></p><p style=\"margin-top: 32px; margin-bottom: 0px; padding: 0px; font-size: 18px; text-indent: 2em; font-stretch: normal; line-height: 32px; font-family: &quot;Microsoft Yahei&quot;; color: rgb(64, 64, 64); text-align: justify;\"></p><p style=\"margin-top: 32px; margin-bottom: 0px; padding: 0px; font-size: 18px; text-indent: 2em; font-stretch: normal; line-height: 32px; font-family: &quot;Microsoft Yahei&quot;; color: rgb(64, 64, 64); text-align: justify;\">普京表示，尽管因乌克兰危机、叙利亚战争以及俄罗斯干预2016年美国大选的指控，莫斯科与华盛顿之间的关系恶化，但这些指控终将会无果而终。他同时指出，特朗普也意识到了这一点。</p><p style=\"margin-top: 32px; margin-bottom: 0px; padding: 0px; font-size: 18px; text-indent: 2em; font-stretch: normal; line-height: 32px; font-family: &quot;Microsoft Yahei&quot;; color: rgb(64, 64, 64); text-align: justify;\">普京说：“尽管现在是特朗普的第一届总统任期，但他学得很快，他非常清楚，在我们这个级别上的人互相指责或侮辱是一条行不通的路。”“这将意味着剥夺我们两国进行对话的最后机会，机会仅此一次，那将是非常不幸的。”</p>'),
(10, 10, 1, 1, 1520837087, 1998027543, 0, 0, 0, 0, '<p>海外网3月12日电 俄罗斯总统普京11日表示，不论在任何情况下，他都拒绝把克里米亚归还给乌克兰。</p><p>据香港01报道，普京11日在拍摄纪录片时接受记者提问，被问到在什么情况下才会放弃克里米亚，普京立刻回答：“什么？你疯了吗？这个选项（放弃克里米亚）从来不存在，将来也不会出现。”</p><p>2014年乌克兰政局动荡不安，克里姆林宫政府在普京领导下，对乌克兰军事干预。同年3月18日，克里米亚举行公投，结果显示民众支持独立并加入俄罗斯。乌克兰指控俄罗斯干预公投，因此不承认结果，俄罗斯坚持清白，西方国家则因此对俄实施制裁。</p><p>2018年俄罗斯大选将于3月18日举行，这一天同时还是克里米亚正式签署条约“入俄”的四周年纪念日，也是克里米亚地区第一次迎来俄罗斯大选。</p><p>据消息人士透露，3月18日俄罗斯大选当日普京可能会打破在莫斯科投票的一贯做法，选择在克里米亚投票。</p><p>据俄罗斯最新民调显示，以独立身份参选的普京目前支持率达69.7%，远远超过其他对手。</p>', '<p>海外网3月12日电 俄罗斯总统普京11日表示，不论在任何情况下，他都拒绝把克里米亚归还给乌克兰。</p><p>据香港01报道，普京11日在拍摄纪录片时接受记者提问，被问到在什么情况下才会放弃克里米亚，普京立刻回答：“什么？你疯了吗？这个选项（放弃克里米亚）从来不存在，将来也不会出现。”</p><p>2014年乌克兰政局动荡不安，克里姆林宫政府在普京领导下，对乌克兰军事干预。同年3月18日，克里米亚举行公投，结果显示民众支持独立并加入俄罗斯。乌克兰指控俄罗斯干预公投，因此不承认结果，俄罗斯坚持清白，西方国家则因此对俄实施制裁。</p><p>2018年俄罗斯大选将于3月18日举行，这一天同时还是克里米亚正式签署条约“入俄”的四周年纪念日，也是克里米亚地区第一次迎来俄罗斯大选。</p><p>据消息人士透露，3月18日俄罗斯大选当日普京可能会打破在莫斯科投票的一贯做法，选择在克里米亚投票。</p><p>据俄罗斯最新民调显示，以独立身份参选的普京目前支持率达69.7%，远远超过其他对手。</p>'),
(11, 11, 1, 1, 1520837308, 2362247454, 1, 0, 0, 0, '<p>美国与朝鲜同意双方领导人会面后，美国国防部长詹姆斯·马蒂斯说，他将暂时停止就涉及朝鲜的议题发表言论，理由是“太敏感”。</p><p>马蒂斯11日前往安曼途中告诉随行记者团，作为国防部长，他暂时不谈论涉朝议题，而交由外交部门处理。</p><p>“我完全不想谈论与朝鲜相关事务，我将把这个议题留给负责这些事的人。”路透社援引马蒂斯的话报道，“它如此敏感。当你处在这个位子上，(言论)引发误解的可能性非常高。”</p><p>“眼下，每一个词都微妙，在不同文化中、一天的不同时段中、不同的上下文中都会有不同解读。”</p><p>朝鲜半岛局势近来显现重大转折。韩国特使团本月先后访问朝鲜和美国，向美方转达朝鲜最高领导人金正恩希望与美国总统唐纳德·特朗普会面的意愿，后者同意5月底前会面。</p><p>这将是美国在任总统与朝鲜最高领导人首次会面。</p><p>就这次会面，美方在坚持既有立场的同时释放缓和信号。</p><p>白宫发言人莎拉·桑德斯说，会面时间和地点尚未确定，朝方作出一系列承诺，包括放弃核计划、停止核和导弹试验。只有朝方采取“切实、可核实”的行动后，特朗普才会与金正恩会面。而且，美方将继续保持制裁和“极限施压”政策。</p><p>特朗普10日在为一名共和党籍众议员竞选人拉票时说，即使与金正恩会面，不确定会有何种结果。“谁知道会怎么样。也许我会很快就离开，也许我们能坐下来，为世界达成一份最棒的协议。”</p><p>当特朗普提到金正恩时，听众发出嘘声，特朗普劝止。“别这样。这是非常积极的事……因为我们要看看会发生什么，”他说，“我认为，他们想讲和。我认为，现在正是时候。”</p><p>当天稍早，特朗普在推特上写道：“朝鲜2017年11月28日以来没有试射过导弹，而且承诺在与我们的会面期间也不会这样做。我相信他们将言而有信。”</p><p>美国财政部长史蒂文·姆努钦11日接受美国全国广播公司采访，重申美方立场，特朗普与金正恩会面的条件是朝方停止核和导弹试验，会面的最终目标是实现朝鲜半岛无核化。</p><p>姆努钦同时表示，他对实现会面有信心。</p><p><br/></p>', '<p>美国与朝鲜同意双方领导人会面后，美国国防部长詹姆斯·马蒂斯说，他将暂时停止就涉及朝鲜的议题发表言论，理由是“太敏感”。</p><p>马蒂斯11日前往安曼途中告诉随行记者团，作为国防部长，他暂时不谈论涉朝议题，而交由外交部门处理。</p><p>“我完全不想谈论与朝鲜相关事务，我将把这个议题留给负责这些事的人。”路透社援引马蒂斯的话报道，“它如此敏感。当你处在这个位子上，(言论)引发误解的可能性非常高。”</p><p>“眼下，每一个词都微妙，在不同文化中、一天的不同时段中、不同的上下文中都会有不同解读。”</p><p>朝鲜半岛局势近来显现重大转折。韩国特使团本月先后访问朝鲜和美国，向美方转达朝鲜最高领导人金正恩希望与美国总统唐纳德·特朗普会面的意愿，后者同意5月底前会面。</p><p>这将是美国在任总统与朝鲜最高领导人首次会面。</p><p>就这次会面，美方在坚持既有立场的同时释放缓和信号。</p><p>白宫发言人莎拉·桑德斯说，会面时间和地点尚未确定，朝方作出一系列承诺，包括放弃核计划、停止核和导弹试验。只有朝方采取“切实、可核实”的行动后，特朗普才会与金正恩会面。而且，美方将继续保持制裁和“极限施压”政策。</p><p>特朗普10日在为一名共和党籍众议员竞选人拉票时说，即使与金正恩会面，不确定会有何种结果。“谁知道会怎么样。也许我会很快就离开，也许我们能坐下来，为世界达成一份最棒的协议。”</p><p>当特朗普提到金正恩时，听众发出嘘声，特朗普劝止。“别这样。这是非常积极的事……因为我们要看看会发生什么，”他说，“我认为，他们想讲和。我认为，现在正是时候。”</p><p>当天稍早，特朗普在推特上写道：“朝鲜2017年11月28日以来没有试射过导弹，而且承诺在与我们的会面期间也不会这样做。我相信他们将言而有信。”</p><p>美国财政部长史蒂文·姆努钦11日接受美国全国广播公司采访，重申美方立场，特朗普与金正恩会面的条件是朝方停止核和导弹试验，会面的最终目标是实现朝鲜半岛无核化。</p><p>姆努钦同时表示，他对实现会面有信心。</p><p><br/></p>');
INSERT INTO `bbs_post` (`tid`, `pid`, `uid`, `isfirst`, `create_date`, `userip`, `images`, `files`, `doctype`, `quotepid`, `message`, `message_fmt`) VALUES
(12, 12, 1, 1, 1520837407, 2362247454, 1, 0, 0, 0, '<p style=\"margin-top: 32px; margin-bottom: 0px; padding: 0px; font-size: 18px; text-indent: 2em; font-stretch: normal; line-height: 32px; font-family: &quot;Microsoft Yahei&quot;; color: rgb(64, 64, 64); text-align: justify;\">文莱（Brunei）对很多人来说，可能是个极其陌生的东南亚小国。然而，这个石油比矿泉水便宜一半的神奇国度，正成为“21世纪海上丝路”的重要沿线国家。</p><p style=\"margin-top: 32px; margin-bottom: 0px; padding: 0px; font-size: 18px; text-indent: 2em; font-stretch: normal; line-height: 32px; font-family: &quot;Microsoft Yahei&quot;; color: rgb(64, 64, 64); text-align: justify;\">这个面积只有重庆市十四分之一大小的弹丸之地，一直以来都“富得流油”。</p><p style=\"margin-top: 32px; margin-bottom: 0px; padding: 0px; font-size: 18px; text-indent: 2em; font-stretch: normal; line-height: 32px; font-family: &quot;Microsoft Yahei&quot;; color: rgb(64, 64, 64); text-align: justify;\">在2012年，文莱人均GDP高达4.77万美元（约合人民币31万元），在除波斯湾以外的亚洲国家中排名第二，仅次于新加坡。</p><p class=\"f_center\" style=\"margin-top: 32px; margin-bottom: 0px; padding: 0px; font-size: 18px; font-stretch: normal; line-height: 32px; font-family: &quot;Microsoft Yahei&quot;; color: rgb(64, 64, 64); text-align: center;\"><img src=\"http://cms-bucket.nosdn.127.net/catchpic/4/49/49879b40e9d3427a8d0f02f9c80f6efb.jpg?imageView&thumbnail=550x0\" alt=\"▲数据来源：世界银行\" data-mcesrc=\"http://n.sinaimg.cn/translate/w554h306/20180312/-UgC-fyscsmu4930143.jpg\" data-mcestyle=\"max-width: 500px;\" data-mceselected=\"1\" style=\"vertical-align: top; border-width: 0px; border-style: none; border-color: initial; margin: 0px auto; padding: 0px; display: block; max-width: 640px;\"/>▲数据来源：世界银行</p><p style=\"margin-top: 32px; margin-bottom: 0px; padding: 0px; font-size: 18px; text-indent: 2em; font-stretch: normal; line-height: 32px; font-family: &quot;Microsoft Yahei&quot;; color: rgb(64, 64, 64); text-align: justify;\">然而最近几年，这个“东方石油王国”的日子却每况愈下。到了2016年，文莱人均GDP不足2.7万美元，比起四年前几乎“腰斩”。</p><p style=\"margin-top: 32px; margin-bottom: 0px; padding: 0px; font-size: 18px; text-indent: 2em; font-stretch: normal; line-height: 32px; font-family: &quot;Microsoft Yahei&quot;; color: rgb(64, 64, 64); text-align: justify;\">每经小编注意到，随着国际能源市场价格波动和石油储量降低，文莱GDP连续四年出现大幅负增长。而之前80年来在这里赚的盆满钵满的西方石油公司和金融机构，也逐渐撤出投资。</p><p class=\"f_center\" style=\"margin-top: 32px; margin-bottom: 0px; padding: 0px; font-size: 18px; font-stretch: normal; line-height: 32px; font-family: &quot;Microsoft Yahei&quot;; color: rgb(64, 64, 64); text-align: center;\"><img src=\"http://cms-bucket.nosdn.127.net/catchpic/0/04/04127a919ed6a362a7663ca667a76ce1.jpg?imageView&thumbnail=550x0\" alt=\"▲瑞士媒体报道文莱苏丹登基50周年庆典\" data-mcesrc=\"http://n.sinaimg.cn/translate/w554h443/20180312/DwBv-fyscsmu4930208.jpg\" data-mcestyle=\"max-width: 500px;\" data-mceselected=\"1\" style=\"vertical-align: top; border-width: 0px; border-style: none; border-color: initial; margin: 0px auto; padding: 0px; display: block; max-width: 640px;\"/>▲瑞士媒体报道文莱苏丹登基50周年庆典</p><p style=\"margin-top: 32px; margin-bottom: 0px; padding: 0px; font-size: 18px; text-indent: 2em; font-stretch: normal; line-height: 32px; font-family: &quot;Microsoft Yahei&quot;; color: rgb(64, 64, 64); text-align: justify;\">就在文莱急需外资帮助本国进行基础建设的时候，“雪中送炭”的中国人出现了。</p><p style=\"margin-top: 32px; margin-bottom: 0px; padding: 0px; font-size: 18px; text-indent: 2em; font-stretch: normal; line-height: 32px; font-family: &quot;Microsoft Yahei&quot;; color: rgb(64, 64, 64); text-align: justify;\">据路透社报道，文莱北部摩拉岛上，有数千名中国工人日以继夜地修建着炼油和石化工厂，还有一座将这个小岛与文莱首都斯里巴加湾市相连的大桥。</p><p style=\"margin-top: 32px; margin-bottom: 0px; padding: 0px; font-size: 18px; text-indent: 2em; font-stretch: normal; line-height: 32px; font-family: &quot;Microsoft Yahei&quot;; color: rgb(64, 64, 64); text-align: justify;\">这不仅仅是文莱历史上规模最大的外国投资工程，也是石油价格下跌后该国最急需的一个基建项目。</p><p style=\"margin-top: 32px; margin-bottom: 0px; padding: 0px; font-size: 18px; text-indent: 2em; font-stretch: normal; line-height: 32px; font-family: &quot;Microsoft Yahei&quot;; color: rgb(64, 64, 64); text-align: justify;\"><strong>中国力助文莱基建</strong></p><p style=\"margin-top: 32px; margin-bottom: 0px; padding: 0px; font-size: 18px; text-indent: 2em; font-stretch: normal; line-height: 32px; font-family: &quot;Microsoft Yahei&quot;; color: rgb(64, 64, 64); text-align: justify;\">每经小编注意到，文莱达鲁萨兰国坐落于婆罗洲岛（印尼称为“加里曼丹岛”）。这是全世界唯一一个由3个国家共享的岛屿。</p><p class=\"f_center\" style=\"margin-top: 32px; margin-bottom: 0px; padding: 0px; font-size: 18px; font-stretch: normal; line-height: 32px; font-family: &quot;Microsoft Yahei&quot;; color: rgb(64, 64, 64); text-align: center;\"><img src=\"http://cms-bucket.nosdn.127.net/catchpic/7/77/77edec896d734f73cf73d06de51ed878.jpg?imageView&thumbnail=550x0\" alt=\"▲图中绿色部分为文莱 （图片来源：维基百科共享页面）\" data-mcesrc=\"http://n.sinaimg.cn/translate/w554h616/20180312/rafR-fyscsmu4930239.jpg\" data-mcestyle=\"max-width: 500px;\" data-mceselected=\"1\" style=\"vertical-align: top; border-width: 0px; border-style: none; border-color: initial; margin: 0px auto; padding: 0px; display: block; max-width: 640px;\"/>▲图中绿色部分为文莱 （图片来源：维基百科共享页面）</p><p style=\"margin-top: 32px; margin-bottom: 0px; padding: 0px; font-size: 18px; text-indent: 2em; font-stretch: normal; line-height: 32px; font-family: &quot;Microsoft Yahei&quot;; color: rgb(64, 64, 64); text-align: justify;\">文莱坐落于该岛北部，周围为马来西亚的沙捞越和沙巴两洲领域。自古以来，马来人、华人、印尼人和印度裔均在这里生息定居，使得文莱成为一个多民族国家。</p><p style=\"margin-top: 32px; margin-bottom: 0px; padding: 0px; font-size: 18px; text-indent: 2em; font-stretch: normal; line-height: 32px; font-family: &quot;Microsoft Yahei&quot;; color: rgb(64, 64, 64); text-align: justify;\">虽然文莱国内的主体民族为马来裔（占66.3%），但华人是文莱第二大族群，占人口比例11.2%。</p><p class=\"f_center\" style=\"margin-top: 32px; margin-bottom: 0px; padding: 0px; font-size: 18px; font-stretch: normal; line-height: 32px; font-family: &quot;Microsoft Yahei&quot;; color: rgb(64, 64, 64); text-align: center;\"><img src=\"http://cms-bucket.nosdn.127.net/catchpic/9/9b/9b57d4e2060b83120f9089e9390812c1.jpg?imageView&thumbnail=550x0\" alt=\"▲文莱首都斯里巴加湾市的华人庙宇（图片来源：维基百科共享页面）\" data-mcesrc=\"http://n.sinaimg.cn/translate/w554h342/20180312/YB6n-fyscsmu4930289.jpg\" data-mcestyle=\"max-width: 500px;\" data-mceselected=\"1\" style=\"vertical-align: top; border-width: 0px; border-style: none; border-color: initial; margin: 0px auto; padding: 0px; display: block; max-width: 640px;\"/>▲文莱首都斯里巴加湾市的华人庙宇（图片来源：维基百科共享页面）</p><p style=\"margin-top: 32px; margin-bottom: 0px; padding: 0px; font-size: 18px; text-indent: 2em; font-stretch: normal; line-height: 32px; font-family: &quot;Microsoft Yahei&quot;; color: rgb(64, 64, 64); text-align: justify;\">据中国驻文莱大使馆经商参赞处的报告，自2014年国际油价暴跌后，文莱开始坚决推进经济转型战略，但由于自身产业基础落后，文莱非常需要外资投入。</p><p style=\"margin-top: 32px; margin-bottom: 0px; padding: 0px; font-size: 18px; text-indent: 2em; font-stretch: normal; line-height: 32px; font-family: &quot;Microsoft Yahei&quot;; color: rgb(64, 64, 64); text-align: justify;\">从2011年起，中国和文莱双边经贸往来迅速升温。据美国企业研究所的“中国全球投资追踪”数据，目前中国在文莱的投资总额约为41亿美元；相比之下，美国在文莱的投资总额仅为1.16亿美元。并且文莱作为“21世纪海上丝绸之路”的重要沿线国家，未来预计将会迎来更大规模的中方投资。</p><p style=\"margin-top: 32px; margin-bottom: 0px; padding: 0px; font-size: 18px; text-indent: 2em; font-stretch: normal; line-height: 32px; font-family: &quot;Microsoft Yahei&quot;; color: rgb(64, 64, 64); text-align: justify;\">每经小编注意到，位于浙江的恒逸石化在摩拉岛修建的炼油项目，是文莱自1984年取得独立以来规模最大的外国投资。</p><p style=\"margin-top: 32px; margin-bottom: 0px; padding: 0px; font-size: 18px; text-indent: 2em; font-stretch: normal; line-height: 32px; font-family: &quot;Microsoft Yahei&quot;; color: rgb(64, 64, 64); text-align: justify;\">根据该公司官网，目前在建的恒逸文莱实业年加工800万吨原油石化项目总投资为34.5亿美元，占地面积为260公顷，投产后可望实现年产值55亿美元。这个项目由浙江恒逸石化有限公司控股70%，文莱财政部参股30%。</p><p class=\"f_center\" style=\"margin-top: 32px; margin-bottom: 0px; padding: 0px; font-size: 18px; font-stretch: normal; line-height: 32px; font-family: &quot;Microsoft Yahei&quot;; color: rgb(64, 64, 64); text-align: center;\"><img alt=\"西方资本撤出后 这个小国惊呼：感谢中国雪中送炭\" src=\"http://cms-bucket.nosdn.127.net/catchpic/5/57/57837eaad522e3e52cad96714929da1e.jpg?imageView&thumbnail=550x0\" style=\"vertical-align: top; border-width: 0px; border-style: none; border-color: initial; margin: 0px auto; padding: 0px; display: block; max-width: 500px;\"/></p><p style=\"margin-top: 32px; margin-bottom: 0px; padding: 0px; font-size: 18px; text-indent: 2em; font-stretch: normal; line-height: 32px; font-family: &quot;Microsoft Yahei&quot;; color: rgb(64, 64, 64); text-align: justify;\">恒逸石化公司预计在2018年年底前完成摩拉岛炼油厂和石化项目的一期工程。</p><p style=\"margin-top: 32px; margin-bottom: 0px; padding: 0px; font-size: 18px; text-indent: 2em; font-stretch: normal; line-height: 32px; font-family: &quot;Microsoft Yahei&quot;; color: rgb(64, 64, 64); text-align: justify;\">该公司上月还表示，耗资120亿美元的二期工程将把炼油产能扩大到每日281150桶，并建成年产150万吨乙烯和200万吨对二甲苯的生产单位。</p><p style=\"margin-top: 32px; margin-bottom: 0px; padding: 0px; font-size: 18px; text-indent: 2em; font-stretch: normal; line-height: 32px; font-family: &quot;Microsoft Yahei&quot;; color: rgb(64, 64, 64); text-align: justify;\">恒逸实业（文莱）有限公司CEO陈连财表示，</p><p style=\"margin-top: 32px; margin-bottom: 0px; padding: 0px; font-size: 18px; text-indent: 2em; font-stretch: normal; line-height: 32px; font-family: &quot;Microsoft Yahei&quot;; color: rgb(64, 64, 64); text-align: justify;\">“文莱PMB项目建成以后，有助于恒逸的纵向一体化发展战略，也就是从炼油到中间的芳烃（PX），到下游的化工原料，再到化纤的贯通，从石化产业来看这整个产业链已经是非常长。”</p><p style=\"margin-top: 32px; margin-bottom: 0px; padding: 0px; font-size: 18px; text-indent: 2em; font-stretch: normal; line-height: 32px; font-family: &quot;Microsoft Yahei&quot;; color: rgb(64, 64, 64); text-align: justify;\">每经小编注意到，这样的基建项目对文莱当地的发展也非常有益。</p><p style=\"margin-top: 32px; margin-bottom: 0px; padding: 0px; font-size: 18px; text-indent: 2em; font-stretch: normal; line-height: 32px; font-family: &quot;Microsoft Yahei&quot;; color: rgb(64, 64, 64); text-align: justify;\">据文莱媒体报道，摩拉岛项目有望提供超过1万个就业岗位，其中至少一半将分配给应届毕业生。</p><p style=\"margin-top: 32px; margin-bottom: 0px; padding: 0px; font-size: 18px; text-indent: 2em; font-stretch: normal; line-height: 32px; font-family: &quot;Microsoft Yahei&quot;; color: rgb(64, 64, 64); text-align: justify;\">目前，文莱的青年失业率高达15%，这也是文莱苏丹哈桑纳尔·博尔基亚最需要解决的经济问题。</p><p style=\"margin-top: 32px; margin-bottom: 0px; padding: 0px; font-size: 18px; text-indent: 2em; font-stretch: normal; line-height: 32px; font-family: &quot;Microsoft Yahei&quot;; color: rgb(64, 64, 64); text-align: justify;\"><strong>弹丸小国曾是“石油天堂”</strong></p><p style=\"margin-top: 32px; margin-bottom: 0px; padding: 0px; font-size: 18px; text-indent: 2em; font-stretch: normal; line-height: 32px; font-family: &quot;Microsoft Yahei&quot;; color: rgb(64, 64, 64); text-align: justify;\">1924年，荷兰壳牌石油公司在文莱地区发现了石油，彻底改变了这个地区的经济结构。</p><p style=\"margin-top: 32px; margin-bottom: 0px; padding: 0px; font-size: 18px; text-indent: 2em; font-stretch: normal; line-height: 32px; font-family: &quot;Microsoft Yahei&quot;; color: rgb(64, 64, 64); text-align: justify;\">据中国驻文莱大使馆经商参赞处的报告，石油和天然气是文莱几乎唯一的经济支柱，占到GDP产值的三分之二、财政收入来源的90%和外贸出口的95%。</p><p style=\"margin-top: 32px; margin-bottom: 0px; padding: 0px; font-size: 18px; text-indent: 2em; font-stretch: normal; line-height: 32px; font-family: &quot;Microsoft Yahei&quot;; color: rgb(64, 64, 64); text-align: justify;\">由文莱皇室和荷兰壳牌公司合资的文莱壳牌（BSP）是文莱最大的石油公司，控制着文莱本土唯一的一个石油精炼工厂。</p><p class=\"f_center\" style=\"margin-top: 32px; margin-bottom: 0px; padding: 0px; font-size: 18px; font-stretch: normal; line-height: 32px; font-family: &quot;Microsoft Yahei&quot;; color: rgb(64, 64, 64); text-align: center;\"><img alt=\"西方资本撤出后 这个小国惊呼：感谢中国雪中送炭\" src=\"http://cms-bucket.nosdn.127.net/catchpic/7/74/740ebbf7614b85b3dfb125ca36df16a8.jpg?imageView&thumbnail=550x0\" style=\"vertical-align: top; border-width: 0px; border-style: none; border-color: initial; margin: 0px auto; padding: 0px; display: block; max-width: 500px;\"/></p><p style=\"margin-top: 32px; margin-bottom: 0px; padding: 0px; font-size: 18px; text-indent: 2em; font-stretch: normal; line-height: 32px; font-family: &quot;Microsoft Yahei&quot;; color: rgb(64, 64, 64); text-align: justify;\">在曾经原油价格超过100美元一桶的时代，文莱国民可能是全球最幸福的百姓之一。</p><p style=\"margin-top: 32px; margin-bottom: 0px; padding: 0px; font-size: 18px; text-indent: 2em; font-stretch: normal; line-height: 32px; font-family: &quot;Microsoft Yahei&quot;; color: rgb(64, 64, 64); text-align: justify;\">由于国家财源充足，文莱国民个人无需缴税，并且还享受“从摇篮到坟墓”的补贴待遇。</p><p style=\"margin-top: 32px; margin-bottom: 0px; padding: 0px; font-size: 18px; text-indent: 2em; font-stretch: normal; line-height: 32px; font-family: &quot;Microsoft Yahei&quot;; color: rgb(64, 64, 64); text-align: justify;\">文莱国民享有免费的医疗和教育服务，购房时能获得大笔补贴。即使对于失业的人来讲，失业救济金足以让他们过上体面的生活。</p><p style=\"margin-top: 32px; margin-bottom: 0px; padding: 0px; font-size: 18px; text-indent: 2em; font-stretch: normal; line-height: 32px; font-family: &quot;Microsoft Yahei&quot;; color: rgb(64, 64, 64); text-align: justify;\">据金融时报报道，文莱一个普通的退休教师，每月可获得5000文莱元（约合人民币2.46万元）的退休金。因此，在石油价格暴跌之前，文莱年轻人求职向往的是政府机关、石油行业和公共事业单位。</p><p class=\"f_center\" style=\"margin-top: 32px; margin-bottom: 0px; padding: 0px; font-size: 18px; font-stretch: normal; line-height: 32px; font-family: &quot;Microsoft Yahei&quot;; color: rgb(64, 64, 64); text-align: center;\"><img src=\"http://cms-bucket.nosdn.127.net/catchpic/e/ea/ea796d877ff45b662baa96df92042534.jpg?imageView&thumbnail=550x0\" alt=\"▲文莱著名的赛福鼎清真寺 （图片来源：维基百科共享页面）\" data-mcesrc=\"http://n.sinaimg.cn/translate/w554h305/20180312/1xvL-fyscsmu4930381.jpg\" data-mcestyle=\"max-width: 500px;\" data-mceselected=\"1\" style=\"vertical-align: top; border-width: 0px; border-style: none; border-color: initial; margin: 0px auto; padding: 0px; display: block; max-width: 640px;\"/>▲文莱著名的赛福鼎清真寺 （图片来源：维基百科共享页面）</p><p style=\"margin-top: 32px; margin-bottom: 0px; padding: 0px; font-size: 18px; text-indent: 2em; font-stretch: normal; line-height: 32px; font-family: &quot;Microsoft Yahei&quot;; color: rgb(64, 64, 64); text-align: justify;\">根据财富杂志排行榜，1997年，文莱苏丹哈桑纳尔·博尔基亚曾超越比尔盖茨等人成为世界首富，个人身家约320亿美元。</p><p style=\"margin-top: 32px; margin-bottom: 0px; padding: 0px; font-size: 18px; text-indent: 2em; font-stretch: normal; line-height: 32px; font-family: &quot;Microsoft Yahei&quot;; color: rgb(64, 64, 64); text-align: justify;\">这意味着文莱苏丹的个人财富为英国女王的36倍。同时，文莱皇宫的面积为英国白金汉宫的4倍。热衷于汽车和游艇收藏的文莱苏丹也是全球最大的劳斯莱斯收藏家，其家中车库里共有超过200辆劳斯莱斯。</p><p class=\"f_center\" style=\"margin-top: 32px; margin-bottom: 0px; padding: 0px; font-size: 18px; font-stretch: normal; line-height: 32px; font-family: &quot;Microsoft Yahei&quot;; color: rgb(64, 64, 64); text-align: center;\"><img src=\"http://cms-bucket.nosdn.127.net/catchpic/7/72/72fbf1be6f410104f787fa3924987dfd.jpg?imageView&thumbnail=550x0\" alt=\"▲图片来源：视频截图\" data-mcesrc=\"http://n.sinaimg.cn/translate/w554h369/20180312/bRAo-fyscsmu4930425.jpg\" data-mcestyle=\"max-width: 500px;\" data-mceselected=\"1\" style=\"vertical-align: top; border-width: 0px; border-style: none; border-color: initial; margin: 0px auto; padding: 0px; display: block; max-width: 640px;\"/>▲图片来源：视频截图</p><p style=\"margin-top: 32px; margin-bottom: 0px; padding: 0px; font-size: 18px; text-indent: 2em; font-stretch: normal; line-height: 32px; font-family: &quot;Microsoft Yahei&quot;; color: rgb(64, 64, 64); text-align: justify;\">2006年，文莱苏丹在皇宫内同时宴请1万名宾客，庆祝自己60岁生日，其中多国首脑和流行歌王迈克尔·杰克逊、香港演员曾志伟等均出席盛宴。</p><p style=\"margin-top: 32px; margin-bottom: 0px; padding: 0px; font-size: 18px; text-indent: 2em; font-stretch: normal; line-height: 32px; font-family: &quot;Microsoft Yahei&quot;; color: rgb(64, 64, 64); text-align: justify;\">2017年10月，文莱苏丹举行登基50周年庆典，庆祝成为全球在位时间第二长的现任君主。这场盛典的高潮是文莱苏丹乘坐镀金轿车在首都街道上接受市民的欢呼。</p><p style=\"margin-top: 32px; margin-bottom: 0px; padding: 0px; font-size: 18px; text-indent: 2em; font-stretch: normal; line-height: 32px; font-family: &quot;Microsoft Yahei&quot;; color: rgb(64, 64, 64); text-align: justify;\">不过，随着油价暴跌，这样的好日子也不能长久维持下去了。</p><p style=\"margin-top: 32px; margin-bottom: 0px; padding: 0px; font-size: 18px; text-indent: 2em; font-stretch: normal; line-height: 32px; font-family: &quot;Microsoft Yahei&quot;; color: rgb(64, 64, 64); text-align: justify;\"><strong>西方资本抛弃文莱</strong></p><p style=\"margin-top: 32px; margin-bottom: 0px; padding: 0px; font-size: 18px; text-indent: 2em; font-stretch: normal; line-height: 32px; font-family: &quot;Microsoft Yahei&quot;; color: rgb(64, 64, 64); text-align: justify;\">据IMF统计，文莱的石油产量峰值出现在1979年。彼时，日产24万桶石油的文莱在全球都是举足轻重的产油国，日本和美国都是其主要的石油买家。</p><p style=\"margin-top: 32px; margin-bottom: 0px; padding: 0px; font-size: 18px; text-indent: 2em; font-stretch: normal; line-height: 32px; font-family: &quot;Microsoft Yahei&quot;; color: rgb(64, 64, 64); text-align: justify;\">不过在那之后，文莱主动削减石油产量，以求延长其油田的寿命。不过最近业界普遍认为，文莱的石油储量可能会在20年内消耗殆尽。</p><p style=\"margin-top: 32px; margin-bottom: 0px; padding: 0px; font-size: 18px; text-indent: 2em; font-stretch: normal; line-height: 32px; font-family: &quot;Microsoft Yahei&quot;; color: rgb(64, 64, 64); text-align: justify;\">不仅如此，文莱如今所剩的油气资源开采也越来越困难。在过去很长一段时间内，文莱本土的Seria 油气田就能满足该国所有的开采需要。如今随着在岸油田的产量下滑，各大公司不得不深入海域开发新的离岸油田。</p><p style=\"margin-top: 32px; margin-bottom: 0px; padding: 0px; font-size: 18px; text-indent: 2em; font-stretch: normal; line-height: 32px; font-family: &quot;Microsoft Yahei&quot;; color: rgb(64, 64, 64); text-align: justify;\">每经小编注意到，根据文莱壳牌官网介绍，一些油气田的位置已经离文莱本土超过80英里，并且在水下数十米的深度，开采难度较大。</p><p class=\"f_center\" style=\"margin-top: 32px; margin-bottom: 0px; padding: 0px; font-size: 18px; font-stretch: normal; line-height: 32px; font-family: &quot;Microsoft Yahei&quot;; color: rgb(64, 64, 64); text-align: center;\"><img src=\"http://cms-bucket.nosdn.127.net/catchpic/0/0a/0a12d13852860af39caa057fe5d5ad09.jpg?imageView&thumbnail=550x0\" alt=\"▲文莱国土大多位于沿海平原地区 &nbsp;图片来源：维基百科\" data-mcesrc=\"http://n.sinaimg.cn/translate/w554h629/20180312/ymw4-fyscsmu4930457.jpg\" data-mcestyle=\"max-width: 500px;\" data-mceselected=\"1\" style=\"vertical-align: top; border-width: 0px; border-style: none; border-color: initial; margin: 0px auto; padding: 0px; display: block; max-width: 640px;\"/>▲文莱国土大多位于沿海平原地区 图片来源：维基百科</p><p style=\"margin-top: 32px; margin-bottom: 0px; padding: 0px; font-size: 18px; text-indent: 2em; font-stretch: normal; line-height: 32px; font-family: &quot;Microsoft Yahei&quot;; color: rgb(64, 64, 64); text-align: justify;\"><ins class=\"sinaads sinaads-done\" id=\"Sinads49447\" data-ad-pdps=\"PDPS000000044086\" data-ad-status=\"done\" style=\"display: block; overflow: hidden; text-decoration: none;\"></ins></p><p style=\"margin-top: 32px; margin-bottom: 0px; padding: 0px; font-size: 18px; text-indent: 2em; font-stretch: normal; line-height: 32px; font-family: &quot;Microsoft Yahei&quot;; color: rgb(64, 64, 64); text-align: justify;\"></p><div class=\"gg200x300\" style=\"padding: 19px; margin: 0px 40px 0px 0px; overflow: hidden; text-align: center; font-size: 0px; line-height: 0; float: left; border: 1px solid rgb(229, 229, 229); position: relative; color: rgb(64, 64, 64); font-family: &quot;Microsoft Yahei&quot;;\"></div><p><br/></p>', '<p style=\"margin-top: 32px; margin-bottom: 0px; padding: 0px; font-size: 18px; text-indent: 2em; font-stretch: normal; line-height: 32px; font-family: &quot;Microsoft Yahei&quot;; color: rgb(64, 64, 64); text-align: justify;\">文莱（Brunei）对很多人来说，可能是个极其陌生的东南亚小国。然而，这个石油比矿泉水便宜一半的神奇国度，正成为“21世纪海上丝路”的重要沿线国家。</p><p style=\"margin-top: 32px; margin-bottom: 0px; padding: 0px; font-size: 18px; text-indent: 2em; font-stretch: normal; line-height: 32px; font-family: &quot;Microsoft Yahei&quot;; color: rgb(64, 64, 64); text-align: justify;\">这个面积只有重庆市十四分之一大小的弹丸之地，一直以来都“富得流油”。</p><p style=\"margin-top: 32px; margin-bottom: 0px; padding: 0px; font-size: 18px; text-indent: 2em; font-stretch: normal; line-height: 32px; font-family: &quot;Microsoft Yahei&quot;; color: rgb(64, 64, 64); text-align: justify;\">在2012年，文莱人均GDP高达4.77万美元（约合人民币31万元），在除波斯湾以外的亚洲国家中排名第二，仅次于新加坡。</p><p class=\"f_center\" style=\"margin-top: 32px; margin-bottom: 0px; padding: 0px; font-size: 18px; font-stretch: normal; line-height: 32px; font-family: &quot;Microsoft Yahei&quot;; color: rgb(64, 64, 64); text-align: center;\"><img src=\"http://cms-bucket.nosdn.127.net/catchpic/4/49/49879b40e9d3427a8d0f02f9c80f6efb.jpg?imageView&thumbnail=550x0\" alt=\"▲数据来源：世界银行\" data-mcesrc=\"http://n.sinaimg.cn/translate/w554h306/20180312/-UgC-fyscsmu4930143.jpg\" data-mcestyle=\"max-width: 500px;\" data-mceselected=\"1\" style=\"vertical-align: top; border-width: 0px; border-style: none; border-color: initial; margin: 0px auto; padding: 0px; display: block; max-width: 640px;\"/>▲数据来源：世界银行</p><p style=\"margin-top: 32px; margin-bottom: 0px; padding: 0px; font-size: 18px; text-indent: 2em; font-stretch: normal; line-height: 32px; font-family: &quot;Microsoft Yahei&quot;; color: rgb(64, 64, 64); text-align: justify;\">然而最近几年，这个“东方石油王国”的日子却每况愈下。到了2016年，文莱人均GDP不足2.7万美元，比起四年前几乎“腰斩”。</p><p style=\"margin-top: 32px; margin-bottom: 0px; padding: 0px; font-size: 18px; text-indent: 2em; font-stretch: normal; line-height: 32px; font-family: &quot;Microsoft Yahei&quot;; color: rgb(64, 64, 64); text-align: justify;\">每经小编注意到，随着国际能源市场价格波动和石油储量降低，文莱GDP连续四年出现大幅负增长。而之前80年来在这里赚的盆满钵满的西方石油公司和金融机构，也逐渐撤出投资。</p><p class=\"f_center\" style=\"margin-top: 32px; margin-bottom: 0px; padding: 0px; font-size: 18px; font-stretch: normal; line-height: 32px; font-family: &quot;Microsoft Yahei&quot;; color: rgb(64, 64, 64); text-align: center;\"><img src=\"http://cms-bucket.nosdn.127.net/catchpic/0/04/04127a919ed6a362a7663ca667a76ce1.jpg?imageView&thumbnail=550x0\" alt=\"▲瑞士媒体报道文莱苏丹登基50周年庆典\" data-mcesrc=\"http://n.sinaimg.cn/translate/w554h443/20180312/DwBv-fyscsmu4930208.jpg\" data-mcestyle=\"max-width: 500px;\" data-mceselected=\"1\" style=\"vertical-align: top; border-width: 0px; border-style: none; border-color: initial; margin: 0px auto; padding: 0px; display: block; max-width: 640px;\"/>▲瑞士媒体报道文莱苏丹登基50周年庆典</p><p style=\"margin-top: 32px; margin-bottom: 0px; padding: 0px; font-size: 18px; text-indent: 2em; font-stretch: normal; line-height: 32px; font-family: &quot;Microsoft Yahei&quot;; color: rgb(64, 64, 64); text-align: justify;\">就在文莱急需外资帮助本国进行基础建设的时候，“雪中送炭”的中国人出现了。</p><p style=\"margin-top: 32px; margin-bottom: 0px; padding: 0px; font-size: 18px; text-indent: 2em; font-stretch: normal; line-height: 32px; font-family: &quot;Microsoft Yahei&quot;; color: rgb(64, 64, 64); text-align: justify;\">据路透社报道，文莱北部摩拉岛上，有数千名中国工人日以继夜地修建着炼油和石化工厂，还有一座将这个小岛与文莱首都斯里巴加湾市相连的大桥。</p><p style=\"margin-top: 32px; margin-bottom: 0px; padding: 0px; font-size: 18px; text-indent: 2em; font-stretch: normal; line-height: 32px; font-family: &quot;Microsoft Yahei&quot;; color: rgb(64, 64, 64); text-align: justify;\">这不仅仅是文莱历史上规模最大的外国投资工程，也是石油价格下跌后该国最急需的一个基建项目。</p><p style=\"margin-top: 32px; margin-bottom: 0px; padding: 0px; font-size: 18px; text-indent: 2em; font-stretch: normal; line-height: 32px; font-family: &quot;Microsoft Yahei&quot;; color: rgb(64, 64, 64); text-align: justify;\"><strong>中国力助文莱基建</strong></p><p style=\"margin-top: 32px; margin-bottom: 0px; padding: 0px; font-size: 18px; text-indent: 2em; font-stretch: normal; line-height: 32px; font-family: &quot;Microsoft Yahei&quot;; color: rgb(64, 64, 64); text-align: justify;\">每经小编注意到，文莱达鲁萨兰国坐落于婆罗洲岛（印尼称为“加里曼丹岛”）。这是全世界唯一一个由3个国家共享的岛屿。</p><p class=\"f_center\" style=\"margin-top: 32px; margin-bottom: 0px; padding: 0px; font-size: 18px; font-stretch: normal; line-height: 32px; font-family: &quot;Microsoft Yahei&quot;; color: rgb(64, 64, 64); text-align: center;\"><img src=\"http://cms-bucket.nosdn.127.net/catchpic/7/77/77edec896d734f73cf73d06de51ed878.jpg?imageView&thumbnail=550x0\" alt=\"▲图中绿色部分为文莱 （图片来源：维基百科共享页面）\" data-mcesrc=\"http://n.sinaimg.cn/translate/w554h616/20180312/rafR-fyscsmu4930239.jpg\" data-mcestyle=\"max-width: 500px;\" data-mceselected=\"1\" style=\"vertical-align: top; border-width: 0px; border-style: none; border-color: initial; margin: 0px auto; padding: 0px; display: block; max-width: 640px;\"/>▲图中绿色部分为文莱 （图片来源：维基百科共享页面）</p><p style=\"margin-top: 32px; margin-bottom: 0px; padding: 0px; font-size: 18px; text-indent: 2em; font-stretch: normal; line-height: 32px; font-family: &quot;Microsoft Yahei&quot;; color: rgb(64, 64, 64); text-align: justify;\">文莱坐落于该岛北部，周围为马来西亚的沙捞越和沙巴两洲领域。自古以来，马来人、华人、印尼人和印度裔均在这里生息定居，使得文莱成为一个多民族国家。</p><p style=\"margin-top: 32px; margin-bottom: 0px; padding: 0px; font-size: 18px; text-indent: 2em; font-stretch: normal; line-height: 32px; font-family: &quot;Microsoft Yahei&quot;; color: rgb(64, 64, 64); text-align: justify;\">虽然文莱国内的主体民族为马来裔（占66.3%），但华人是文莱第二大族群，占人口比例11.2%。</p><p class=\"f_center\" style=\"margin-top: 32px; margin-bottom: 0px; padding: 0px; font-size: 18px; font-stretch: normal; line-height: 32px; font-family: &quot;Microsoft Yahei&quot;; color: rgb(64, 64, 64); text-align: center;\"><img src=\"http://cms-bucket.nosdn.127.net/catchpic/9/9b/9b57d4e2060b83120f9089e9390812c1.jpg?imageView&thumbnail=550x0\" alt=\"▲文莱首都斯里巴加湾市的华人庙宇（图片来源：维基百科共享页面）\" data-mcesrc=\"http://n.sinaimg.cn/translate/w554h342/20180312/YB6n-fyscsmu4930289.jpg\" data-mcestyle=\"max-width: 500px;\" data-mceselected=\"1\" style=\"vertical-align: top; border-width: 0px; border-style: none; border-color: initial; margin: 0px auto; padding: 0px; display: block; max-width: 640px;\"/>▲文莱首都斯里巴加湾市的华人庙宇（图片来源：维基百科共享页面）</p><p style=\"margin-top: 32px; margin-bottom: 0px; padding: 0px; font-size: 18px; text-indent: 2em; font-stretch: normal; line-height: 32px; font-family: &quot;Microsoft Yahei&quot;; color: rgb(64, 64, 64); text-align: justify;\">据中国驻文莱大使馆经商参赞处的报告，自2014年国际油价暴跌后，文莱开始坚决推进经济转型战略，但由于自身产业基础落后，文莱非常需要外资投入。</p><p style=\"margin-top: 32px; margin-bottom: 0px; padding: 0px; font-size: 18px; text-indent: 2em; font-stretch: normal; line-height: 32px; font-family: &quot;Microsoft Yahei&quot;; color: rgb(64, 64, 64); text-align: justify;\">从2011年起，中国和文莱双边经贸往来迅速升温。据美国企业研究所的“中国全球投资追踪”数据，目前中国在文莱的投资总额约为41亿美元；相比之下，美国在文莱的投资总额仅为1.16亿美元。并且文莱作为“21世纪海上丝绸之路”的重要沿线国家，未来预计将会迎来更大规模的中方投资。</p><p style=\"margin-top: 32px; margin-bottom: 0px; padding: 0px; font-size: 18px; text-indent: 2em; font-stretch: normal; line-height: 32px; font-family: &quot;Microsoft Yahei&quot;; color: rgb(64, 64, 64); text-align: justify;\">每经小编注意到，位于浙江的恒逸石化在摩拉岛修建的炼油项目，是文莱自1984年取得独立以来规模最大的外国投资。</p><p style=\"margin-top: 32px; margin-bottom: 0px; padding: 0px; font-size: 18px; text-indent: 2em; font-stretch: normal; line-height: 32px; font-family: &quot;Microsoft Yahei&quot;; color: rgb(64, 64, 64); text-align: justify;\">根据该公司官网，目前在建的恒逸文莱实业年加工800万吨原油石化项目总投资为34.5亿美元，占地面积为260公顷，投产后可望实现年产值55亿美元。这个项目由浙江恒逸石化有限公司控股70%，文莱财政部参股30%。</p><p class=\"f_center\" style=\"margin-top: 32px; margin-bottom: 0px; padding: 0px; font-size: 18px; font-stretch: normal; line-height: 32px; font-family: &quot;Microsoft Yahei&quot;; color: rgb(64, 64, 64); text-align: center;\"><img alt=\"西方资本撤出后 这个小国惊呼：感谢中国雪中送炭\" src=\"http://cms-bucket.nosdn.127.net/catchpic/5/57/57837eaad522e3e52cad96714929da1e.jpg?imageView&thumbnail=550x0\" style=\"vertical-align: top; border-width: 0px; border-style: none; border-color: initial; margin: 0px auto; padding: 0px; display: block; max-width: 500px;\"/></p><p style=\"margin-top: 32px; margin-bottom: 0px; padding: 0px; font-size: 18px; text-indent: 2em; font-stretch: normal; line-height: 32px; font-family: &quot;Microsoft Yahei&quot;; color: rgb(64, 64, 64); text-align: justify;\">恒逸石化公司预计在2018年年底前完成摩拉岛炼油厂和石化项目的一期工程。</p><p style=\"margin-top: 32px; margin-bottom: 0px; padding: 0px; font-size: 18px; text-indent: 2em; font-stretch: normal; line-height: 32px; font-family: &quot;Microsoft Yahei&quot;; color: rgb(64, 64, 64); text-align: justify;\">该公司上月还表示，耗资120亿美元的二期工程将把炼油产能扩大到每日281150桶，并建成年产150万吨乙烯和200万吨对二甲苯的生产单位。</p><p style=\"margin-top: 32px; margin-bottom: 0px; padding: 0px; font-size: 18px; text-indent: 2em; font-stretch: normal; line-height: 32px; font-family: &quot;Microsoft Yahei&quot;; color: rgb(64, 64, 64); text-align: justify;\">恒逸实业（文莱）有限公司CEO陈连财表示，</p><p style=\"margin-top: 32px; margin-bottom: 0px; padding: 0px; font-size: 18px; text-indent: 2em; font-stretch: normal; line-height: 32px; font-family: &quot;Microsoft Yahei&quot;; color: rgb(64, 64, 64); text-align: justify;\">“文莱PMB项目建成以后，有助于恒逸的纵向一体化发展战略，也就是从炼油到中间的芳烃（PX），到下游的化工原料，再到化纤的贯通，从石化产业来看这整个产业链已经是非常长。”</p><p style=\"margin-top: 32px; margin-bottom: 0px; padding: 0px; font-size: 18px; text-indent: 2em; font-stretch: normal; line-height: 32px; font-family: &quot;Microsoft Yahei&quot;; color: rgb(64, 64, 64); text-align: justify;\">每经小编注意到，这样的基建项目对文莱当地的发展也非常有益。</p><p style=\"margin-top: 32px; margin-bottom: 0px; padding: 0px; font-size: 18px; text-indent: 2em; font-stretch: normal; line-height: 32px; font-family: &quot;Microsoft Yahei&quot;; color: rgb(64, 64, 64); text-align: justify;\">据文莱媒体报道，摩拉岛项目有望提供超过1万个就业岗位，其中至少一半将分配给应届毕业生。</p><p style=\"margin-top: 32px; margin-bottom: 0px; padding: 0px; font-size: 18px; text-indent: 2em; font-stretch: normal; line-height: 32px; font-family: &quot;Microsoft Yahei&quot;; color: rgb(64, 64, 64); text-align: justify;\">目前，文莱的青年失业率高达15%，这也是文莱苏丹哈桑纳尔·博尔基亚最需要解决的经济问题。</p><p style=\"margin-top: 32px; margin-bottom: 0px; padding: 0px; font-size: 18px; text-indent: 2em; font-stretch: normal; line-height: 32px; font-family: &quot;Microsoft Yahei&quot;; color: rgb(64, 64, 64); text-align: justify;\"><strong>弹丸小国曾是“石油天堂”</strong></p><p style=\"margin-top: 32px; margin-bottom: 0px; padding: 0px; font-size: 18px; text-indent: 2em; font-stretch: normal; line-height: 32px; font-family: &quot;Microsoft Yahei&quot;; color: rgb(64, 64, 64); text-align: justify;\">1924年，荷兰壳牌石油公司在文莱地区发现了石油，彻底改变了这个地区的经济结构。</p><p style=\"margin-top: 32px; margin-bottom: 0px; padding: 0px; font-size: 18px; text-indent: 2em; font-stretch: normal; line-height: 32px; font-family: &quot;Microsoft Yahei&quot;; color: rgb(64, 64, 64); text-align: justify;\">据中国驻文莱大使馆经商参赞处的报告，石油和天然气是文莱几乎唯一的经济支柱，占到GDP产值的三分之二、财政收入来源的90%和外贸出口的95%。</p><p style=\"margin-top: 32px; margin-bottom: 0px; padding: 0px; font-size: 18px; text-indent: 2em; font-stretch: normal; line-height: 32px; font-family: &quot;Microsoft Yahei&quot;; color: rgb(64, 64, 64); text-align: justify;\">由文莱皇室和荷兰壳牌公司合资的文莱壳牌（BSP）是文莱最大的石油公司，控制着文莱本土唯一的一个石油精炼工厂。</p><p class=\"f_center\" style=\"margin-top: 32px; margin-bottom: 0px; padding: 0px; font-size: 18px; font-stretch: normal; line-height: 32px; font-family: &quot;Microsoft Yahei&quot;; color: rgb(64, 64, 64); text-align: center;\"><img alt=\"西方资本撤出后 这个小国惊呼：感谢中国雪中送炭\" src=\"http://cms-bucket.nosdn.127.net/catchpic/7/74/740ebbf7614b85b3dfb125ca36df16a8.jpg?imageView&thumbnail=550x0\" style=\"vertical-align: top; border-width: 0px; border-style: none; border-color: initial; margin: 0px auto; padding: 0px; display: block; max-width: 500px;\"/></p><p style=\"margin-top: 32px; margin-bottom: 0px; padding: 0px; font-size: 18px; text-indent: 2em; font-stretch: normal; line-height: 32px; font-family: &quot;Microsoft Yahei&quot;; color: rgb(64, 64, 64); text-align: justify;\">在曾经原油价格超过100美元一桶的时代，文莱国民可能是全球最幸福的百姓之一。</p><p style=\"margin-top: 32px; margin-bottom: 0px; padding: 0px; font-size: 18px; text-indent: 2em; font-stretch: normal; line-height: 32px; font-family: &quot;Microsoft Yahei&quot;; color: rgb(64, 64, 64); text-align: justify;\">由于国家财源充足，文莱国民个人无需缴税，并且还享受“从摇篮到坟墓”的补贴待遇。</p><p style=\"margin-top: 32px; margin-bottom: 0px; padding: 0px; font-size: 18px; text-indent: 2em; font-stretch: normal; line-height: 32px; font-family: &quot;Microsoft Yahei&quot;; color: rgb(64, 64, 64); text-align: justify;\">文莱国民享有免费的医疗和教育服务，购房时能获得大笔补贴。即使对于失业的人来讲，失业救济金足以让他们过上体面的生活。</p><p style=\"margin-top: 32px; margin-bottom: 0px; padding: 0px; font-size: 18px; text-indent: 2em; font-stretch: normal; line-height: 32px; font-family: &quot;Microsoft Yahei&quot;; color: rgb(64, 64, 64); text-align: justify;\">据金融时报报道，文莱一个普通的退休教师，每月可获得5000文莱元（约合人民币2.46万元）的退休金。因此，在石油价格暴跌之前，文莱年轻人求职向往的是政府机关、石油行业和公共事业单位。</p><p class=\"f_center\" style=\"margin-top: 32px; margin-bottom: 0px; padding: 0px; font-size: 18px; font-stretch: normal; line-height: 32px; font-family: &quot;Microsoft Yahei&quot;; color: rgb(64, 64, 64); text-align: center;\"><img src=\"http://cms-bucket.nosdn.127.net/catchpic/e/ea/ea796d877ff45b662baa96df92042534.jpg?imageView&thumbnail=550x0\" alt=\"▲文莱著名的赛福鼎清真寺 （图片来源：维基百科共享页面）\" data-mcesrc=\"http://n.sinaimg.cn/translate/w554h305/20180312/1xvL-fyscsmu4930381.jpg\" data-mcestyle=\"max-width: 500px;\" data-mceselected=\"1\" style=\"vertical-align: top; border-width: 0px; border-style: none; border-color: initial; margin: 0px auto; padding: 0px; display: block; max-width: 640px;\"/>▲文莱著名的赛福鼎清真寺 （图片来源：维基百科共享页面）</p><p style=\"margin-top: 32px; margin-bottom: 0px; padding: 0px; font-size: 18px; text-indent: 2em; font-stretch: normal; line-height: 32px; font-family: &quot;Microsoft Yahei&quot;; color: rgb(64, 64, 64); text-align: justify;\">根据财富杂志排行榜，1997年，文莱苏丹哈桑纳尔·博尔基亚曾超越比尔盖茨等人成为世界首富，个人身家约320亿美元。</p><p style=\"margin-top: 32px; margin-bottom: 0px; padding: 0px; font-size: 18px; text-indent: 2em; font-stretch: normal; line-height: 32px; font-family: &quot;Microsoft Yahei&quot;; color: rgb(64, 64, 64); text-align: justify;\">这意味着文莱苏丹的个人财富为英国女王的36倍。同时，文莱皇宫的面积为英国白金汉宫的4倍。热衷于汽车和游艇收藏的文莱苏丹也是全球最大的劳斯莱斯收藏家，其家中车库里共有超过200辆劳斯莱斯。</p><p class=\"f_center\" style=\"margin-top: 32px; margin-bottom: 0px; padding: 0px; font-size: 18px; font-stretch: normal; line-height: 32px; font-family: &quot;Microsoft Yahei&quot;; color: rgb(64, 64, 64); text-align: center;\"><img src=\"http://cms-bucket.nosdn.127.net/catchpic/7/72/72fbf1be6f410104f787fa3924987dfd.jpg?imageView&thumbnail=550x0\" alt=\"▲图片来源：视频截图\" data-mcesrc=\"http://n.sinaimg.cn/translate/w554h369/20180312/bRAo-fyscsmu4930425.jpg\" data-mcestyle=\"max-width: 500px;\" data-mceselected=\"1\" style=\"vertical-align: top; border-width: 0px; border-style: none; border-color: initial; margin: 0px auto; padding: 0px; display: block; max-width: 640px;\"/>▲图片来源：视频截图</p><p style=\"margin-top: 32px; margin-bottom: 0px; padding: 0px; font-size: 18px; text-indent: 2em; font-stretch: normal; line-height: 32px; font-family: &quot;Microsoft Yahei&quot;; color: rgb(64, 64, 64); text-align: justify;\">2006年，文莱苏丹在皇宫内同时宴请1万名宾客，庆祝自己60岁生日，其中多国首脑和流行歌王迈克尔·杰克逊、香港演员曾志伟等均出席盛宴。</p><p style=\"margin-top: 32px; margin-bottom: 0px; padding: 0px; font-size: 18px; text-indent: 2em; font-stretch: normal; line-height: 32px; font-family: &quot;Microsoft Yahei&quot;; color: rgb(64, 64, 64); text-align: justify;\">2017年10月，文莱苏丹举行登基50周年庆典，庆祝成为全球在位时间第二长的现任君主。这场盛典的高潮是文莱苏丹乘坐镀金轿车在首都街道上接受市民的欢呼。</p><p style=\"margin-top: 32px; margin-bottom: 0px; padding: 0px; font-size: 18px; text-indent: 2em; font-stretch: normal; line-height: 32px; font-family: &quot;Microsoft Yahei&quot;; color: rgb(64, 64, 64); text-align: justify;\">不过，随着油价暴跌，这样的好日子也不能长久维持下去了。</p><p style=\"margin-top: 32px; margin-bottom: 0px; padding: 0px; font-size: 18px; text-indent: 2em; font-stretch: normal; line-height: 32px; font-family: &quot;Microsoft Yahei&quot;; color: rgb(64, 64, 64); text-align: justify;\"><strong>西方资本抛弃文莱</strong></p><p style=\"margin-top: 32px; margin-bottom: 0px; padding: 0px; font-size: 18px; text-indent: 2em; font-stretch: normal; line-height: 32px; font-family: &quot;Microsoft Yahei&quot;; color: rgb(64, 64, 64); text-align: justify;\">据IMF统计，文莱的石油产量峰值出现在1979年。彼时，日产24万桶石油的文莱在全球都是举足轻重的产油国，日本和美国都是其主要的石油买家。</p><p style=\"margin-top: 32px; margin-bottom: 0px; padding: 0px; font-size: 18px; text-indent: 2em; font-stretch: normal; line-height: 32px; font-family: &quot;Microsoft Yahei&quot;; color: rgb(64, 64, 64); text-align: justify;\">不过在那之后，文莱主动削减石油产量，以求延长其油田的寿命。不过最近业界普遍认为，文莱的石油储量可能会在20年内消耗殆尽。</p><p style=\"margin-top: 32px; margin-bottom: 0px; padding: 0px; font-size: 18px; text-indent: 2em; font-stretch: normal; line-height: 32px; font-family: &quot;Microsoft Yahei&quot;; color: rgb(64, 64, 64); text-align: justify;\">不仅如此，文莱如今所剩的油气资源开采也越来越困难。在过去很长一段时间内，文莱本土的Seria 油气田就能满足该国所有的开采需要。如今随着在岸油田的产量下滑，各大公司不得不深入海域开发新的离岸油田。</p><p style=\"margin-top: 32px; margin-bottom: 0px; padding: 0px; font-size: 18px; text-indent: 2em; font-stretch: normal; line-height: 32px; font-family: &quot;Microsoft Yahei&quot;; color: rgb(64, 64, 64); text-align: justify;\">每经小编注意到，根据文莱壳牌官网介绍，一些油气田的位置已经离文莱本土超过80英里，并且在水下数十米的深度，开采难度较大。</p><p class=\"f_center\" style=\"margin-top: 32px; margin-bottom: 0px; padding: 0px; font-size: 18px; font-stretch: normal; line-height: 32px; font-family: &quot;Microsoft Yahei&quot;; color: rgb(64, 64, 64); text-align: center;\"><img src=\"http://cms-bucket.nosdn.127.net/catchpic/0/0a/0a12d13852860af39caa057fe5d5ad09.jpg?imageView&thumbnail=550x0\" alt=\"▲文莱国土大多位于沿海平原地区 &nbsp;图片来源：维基百科\" data-mcesrc=\"http://n.sinaimg.cn/translate/w554h629/20180312/ymw4-fyscsmu4930457.jpg\" data-mcestyle=\"max-width: 500px;\" data-mceselected=\"1\" style=\"vertical-align: top; border-width: 0px; border-style: none; border-color: initial; margin: 0px auto; padding: 0px; display: block; max-width: 640px;\"/>▲文莱国土大多位于沿海平原地区 图片来源：维基百科</p><p style=\"margin-top: 32px; margin-bottom: 0px; padding: 0px; font-size: 18px; text-indent: 2em; font-stretch: normal; line-height: 32px; font-family: &quot;Microsoft Yahei&quot;; color: rgb(64, 64, 64); text-align: justify;\"><ins class=\"sinaads sinaads-done\" id=\"Sinads49447\" data-ad-pdps=\"PDPS000000044086\" data-ad-status=\"done\" style=\"display: block; overflow: hidden; text-decoration: none;\"></ins></p><p style=\"margin-top: 32px; margin-bottom: 0px; padding: 0px; font-size: 18px; text-indent: 2em; font-stretch: normal; line-height: 32px; font-family: &quot;Microsoft Yahei&quot;; color: rgb(64, 64, 64); text-align: justify;\"></p><div class=\"gg200x300\" style=\"padding: 19px; margin: 0px 40px 0px 0px; overflow: hidden; text-align: center; font-size: 0px; line-height: 0; float: left; border: 1px solid rgb(229, 229, 229); position: relative; color: rgb(64, 64, 64); font-family: &quot;Microsoft Yahei&quot;;\"></div><p><br/></p>'),
(13, 13, 1, 1, 1520838871, 795357716, 1, 0, 0, 0, '<p>周小川与中国人民银行同龄，执掌央行15年，走出了一条既和国际接轨又保持独立的中国特色金融改革开放道路；执着和耐心，寓改革于发展中，苦心孤诣创造改革机会；在其任上，中国央行蜚声国际，人民币迈上国际舞台。</p><p>年届70岁的周小川，最有可能在今年卸任中国人民银行行长，结束其最长行长任期，这已在外界预期之中。</p><p>2018年3月9日,十三届全国人大一次会议记者会，周小川的发言被外界视为他在正式场合的一次告别。这位已到古稀之年的央行行长满头银发，回顾过去15年的行长生涯,他用一句话概括:“我觉得有幸跟大家一起在金融改革开放方面做工作，向前推进，很有幸的一件事”。当被追问接班者人选，小川笑答：“你猜呀！”</p><p>出生于1948年的周小川今年满70岁，五年前就已到部长级官员退休年龄的他，在当年当选全国政协副主席，成为副国级领导人，从而打破了年龄对于继续执掌央行的限制。这一人事安排，凸显出他于中国经济金融领域的重要作用。</p><p>周小川与人民银行的缘分并非起止于其主政的15年。其出生之年，也正是中国人民银行成立之年，1948年年末，在合并华北银行、北海银行、西北农民银行的基础上，中国人民银行在河北省石家庄市成立。</p><p>截至今年年末，中国人民银行成立70周年，小川与之同龄。</p><p>周小川的祖籍是江苏省宜兴市，父亲周建南曾任中华人民共和国机械工业部部长。在周小川任人民银行行长之前，其阅历颇为丰富。做过农场知青，1972-1975年在北京化工学院四系仪表自动化专业学习，之后在北京市自动化技术研究所第四研究室技术员，1985年获得博士学位。</p><p>1985年之后，周小川与中国经济体制改革产生极强的关联。1985－1986年是国务院体改方案研讨领导小组成员；1986－1986年任国家经济体制改革委员会中国经济体制改革研究所副所长；1986－1991年是国家经济体制改革委员会委员(其间:1986－1989年挂职任对外经济贸易部部长助理)。</p><p>这些经历，为其后来成为“改革者”奠定了坚实的基础。</p><p>小川进入金融领域始于上世纪90年代初，1991－1995年任中国银行副行长、党组成员；1995－1996年任国家外汇管理局局长、党组书记，中国人民银行党组成员；1996－1998年任中国人民银行副行长、党组成员，国家外汇管理局局长、党组书记；1998－2000年任中国建设银行行长、党组书记（党委书记），中国信达资产管理公司党委书记；2000－2002年任中国证券监督管理委员会主席、党委书记。</p><p>2002年，周小川从证监会回到人民银行任行长，这一任便是15年。</p><p>15年间，小川推动了利率市场化改革、资本项目可兑换、人民币国际化改革、人民币汇率机制改革、金融市场改革、国有银行股改上市、政策性金融改革、农村金融改革、存款保险制度建立等多项金融改革，在2015年人民币加入SDR中也发挥了至关重要的作用。</p><p>一直以来，他被称为市场派、改革派。</p><p>央行某司局级人士这样评价小川：15年，走出了一条既和国际接轨又保持独立的中国特色金融改革开放道路，国有银行改革抢在金融危机大浪之前，把新兴国家，乃至日韩周边发达国家抛在身后；移动支付抓住技术浪潮，走在世界前列；执着和耐心，寓改革于发展中，苦心孤诣创造改革机会。</p><p>小川则只是轻描淡写一句话：“我觉得有幸跟大家一起在金融改革开放方面做工作，向前推进，很有幸的一件事”。这是小川在发布会上被问及执掌央行15年间最难忘的时刻做出的回答。</p><p>每一个人都在时代潮流中做自己的事情，发挥自己应有的作用，小川亦是如此。改革之外，作为央行行长的15年，小川带给中国央行的改变也是巨大的。</p><p>多位和小川有直接接触的人士均向《财经》记者表示，作为中国央行行长，小川行长做的最大的贡献是提高了中国央行在国际央行中的地位和影响力，而且是靠专业实力赢得的。</p><p>小川在任的15年也是中国央行在分业监管下的15年，注重学术研究的小川在分业监管下，其执掌的央行也发挥了颇多贡献，其中包括金融系统稳定、互联网金融整治以及资管新规等穿透式监管制定。</p><p>当前，中国金融监管体系的新一轮调整即将开始，对此，小川在发布会上表示，央行要牵头增强各机构间协调的效率，但是否使用“双峰”监管的体制，目前还是要观察一段时间。而国务院金融稳定与发展委员会成立，并且办公室设在人民银行，表明人民银行将在新的金融监管框架中起到更重要的作用。</p><p>在未来的改革中，小川的身影会在哪里，以其固有的改革热情来看，业界颇有预期。</p><p>央行国际化</p><p><br/></p>', '<p>周小川与中国人民银行同龄，执掌央行15年，走出了一条既和国际接轨又保持独立的中国特色金融改革开放道路；执着和耐心，寓改革于发展中，苦心孤诣创造改革机会；在其任上，中国央行蜚声国际，人民币迈上国际舞台。</p><p>年届70岁的周小川，最有可能在今年卸任中国人民银行行长，结束其最长行长任期，这已在外界预期之中。</p><p>2018年3月9日,十三届全国人大一次会议记者会，周小川的发言被外界视为他在正式场合的一次告别。这位已到古稀之年的央行行长满头银发，回顾过去15年的行长生涯,他用一句话概括:“我觉得有幸跟大家一起在金融改革开放方面做工作，向前推进，很有幸的一件事”。当被追问接班者人选，小川笑答：“你猜呀！”</p><p>出生于1948年的周小川今年满70岁，五年前就已到部长级官员退休年龄的他，在当年当选全国政协副主席，成为副国级领导人，从而打破了年龄对于继续执掌央行的限制。这一人事安排，凸显出他于中国经济金融领域的重要作用。</p><p>周小川与人民银行的缘分并非起止于其主政的15年。其出生之年，也正是中国人民银行成立之年，1948年年末，在合并华北银行、北海银行、西北农民银行的基础上，中国人民银行在河北省石家庄市成立。</p><p>截至今年年末，中国人民银行成立70周年，小川与之同龄。</p><p>周小川的祖籍是江苏省宜兴市，父亲周建南曾任中华人民共和国机械工业部部长。在周小川任人民银行行长之前，其阅历颇为丰富。做过农场知青，1972-1975年在北京化工学院四系仪表自动化专业学习，之后在北京市自动化技术研究所第四研究室技术员，1985年获得博士学位。</p><p>1985年之后，周小川与中国经济体制改革产生极强的关联。1985－1986年是国务院体改方案研讨领导小组成员；1986－1986年任国家经济体制改革委员会中国经济体制改革研究所副所长；1986－1991年是国家经济体制改革委员会委员(其间:1986－1989年挂职任对外经济贸易部部长助理)。</p><p>这些经历，为其后来成为“改革者”奠定了坚实的基础。</p><p>小川进入金融领域始于上世纪90年代初，1991－1995年任中国银行副行长、党组成员；1995－1996年任国家外汇管理局局长、党组书记，中国人民银行党组成员；1996－1998年任中国人民银行副行长、党组成员，国家外汇管理局局长、党组书记；1998－2000年任中国建设银行行长、党组书记（党委书记），中国信达资产管理公司党委书记；2000－2002年任中国证券监督管理委员会主席、党委书记。</p><p>2002年，周小川从证监会回到人民银行任行长，这一任便是15年。</p><p>15年间，小川推动了利率市场化改革、资本项目可兑换、人民币国际化改革、人民币汇率机制改革、金融市场改革、国有银行股改上市、政策性金融改革、农村金融改革、存款保险制度建立等多项金融改革，在2015年人民币加入SDR中也发挥了至关重要的作用。</p><p>一直以来，他被称为市场派、改革派。</p><p>央行某司局级人士这样评价小川：15年，走出了一条既和国际接轨又保持独立的中国特色金融改革开放道路，国有银行改革抢在金融危机大浪之前，把新兴国家，乃至日韩周边发达国家抛在身后；移动支付抓住技术浪潮，走在世界前列；执着和耐心，寓改革于发展中，苦心孤诣创造改革机会。</p><p>小川则只是轻描淡写一句话：“我觉得有幸跟大家一起在金融改革开放方面做工作，向前推进，很有幸的一件事”。这是小川在发布会上被问及执掌央行15年间最难忘的时刻做出的回答。</p><p>每一个人都在时代潮流中做自己的事情，发挥自己应有的作用，小川亦是如此。改革之外，作为央行行长的15年，小川带给中国央行的改变也是巨大的。</p><p>多位和小川有直接接触的人士均向《财经》记者表示，作为中国央行行长，小川行长做的最大的贡献是提高了中国央行在国际央行中的地位和影响力，而且是靠专业实力赢得的。</p><p>小川在任的15年也是中国央行在分业监管下的15年，注重学术研究的小川在分业监管下，其执掌的央行也发挥了颇多贡献，其中包括金融系统稳定、互联网金融整治以及资管新规等穿透式监管制定。</p><p>当前，中国金融监管体系的新一轮调整即将开始，对此，小川在发布会上表示，央行要牵头增强各机构间协调的效率，但是否使用“双峰”监管的体制，目前还是要观察一段时间。而国务院金融稳定与发展委员会成立，并且办公室设在人民银行，表明人民银行将在新的金融监管框架中起到更重要的作用。</p><p>在未来的改革中，小川的身影会在哪里，以其固有的改革热情来看，业界颇有预期。</p><p>央行国际化</p><p><br/></p>'),
(14, 14, 1, 1, 1520838976, 795357716, 1, 0, 0, 0, '<p>深圳正在建设全球海洋中心城市，海洋资源开发需求不断增长，深圳拟改变过去以申请审批方式获取海域使用权的模式，建立海域使用权公开出让制度，对同一海域有两个以上意向用海人的用海或采取拍卖方式出让。<br/></p><p>3月11日，记者从深圳市法制办获悉，为加强海洋环境保护，促进海域资源的合理开发和可持续利用，拓展城市发展空间，深圳市规划国土委(市海洋局)已起草了《深圳经济特区海域管理条例(征求意见稿)》(以下简称《条例》)。</p><p>遵循“先保护后利用”立法思路</p><p>深圳市规划国土委(市海洋局)相关负责人表示，近年来，国家海洋局赋予深圳先行先试职责，先后批复深圳为国家海洋综合管理示范区、国家海洋经济科技发展示范市。2017年5月，《全国海洋经济发展“十三五”规划》则明确提出推进深圳建设全球海洋中心城市。同时，深圳土地资源紧缺，向海洋要资源、要环境、要空间已成为深圳进一步拓展城市发展空间的重要途径，“海洋经济”被确定为深圳未来四大产业之一。</p><p>但目前深圳尚未制定出台海域资源管理的相关政策法规，海域使用规划、海域资源流转、海上工程建设、海岸带管理等因缺乏明确的法律依据而无法深入开展，海洋生态环境恶化现象仍未受到根本性遏制，有些区域甚至还存在继续恶化趋势。</p><p>“随着海洋开发密度、强度的不断加大，深圳在海域使用管理中出现了海域面积不断缩小、海洋环境质量下降、赤潮等灾害风险不断加大、海洋环境污染行为缺乏有效遏制等现象，违法用海和不科学的海洋开发活动也时有发生，这些新情况和新问题严重影响了海洋环境质量，需要通过立法来规范。”该负责人表示，《条例》在草拟时，遵循“先保护后利用”的立法思路，拟实行海洋环境保护与海域使用管理一体化立法。</p><p>私设管道向海洋排污或罚20万元</p><p>与城市土地管理相比，深圳海域规划明显滞后，《条例》此次将构建包括“海洋功能区划、海洋环境保护规划、海域使用规划以及海岸带保护与利用规划”的海域规划体系。其中，“海洋功能区划”是依据。</p><p>在海洋环境保护上，《条例》将建立海域排污总量指标控制制度和海洋环境监测报告制度，要求重点入海排污企业以及可能造成海洋环境重大污染的海上作业单位，应对所占用海域及其周边海域环境质量进行监测，并提交海洋环境监测报告。同时，设置入海排污口前应征求海洋部门及区政府意见，对海洋疏浚、清淤物倾倒实行备案制度。</p><p>“对海洋的开发利用都会在一定程度上对海洋生态环境造成难以逆转的影响，尤其是海洋环境具有脆弱性和异变性，一旦遭到破坏，很难再被恢复。因此，此次将对破坏海洋生态环境和违法用海的行为给予严厉打击，通过特区立法，设定较高的处罚标准，增强威慑力。”该负责人说。</p><p>记者注意到，针对私设管道或者采取其他规避监管的方式向海洋排放水污染物或者设置入海排污口的行为，《条例》拟在环保主管部门责令限期改正后，并处20万元罚款;情节严重的，责令停产停业;造成海洋环境污染事故，对单位或个人造成损害的，将承担赔偿责任。未取得废弃物倾倒许可证，不得使用自卸式船舶等装载工具在深圳海域装载、运送淤泥渣土和有毒有害物质等废弃物。违者由海监机构责令改正，并处50万元罚款;情节严重的，可吊销许可证。</p><p><br/></p>', '<p>深圳正在建设全球海洋中心城市，海洋资源开发需求不断增长，深圳拟改变过去以申请审批方式获取海域使用权的模式，建立海域使用权公开出让制度，对同一海域有两个以上意向用海人的用海或采取拍卖方式出让。<br/></p><p>3月11日，记者从深圳市法制办获悉，为加强海洋环境保护，促进海域资源的合理开发和可持续利用，拓展城市发展空间，深圳市规划国土委(市海洋局)已起草了《深圳经济特区海域管理条例(征求意见稿)》(以下简称《条例》)。</p><p>遵循“先保护后利用”立法思路</p><p>深圳市规划国土委(市海洋局)相关负责人表示，近年来，国家海洋局赋予深圳先行先试职责，先后批复深圳为国家海洋综合管理示范区、国家海洋经济科技发展示范市。2017年5月，《全国海洋经济发展“十三五”规划》则明确提出推进深圳建设全球海洋中心城市。同时，深圳土地资源紧缺，向海洋要资源、要环境、要空间已成为深圳进一步拓展城市发展空间的重要途径，“海洋经济”被确定为深圳未来四大产业之一。</p><p>但目前深圳尚未制定出台海域资源管理的相关政策法规，海域使用规划、海域资源流转、海上工程建设、海岸带管理等因缺乏明确的法律依据而无法深入开展，海洋生态环境恶化现象仍未受到根本性遏制，有些区域甚至还存在继续恶化趋势。</p><p>“随着海洋开发密度、强度的不断加大，深圳在海域使用管理中出现了海域面积不断缩小、海洋环境质量下降、赤潮等灾害风险不断加大、海洋环境污染行为缺乏有效遏制等现象，违法用海和不科学的海洋开发活动也时有发生，这些新情况和新问题严重影响了海洋环境质量，需要通过立法来规范。”该负责人表示，《条例》在草拟时，遵循“先保护后利用”的立法思路，拟实行海洋环境保护与海域使用管理一体化立法。</p><p>私设管道向海洋排污或罚20万元</p><p>与城市土地管理相比，深圳海域规划明显滞后，《条例》此次将构建包括“海洋功能区划、海洋环境保护规划、海域使用规划以及海岸带保护与利用规划”的海域规划体系。其中，“海洋功能区划”是依据。</p><p>在海洋环境保护上，《条例》将建立海域排污总量指标控制制度和海洋环境监测报告制度，要求重点入海排污企业以及可能造成海洋环境重大污染的海上作业单位，应对所占用海域及其周边海域环境质量进行监测，并提交海洋环境监测报告。同时，设置入海排污口前应征求海洋部门及区政府意见，对海洋疏浚、清淤物倾倒实行备案制度。</p><p>“对海洋的开发利用都会在一定程度上对海洋生态环境造成难以逆转的影响，尤其是海洋环境具有脆弱性和异变性，一旦遭到破坏，很难再被恢复。因此，此次将对破坏海洋生态环境和违法用海的行为给予严厉打击，通过特区立法，设定较高的处罚标准，增强威慑力。”该负责人说。</p><p>记者注意到，针对私设管道或者采取其他规避监管的方式向海洋排放水污染物或者设置入海排污口的行为，《条例》拟在环保主管部门责令限期改正后，并处20万元罚款;情节严重的，责令停产停业;造成海洋环境污染事故，对单位或个人造成损害的，将承担赔偿责任。未取得废弃物倾倒许可证，不得使用自卸式船舶等装载工具在深圳海域装载、运送淤泥渣土和有毒有害物质等废弃物。违者由海监机构责令改正，并处50万元罚款;情节严重的，可吊销许可证。</p><p><br/></p>');
INSERT INTO `bbs_post` (`tid`, `pid`, `uid`, `isfirst`, `create_date`, `userip`, `images`, `files`, `doctype`, `quotepid`, `message`, `message_fmt`) VALUES
(15, 15, 1, 1, 1520839085, 795357716, 0, 0, 0, 0, '<p><br/></p><p class=\"f_center\" style=\"margin-top: 32px; margin-bottom: 0px; padding: 0px; font-size: 18px; font-stretch: normal; line-height: 32px; font-family: &quot;Microsoft Yahei&quot;; color: rgb(64, 64, 64); text-align: center;\"><img alt=\"降低票价写入政府工作报告 游客:有景区票价虚高\" src=\"http://dingyue.nosdn.127.net/0Pffz8YiwxqBoXqcf0ODrywgWBQ8QYnPIGmaM7kYcSFYO1520835370115compressflag.jpg\" id=\"netease15208353700745\" style=\"border-width: 0px; border-style: initial; border-color: initial; margin: 0px auto; display: block;\"/><span style=\"text-align: justify;\">全国人大代表、无锡灵山文化旅游集团有限公司董事长吴国平接受记者采访 摄影：李晋</span></p><p class=\"f_center\" style=\"margin-top: 32px; margin-bottom: 0px; padding: 0px; font-size: 18px; font-stretch: normal; line-height: 32px; font-family: &quot;Microsoft Yahei&quot;; color: rgb(64, 64, 64); text-align: center;\"><img alt=\"降低票价写入政府工作报告 游客:有景区票价虚高\" src=\"http://dingyue.nosdn.127.net/hfoimWyhfgNTM=AeyrVZYF=9twK8y=7pa2851upKqgr9e1520835370116compressflag.jpg\" id=\"netease1520835370074226\" style=\"border-width: 0px; border-style: initial; border-color: initial; margin: 0px auto; display: block;\"/><span style=\"text-align: justify;\">全国人大代表、云南省省长阮成发 摄影：李晋</span></p><p style=\"margin-top: 32px; margin-bottom: 0px; padding: 0px; font-size: 18px; text-indent: 2em; font-stretch: normal; line-height: 32px; font-family: &quot;Microsoft Yahei&quot;; color: rgb(64, 64, 64); text-align: justify;\">国际在线报道 中国政府今年的工作报告多次提及“旅游”，特别是在对新一年政府工作建议中，提到了创建全域旅游示范区，降低重点国有景区门票价格等内容。来自旅游业界的全国人大代表和业内专家表示，中国旅游业正进入发展机遇期，未来将走出“门票经济”的怪圈，实现转型升级。</p><p style=\"margin-top: 32px; margin-bottom: 0px; padding: 0px; font-size: 18px; text-indent: 2em; font-stretch: normal; line-height: 32px; font-family: &quot;Microsoft Yahei&quot;; color: rgb(64, 64, 64); text-align: justify;\">近些年，中国部分景区门票价格虚高，有的超出了普通家庭的承受能力。记者在街头进行了随机采访，不少游客对此颇有抱怨：</p><p style=\"margin-top: 32px; margin-bottom: 0px; padding: 0px; font-size: 18px; text-indent: 2em; font-stretch: normal; line-height: 32px; font-family: &quot;Microsoft Yahei&quot;; color: rgb(64, 64, 64); text-align: justify;\">“我觉得北京大部分景区收费合理，但是在咱们全国来说，少数知名景区收费比较高。”</p><p style=\"margin-top: 32px; margin-bottom: 0px; padding: 0px; font-size: 18px; text-indent: 2em; font-stretch: normal; line-height: 32px; font-family: &quot;Microsoft Yahei&quot;; color: rgb(64, 64, 64); text-align: justify;\">“有的地方是合理的，有的地方是不合理的。你像社区的公园，没有什么文物保护价值的，只是景色性的你再收费的话就不合理。”</p><p style=\"margin-top: 32px; margin-bottom: 0px; padding: 0px; font-size: 18px; text-indent: 2em; font-stretch: normal; line-height: 32px; font-family: &quot;Microsoft Yahei&quot;; color: rgb(64, 64, 64); text-align: justify;\">“还是应该稍微低点儿，大众老百姓都能接受最好，能吸引更多人出去旅游。”</p><p style=\"margin-top: 32px; margin-bottom: 0px; padding: 0px; font-size: 18px; text-indent: 2em; font-stretch: normal; line-height: 32px; font-family: &quot;Microsoft Yahei&quot;; color: rgb(64, 64, 64); text-align: justify;\">降低景区门票价格，是不少中国百姓的期待。近年来，国内一些景区已经有所变化。比如，冬季时，全国百余家景区执行淡季价格，包括黄山、莫高窟、故宫、布达拉宫等5A级景区，有的门票降幅达50％。</p><p style=\"margin-top: 32px; margin-bottom: 0px; padding: 0px; font-size: 18px; text-indent: 2em; font-stretch: normal; line-height: 32px; font-family: &quot;Microsoft Yahei&quot;; color: rgb(64, 64, 64); text-align: justify;\">今年的政府工作报告中进一步提出，要降低国有景区的门票价格。全国人大代表、无锡灵山文化旅游集团有限公司董事长吴国平认为，降低国有景区门票价格，不止是让百姓更有获得感，也能倒逼中国旅游业转型升级：“对我们旅游从业者来讲，是一个倒逼机制——就是今后不能再仅仅依靠门票来生存，一定要走出门票经济的怪圈，把这个痛点一定要解决。”</p><p style=\"margin-top: 32px; margin-bottom: 0px; padding: 0px; font-size: 18px; text-indent: 2em; font-stretch: normal; line-height: 32px; font-family: &quot;Microsoft Yahei&quot;; color: rgb(64, 64, 64); text-align: justify;\">长久以来，中国景区依靠“门票经济”的顽疾难除。全国人大代表、峨眉山市市长、峨眉山景区管委会主任吴小怡表示，景区要做好全域旅游这篇文章，发扬和传承地方特色文化，提升旅游服务质量，“要有压力才能有动力，这个出路其实就是我们的产业经济，我们峨眉山用‘一核三环四片一廊一镇’加大对周边产业的发展，无论是我们的餐饮，还有我们的演艺，还有我们的交通，这些一块儿上去以后，对我们的整个产业发展是起到至关重要的作用的。”</p><p style=\"margin-top: 32px; margin-bottom: 0px; padding: 0px; font-size: 18px; text-indent: 2em; font-stretch: normal; line-height: 32px; font-family: &quot;Microsoft Yahei&quot;; color: rgb(64, 64, 64); text-align: justify;\">位于四川的峨眉山，是中国“四大佛教名山”之一。“一核三环四片一廊一镇”是峨眉山市推动全域旅游发展的具体规划。通过一个核心景区、三条旅游环线、四个旅游综合开发区、一条旅游走廊和一个旅游小镇，布局全域旅游的发展。在这一规划的指导下，峨眉山全域旅游的发展初见成效。去年到峨眉山旅游的人数大幅增长，达到1416万人次，其中到核心景区－－峨眉山景区的旅游人数占比却有所下降。</p><p style=\"margin-top: 32px; margin-bottom: 0px; padding: 0px; font-size: 18px; text-indent: 2em; font-stretch: normal; line-height: 32px; font-family: &quot;Microsoft Yahei&quot;; color: rgb(64, 64, 64); text-align: justify;\">全域旅游，就是指将一定区域作为完整旅游目的地，以旅游业为优势产业进行统一布局、优化公共服务、综合统筹管理、整体营销推广，最大限度满足民众消费的发展。去年，这一概念被首次写入政府工作报告。今年的政府工作报告再次提出，要创建全域旅游示范区。对此，中国旅游智库秘书长石培华认为，全域旅游发展有望进一步提速，“明确提出推动全域旅游示范区创建，不但是要继续发展全域旅游，而且将全域旅游推向增速，同时也将全域旅游创建工作从国家旅游局一个部门去推动变成政府工作报告去全面推动。”</p><p style=\"margin-top: 32px; margin-bottom: 0px; padding: 0px; font-size: 18px; text-indent: 2em; font-stretch: normal; line-height: 32px; font-family: &quot;Microsoft Yahei&quot;; color: rgb(64, 64, 64); text-align: justify;\">按照中国旅游主管部门此前的计划，将在2020年前创建500个左右的全域旅游示范区。来自旅游业界的全国人大代表们认为，推动全域旅游的发展是当前中国旅游业进行供给侧结构性改革的重要抓手之一。与此同时，要进一步推动旅游业从“量”向“质”的转变。</p><p><br/></p>', '<p><br/></p><p class=\"f_center\" style=\"margin-top: 32px; margin-bottom: 0px; padding: 0px; font-size: 18px; font-stretch: normal; line-height: 32px; font-family: &quot;Microsoft Yahei&quot;; color: rgb(64, 64, 64); text-align: center;\"><img alt=\"降低票价写入政府工作报告 游客:有景区票价虚高\" src=\"http://dingyue.nosdn.127.net/0Pffz8YiwxqBoXqcf0ODrywgWBQ8QYnPIGmaM7kYcSFYO1520835370115compressflag.jpg\" id=\"netease15208353700745\" style=\"border-width: 0px; border-style: initial; border-color: initial; margin: 0px auto; display: block;\"/><span style=\"text-align: justify;\">全国人大代表、无锡灵山文化旅游集团有限公司董事长吴国平接受记者采访 摄影：李晋</span></p><p class=\"f_center\" style=\"margin-top: 32px; margin-bottom: 0px; padding: 0px; font-size: 18px; font-stretch: normal; line-height: 32px; font-family: &quot;Microsoft Yahei&quot;; color: rgb(64, 64, 64); text-align: center;\"><img alt=\"降低票价写入政府工作报告 游客:有景区票价虚高\" src=\"http://dingyue.nosdn.127.net/hfoimWyhfgNTM=AeyrVZYF=9twK8y=7pa2851upKqgr9e1520835370116compressflag.jpg\" id=\"netease1520835370074226\" style=\"border-width: 0px; border-style: initial; border-color: initial; margin: 0px auto; display: block;\"/><span style=\"text-align: justify;\">全国人大代表、云南省省长阮成发 摄影：李晋</span></p><p style=\"margin-top: 32px; margin-bottom: 0px; padding: 0px; font-size: 18px; text-indent: 2em; font-stretch: normal; line-height: 32px; font-family: &quot;Microsoft Yahei&quot;; color: rgb(64, 64, 64); text-align: justify;\">国际在线报道 中国政府今年的工作报告多次提及“旅游”，特别是在对新一年政府工作建议中，提到了创建全域旅游示范区，降低重点国有景区门票价格等内容。来自旅游业界的全国人大代表和业内专家表示，中国旅游业正进入发展机遇期，未来将走出“门票经济”的怪圈，实现转型升级。</p><p style=\"margin-top: 32px; margin-bottom: 0px; padding: 0px; font-size: 18px; text-indent: 2em; font-stretch: normal; line-height: 32px; font-family: &quot;Microsoft Yahei&quot;; color: rgb(64, 64, 64); text-align: justify;\">近些年，中国部分景区门票价格虚高，有的超出了普通家庭的承受能力。记者在街头进行了随机采访，不少游客对此颇有抱怨：</p><p style=\"margin-top: 32px; margin-bottom: 0px; padding: 0px; font-size: 18px; text-indent: 2em; font-stretch: normal; line-height: 32px; font-family: &quot;Microsoft Yahei&quot;; color: rgb(64, 64, 64); text-align: justify;\">“我觉得北京大部分景区收费合理，但是在咱们全国来说，少数知名景区收费比较高。”</p><p style=\"margin-top: 32px; margin-bottom: 0px; padding: 0px; font-size: 18px; text-indent: 2em; font-stretch: normal; line-height: 32px; font-family: &quot;Microsoft Yahei&quot;; color: rgb(64, 64, 64); text-align: justify;\">“有的地方是合理的，有的地方是不合理的。你像社区的公园，没有什么文物保护价值的，只是景色性的你再收费的话就不合理。”</p><p style=\"margin-top: 32px; margin-bottom: 0px; padding: 0px; font-size: 18px; text-indent: 2em; font-stretch: normal; line-height: 32px; font-family: &quot;Microsoft Yahei&quot;; color: rgb(64, 64, 64); text-align: justify;\">“还是应该稍微低点儿，大众老百姓都能接受最好，能吸引更多人出去旅游。”</p><p style=\"margin-top: 32px; margin-bottom: 0px; padding: 0px; font-size: 18px; text-indent: 2em; font-stretch: normal; line-height: 32px; font-family: &quot;Microsoft Yahei&quot;; color: rgb(64, 64, 64); text-align: justify;\">降低景区门票价格，是不少中国百姓的期待。近年来，国内一些景区已经有所变化。比如，冬季时，全国百余家景区执行淡季价格，包括黄山、莫高窟、故宫、布达拉宫等5A级景区，有的门票降幅达50％。</p><p style=\"margin-top: 32px; margin-bottom: 0px; padding: 0px; font-size: 18px; text-indent: 2em; font-stretch: normal; line-height: 32px; font-family: &quot;Microsoft Yahei&quot;; color: rgb(64, 64, 64); text-align: justify;\">今年的政府工作报告中进一步提出，要降低国有景区的门票价格。全国人大代表、无锡灵山文化旅游集团有限公司董事长吴国平认为，降低国有景区门票价格，不止是让百姓更有获得感，也能倒逼中国旅游业转型升级：“对我们旅游从业者来讲，是一个倒逼机制——就是今后不能再仅仅依靠门票来生存，一定要走出门票经济的怪圈，把这个痛点一定要解决。”</p><p style=\"margin-top: 32px; margin-bottom: 0px; padding: 0px; font-size: 18px; text-indent: 2em; font-stretch: normal; line-height: 32px; font-family: &quot;Microsoft Yahei&quot;; color: rgb(64, 64, 64); text-align: justify;\">长久以来，中国景区依靠“门票经济”的顽疾难除。全国人大代表、峨眉山市市长、峨眉山景区管委会主任吴小怡表示，景区要做好全域旅游这篇文章，发扬和传承地方特色文化，提升旅游服务质量，“要有压力才能有动力，这个出路其实就是我们的产业经济，我们峨眉山用‘一核三环四片一廊一镇’加大对周边产业的发展，无论是我们的餐饮，还有我们的演艺，还有我们的交通，这些一块儿上去以后，对我们的整个产业发展是起到至关重要的作用的。”</p><p style=\"margin-top: 32px; margin-bottom: 0px; padding: 0px; font-size: 18px; text-indent: 2em; font-stretch: normal; line-height: 32px; font-family: &quot;Microsoft Yahei&quot;; color: rgb(64, 64, 64); text-align: justify;\">位于四川的峨眉山，是中国“四大佛教名山”之一。“一核三环四片一廊一镇”是峨眉山市推动全域旅游发展的具体规划。通过一个核心景区、三条旅游环线、四个旅游综合开发区、一条旅游走廊和一个旅游小镇，布局全域旅游的发展。在这一规划的指导下，峨眉山全域旅游的发展初见成效。去年到峨眉山旅游的人数大幅增长，达到1416万人次，其中到核心景区－－峨眉山景区的旅游人数占比却有所下降。</p><p style=\"margin-top: 32px; margin-bottom: 0px; padding: 0px; font-size: 18px; text-indent: 2em; font-stretch: normal; line-height: 32px; font-family: &quot;Microsoft Yahei&quot;; color: rgb(64, 64, 64); text-align: justify;\">全域旅游，就是指将一定区域作为完整旅游目的地，以旅游业为优势产业进行统一布局、优化公共服务、综合统筹管理、整体营销推广，最大限度满足民众消费的发展。去年，这一概念被首次写入政府工作报告。今年的政府工作报告再次提出，要创建全域旅游示范区。对此，中国旅游智库秘书长石培华认为，全域旅游发展有望进一步提速，“明确提出推动全域旅游示范区创建，不但是要继续发展全域旅游，而且将全域旅游推向增速，同时也将全域旅游创建工作从国家旅游局一个部门去推动变成政府工作报告去全面推动。”</p><p style=\"margin-top: 32px; margin-bottom: 0px; padding: 0px; font-size: 18px; text-indent: 2em; font-stretch: normal; line-height: 32px; font-family: &quot;Microsoft Yahei&quot;; color: rgb(64, 64, 64); text-align: justify;\">按照中国旅游主管部门此前的计划，将在2020年前创建500个左右的全域旅游示范区。来自旅游业界的全国人大代表们认为，推动全域旅游的发展是当前中国旅游业进行供给侧结构性改革的重要抓手之一。与此同时，要进一步推动旅游业从“量”向“质”的转变。</p><p><br/></p>'),
(16, 16, 1, 1, 1520839139, 795357716, 1, 0, 0, 0, '<p style=\"margin-top: 32px; margin-bottom: 0px; padding: 0px; font-size: 18px; text-indent: 2em; font-stretch: normal; line-height: 32px; font-family: &quot;Microsoft Yahei&quot;; color: rgb(64, 64, 64); text-align: justify;\">每日经济新闻在去年9月曾报道过“网红教授”薛兆丰在付费APP上开设音频课程的消息。</p><p style=\"margin-top: 32px; margin-bottom: 0px; padding: 0px; font-size: 18px; text-indent: 2em; font-stretch: normal; line-height: 32px; font-family: &quot;Microsoft Yahei&quot;; color: rgb(64, 64, 64); text-align: justify;\">截至北京时间3月12日早间，这门网上课程的订阅人数已突破25万人。按照订阅费用199元/年计算，薛教授在这个平台上的“营业额”已达到5000万元。</p><p class=\"f_center\" style=\"margin-top: 32px; margin-bottom: 0px; padding: 0px; font-size: 18px; font-stretch: normal; line-height: 32px; font-family: &quot;Microsoft Yahei&quot;; color: rgb(64, 64, 64); text-align: center;\"><img alt=\"网红教授网上讲课收入达5000万:曾建议火车票提价\" src=\"http://dingyue.nosdn.127.net/ubUToWTwMKHqWJbdYaxLbqN4MeudkKlU=TX87O98QlGQc1520833072757transferflag.png\" width=\"554\" height=\"494\" style=\"vertical-align: top; border-width: 0px; border-style: initial; border-color: initial;\"/></p><p style=\"margin-top: 32px; margin-bottom: 0px; padding: 0px; font-size: 18px; text-indent: 2em; font-stretch: normal; line-height: 32px; font-family: &quot;Microsoft Yahei&quot;; color: rgb(64, 64, 64); text-align: justify;\">在近年逐渐流行开来的“知识付费”大潮中，薛兆丰无疑做到了名利双收。</p><p style=\"margin-top: 32px; margin-bottom: 0px; padding: 0px; font-size: 18px; text-indent: 2em; font-stretch: normal; line-height: 32px; font-family: &quot;Microsoft Yahei&quot;; color: rgb(64, 64, 64); text-align: justify;\">然而最近，这位在大众眼里声名鹊起，在学术界内争议颇多的“网红教授”，却选择辞职离开了给自己带来无数光环的北大。</p><p style=\"margin-top: 32px; margin-bottom: 0px; padding: 0px; font-size: 18px; text-indent: 2em; font-stretch: normal; line-height: 32px; font-family: &quot;Microsoft Yahei&quot;; color: rgb(64, 64, 64); text-align: justify;\">3月10日，一位接近北大国家发展研究院(以下简称“国发院”)的人士告诉新京报记者，薛兆丰近日向北大国发院提交了辞职报告，并且获得了北大国发院的批准。随后新浪财经等多家媒体也证实了这一消息。</p><p style=\"margin-top: 32px; margin-bottom: 0px; padding: 0px; font-size: 18px; text-indent: 2em; font-stretch: normal; line-height: 32px; font-family: &quot;Microsoft Yahei&quot;; color: rgb(64, 64, 64); text-align: justify;\"><strong>成名已久的“网红”教授</strong></p><p style=\"margin-top: 32px; margin-bottom: 0px; padding: 0px; font-size: 18px; text-indent: 2em; font-stretch: normal; line-height: 32px; font-family: &quot;Microsoft Yahei&quot;; color: rgb(64, 64, 64); text-align: justify;\">每经小编注意到，薛兆丰早在开设付费课程之前，就已经频繁在媒体发声，他发表过的一系列经济学观点更是在社会上引起热烈的讨论。</p><p style=\"margin-top: 32px; margin-bottom: 0px; padding: 0px; font-size: 18px; text-indent: 2em; font-stretch: normal; line-height: 32px; font-family: &quot;Microsoft Yahei&quot;; color: rgb(64, 64, 64); text-align: justify;\">根据公开资料，薛兆丰1991年毕业于深圳大学，2003年到2008年他在美国乔治·梅森大学经济系学习，获经济学博士学位，2010年进入北京大学国发院。薛兆丰在国发院就职期间，在教学本职工作之外也多次就公众事件发言，比如涉及网约车和垄断等话题。</p><p style=\"margin-top: 32px; margin-bottom: 0px; padding: 0px; font-size: 18px; text-indent: 2em; font-stretch: normal; line-height: 32px; font-family: &quot;Microsoft Yahei&quot;; color: rgb(64, 64, 64); text-align: justify;\">薛兆丰是可以算是中国最早一批公开讨论经济学话题的网民之一，他热衷于在网络和报刊发文经济学热点，由于他的观点尖锐，语言风格泼辣，也曾引发过很多口水战。</p><p style=\"margin-top: 32px; margin-bottom: 0px; padding: 0px; font-size: 18px; text-indent: 2em; font-stretch: normal; line-height: 32px; font-family: &quot;Microsoft Yahei&quot;; color: rgb(64, 64, 64); text-align: justify;\">2010年春节期间，薛兆丰发表文章称，</p><p style=\"margin-top: 32px; margin-bottom: 0px; padding: 0px; font-size: 18px; text-indent: 2em; font-stretch: normal; line-height: 32px; font-family: &quot;Microsoft Yahei&quot;; color: rgb(64, 64, 64); text-align: justify;\">“要解决春运综合症，即乘客长时间排队、黄牛党猖獗和火车站大混乱等关联现象，唯一办法就是让火车票充分提价。</p><p style=\"margin-top: 32px; margin-bottom: 0px; padding: 0px; font-size: 18px; text-indent: 2em; font-stretch: normal; line-height: 32px; font-family: &quot;Microsoft Yahei&quot;; color: rgb(64, 64, 64); text-align: justify;\">任何商品，因为人们的需求没有止境，所以只要价格过低，就会出现短缺。消除短缺的唯一办法，就是把价格提到足够高。”</p><p style=\"margin-top: 32px; margin-bottom: 0px; padding: 0px; font-size: 18px; text-indent: 2em; font-stretch: normal; line-height: 32px; font-family: &quot;Microsoft Yahei&quot;; color: rgb(64, 64, 64); text-align: justify;\">这种观点在当时引起了媒体的广泛讨论，很多学者和网友认为，薛兆丰运用纯粹的供需关系理论来解决春运火车票抢手这一复杂的社会问题，太过偏颇。</p><p class=\"f_center\" style=\"margin-top: 32px; margin-bottom: 0px; padding: 0px; font-size: 18px; font-stretch: normal; line-height: 32px; font-family: &quot;Microsoft Yahei&quot;; color: rgb(64, 64, 64); text-align: center;\"><img alt=\"网红教授网上讲课收入达5000万:曾建议火车票提价\" src=\"http://dingyue.nosdn.127.net/BU5f35Aslf9W07D85aPmcxJTE74yAyGAizDzKsQFTjA3P1520833072757transferflag.png\" width=\"550\" height=\"540\" style=\"vertical-align: top; border-width: 0px; border-style: initial; border-color: initial;\"/></p><p style=\"margin-top: 32px; margin-bottom: 0px; padding: 0px; font-size: 18px; text-indent: 2em; font-stretch: normal; line-height: 32px; font-family: &quot;Microsoft Yahei&quot;; color: rgb(64, 64, 64); text-align: justify;\">今年春节期间，北京大学国发院教授汪丁丁发起了一轮关于知识付费的讨论，提出“一流的知识永远免费”的观点。随后薛兆丰进行了回复，称有些人“生搬硬套、牵强伏虎、囫囵吞枣、故弄玄虚”，再次引发了汪丁丁的回击。汪丁丁在朋友圈称薛兆丰水平像是一个没有毕业的经济系学生，并且提到了张五常对薛兆丰的批评。</p><p><br/></p>', '<p style=\"margin-top: 32px; margin-bottom: 0px; padding: 0px; font-size: 18px; text-indent: 2em; font-stretch: normal; line-height: 32px; font-family: &quot;Microsoft Yahei&quot;; color: rgb(64, 64, 64); text-align: justify;\">每日经济新闻在去年9月曾报道过“网红教授”薛兆丰在付费APP上开设音频课程的消息。</p><p style=\"margin-top: 32px; margin-bottom: 0px; padding: 0px; font-size: 18px; text-indent: 2em; font-stretch: normal; line-height: 32px; font-family: &quot;Microsoft Yahei&quot;; color: rgb(64, 64, 64); text-align: justify;\">截至北京时间3月12日早间，这门网上课程的订阅人数已突破25万人。按照订阅费用199元/年计算，薛教授在这个平台上的“营业额”已达到5000万元。</p><p class=\"f_center\" style=\"margin-top: 32px; margin-bottom: 0px; padding: 0px; font-size: 18px; font-stretch: normal; line-height: 32px; font-family: &quot;Microsoft Yahei&quot;; color: rgb(64, 64, 64); text-align: center;\"><img alt=\"网红教授网上讲课收入达5000万:曾建议火车票提价\" src=\"http://dingyue.nosdn.127.net/ubUToWTwMKHqWJbdYaxLbqN4MeudkKlU=TX87O98QlGQc1520833072757transferflag.png\" width=\"554\" height=\"494\" style=\"vertical-align: top; border-width: 0px; border-style: initial; border-color: initial;\"/></p><p style=\"margin-top: 32px; margin-bottom: 0px; padding: 0px; font-size: 18px; text-indent: 2em; font-stretch: normal; line-height: 32px; font-family: &quot;Microsoft Yahei&quot;; color: rgb(64, 64, 64); text-align: justify;\">在近年逐渐流行开来的“知识付费”大潮中，薛兆丰无疑做到了名利双收。</p><p style=\"margin-top: 32px; margin-bottom: 0px; padding: 0px; font-size: 18px; text-indent: 2em; font-stretch: normal; line-height: 32px; font-family: &quot;Microsoft Yahei&quot;; color: rgb(64, 64, 64); text-align: justify;\">然而最近，这位在大众眼里声名鹊起，在学术界内争议颇多的“网红教授”，却选择辞职离开了给自己带来无数光环的北大。</p><p style=\"margin-top: 32px; margin-bottom: 0px; padding: 0px; font-size: 18px; text-indent: 2em; font-stretch: normal; line-height: 32px; font-family: &quot;Microsoft Yahei&quot;; color: rgb(64, 64, 64); text-align: justify;\">3月10日，一位接近北大国家发展研究院(以下简称“国发院”)的人士告诉新京报记者，薛兆丰近日向北大国发院提交了辞职报告，并且获得了北大国发院的批准。随后新浪财经等多家媒体也证实了这一消息。</p><p style=\"margin-top: 32px; margin-bottom: 0px; padding: 0px; font-size: 18px; text-indent: 2em; font-stretch: normal; line-height: 32px; font-family: &quot;Microsoft Yahei&quot;; color: rgb(64, 64, 64); text-align: justify;\"><strong>成名已久的“网红”教授</strong></p><p style=\"margin-top: 32px; margin-bottom: 0px; padding: 0px; font-size: 18px; text-indent: 2em; font-stretch: normal; line-height: 32px; font-family: &quot;Microsoft Yahei&quot;; color: rgb(64, 64, 64); text-align: justify;\">每经小编注意到，薛兆丰早在开设付费课程之前，就已经频繁在媒体发声，他发表过的一系列经济学观点更是在社会上引起热烈的讨论。</p><p style=\"margin-top: 32px; margin-bottom: 0px; padding: 0px; font-size: 18px; text-indent: 2em; font-stretch: normal; line-height: 32px; font-family: &quot;Microsoft Yahei&quot;; color: rgb(64, 64, 64); text-align: justify;\">根据公开资料，薛兆丰1991年毕业于深圳大学，2003年到2008年他在美国乔治·梅森大学经济系学习，获经济学博士学位，2010年进入北京大学国发院。薛兆丰在国发院就职期间，在教学本职工作之外也多次就公众事件发言，比如涉及网约车和垄断等话题。</p><p style=\"margin-top: 32px; margin-bottom: 0px; padding: 0px; font-size: 18px; text-indent: 2em; font-stretch: normal; line-height: 32px; font-family: &quot;Microsoft Yahei&quot;; color: rgb(64, 64, 64); text-align: justify;\">薛兆丰是可以算是中国最早一批公开讨论经济学话题的网民之一，他热衷于在网络和报刊发文经济学热点，由于他的观点尖锐，语言风格泼辣，也曾引发过很多口水战。</p><p style=\"margin-top: 32px; margin-bottom: 0px; padding: 0px; font-size: 18px; text-indent: 2em; font-stretch: normal; line-height: 32px; font-family: &quot;Microsoft Yahei&quot;; color: rgb(64, 64, 64); text-align: justify;\">2010年春节期间，薛兆丰发表文章称，</p><p style=\"margin-top: 32px; margin-bottom: 0px; padding: 0px; font-size: 18px; text-indent: 2em; font-stretch: normal; line-height: 32px; font-family: &quot;Microsoft Yahei&quot;; color: rgb(64, 64, 64); text-align: justify;\">“要解决春运综合症，即乘客长时间排队、黄牛党猖獗和火车站大混乱等关联现象，唯一办法就是让火车票充分提价。</p><p style=\"margin-top: 32px; margin-bottom: 0px; padding: 0px; font-size: 18px; text-indent: 2em; font-stretch: normal; line-height: 32px; font-family: &quot;Microsoft Yahei&quot;; color: rgb(64, 64, 64); text-align: justify;\">任何商品，因为人们的需求没有止境，所以只要价格过低，就会出现短缺。消除短缺的唯一办法，就是把价格提到足够高。”</p><p style=\"margin-top: 32px; margin-bottom: 0px; padding: 0px; font-size: 18px; text-indent: 2em; font-stretch: normal; line-height: 32px; font-family: &quot;Microsoft Yahei&quot;; color: rgb(64, 64, 64); text-align: justify;\">这种观点在当时引起了媒体的广泛讨论，很多学者和网友认为，薛兆丰运用纯粹的供需关系理论来解决春运火车票抢手这一复杂的社会问题，太过偏颇。</p><p class=\"f_center\" style=\"margin-top: 32px; margin-bottom: 0px; padding: 0px; font-size: 18px; font-stretch: normal; line-height: 32px; font-family: &quot;Microsoft Yahei&quot;; color: rgb(64, 64, 64); text-align: center;\"><img alt=\"网红教授网上讲课收入达5000万:曾建议火车票提价\" src=\"http://dingyue.nosdn.127.net/BU5f35Aslf9W07D85aPmcxJTE74yAyGAizDzKsQFTjA3P1520833072757transferflag.png\" width=\"550\" height=\"540\" style=\"vertical-align: top; border-width: 0px; border-style: initial; border-color: initial;\"/></p><p style=\"margin-top: 32px; margin-bottom: 0px; padding: 0px; font-size: 18px; text-indent: 2em; font-stretch: normal; line-height: 32px; font-family: &quot;Microsoft Yahei&quot;; color: rgb(64, 64, 64); text-align: justify;\">今年春节期间，北京大学国发院教授汪丁丁发起了一轮关于知识付费的讨论，提出“一流的知识永远免费”的观点。随后薛兆丰进行了回复，称有些人“生搬硬套、牵强伏虎、囫囵吞枣、故弄玄虚”，再次引发了汪丁丁的回击。汪丁丁在朋友圈称薛兆丰水平像是一个没有毕业的经济系学生，并且提到了张五常对薛兆丰的批评。</p><p><br/></p>'),
(17, 17, 1, 1, 1520839259, 795357716, 1, 0, 0, 0, '<p><br/></p><p>瞭望周刊记者：我们知道，过去五年来，我国的发展取得了历史性的成就，党和国家的事业也发生了历史性变革，对于这样的历史性成就和历史性变革，我想问过去五年的立法工作取得了怎样的成就？另外适应国家整体布局和战略布局的需要，过去五年的立法又有哪些鲜明的特点？</p><p>法制工作委员会副主任许安标：很高兴回答你的问题。正如你所说，立法工作与党和国家其他事业一样，在过去五年取得了历史性的成就。昨天下午张德江委员长向全国人大报告了常委会的工作，对过去五年的立法工作做了全面、深刻的总结。过去五年在以习近平同志为核心的党中央坚强领导下，十二届全国人大常委会坚决贯彻落实党中央的决策部署，立法的数量多、份量重、节奏快、效果好，取得了一批新的重要成果。经济、政治、文化、社会、生态领域一批重大的立法项目相继出台，保障宪法实施的法律制度不断健全，国家安全法律制度体系基本确立，制定了民法总则，民法典编纂工作取得重大进展。</p><p>这里有一个基本的数据可能大家也有所了解，就是到今年的2月底，十二届全国人大及其常委会制定法律25部，在中国特色社会主义法律体系形成之后，一届制定的新法又增加了25部，这是很大的成绩。修改的法律是127件次，通过有关法律问题的决定和重大问题的决定46件，做出法律解释9件，我国现行有效的法律总共达到了263部，有一个总体的判断，就是以宪法为核心的中国特色社会主义法律体系进一步完善和发展。</p><p>刚才你也问到了，过去五年立法工作有哪些鲜明的特色，我想有以下三个方面：第一，坚持党中央对立法工作的集中统一领导，坚决贯彻落实党中央的决策部署。全国人大常委会始终把坚持党的领导贯穿于人大工作和立法工作的各方面、全过程，比如说完善重大立法项目和立法中的重大问题向党中央请示报告制度，就立法规划的编制、立法规划的调整、立法中的重大问题向党中央请示报告，先后就民法总则、预算法的修改、立法法的修改、国家安全法和网络安全法等重要法律草案涉及的重大问题向党中央请示。</p><p>第二，坚持立法决策与改革决策相衔接，通过修改相关法律做出授权决定，支持和推动相关领域的改革，积极发挥立法的引领、推动作用。我们做了一个统计，五年来依照法定程序做出的授权决定和改革决定有21件，这里涉及到自由贸易区、行政审批制度改革、农村土地制度改革、金融体制改革、司法体制改革等方方面面。共15次打包修改法律95件次，应该说力度是前所未有的。</p><p><br/></p>', '<p><br/></p><p>瞭望周刊记者：我们知道，过去五年来，我国的发展取得了历史性的成就，党和国家的事业也发生了历史性变革，对于这样的历史性成就和历史性变革，我想问过去五年的立法工作取得了怎样的成就？另外适应国家整体布局和战略布局的需要，过去五年的立法又有哪些鲜明的特点？</p><p>法制工作委员会副主任许安标：很高兴回答你的问题。正如你所说，立法工作与党和国家其他事业一样，在过去五年取得了历史性的成就。昨天下午张德江委员长向全国人大报告了常委会的工作，对过去五年的立法工作做了全面、深刻的总结。过去五年在以习近平同志为核心的党中央坚强领导下，十二届全国人大常委会坚决贯彻落实党中央的决策部署，立法的数量多、份量重、节奏快、效果好，取得了一批新的重要成果。经济、政治、文化、社会、生态领域一批重大的立法项目相继出台，保障宪法实施的法律制度不断健全，国家安全法律制度体系基本确立，制定了民法总则，民法典编纂工作取得重大进展。</p><p>这里有一个基本的数据可能大家也有所了解，就是到今年的2月底，十二届全国人大及其常委会制定法律25部，在中国特色社会主义法律体系形成之后，一届制定的新法又增加了25部，这是很大的成绩。修改的法律是127件次，通过有关法律问题的决定和重大问题的决定46件，做出法律解释9件，我国现行有效的法律总共达到了263部，有一个总体的判断，就是以宪法为核心的中国特色社会主义法律体系进一步完善和发展。</p><p>刚才你也问到了，过去五年立法工作有哪些鲜明的特色，我想有以下三个方面：第一，坚持党中央对立法工作的集中统一领导，坚决贯彻落实党中央的决策部署。全国人大常委会始终把坚持党的领导贯穿于人大工作和立法工作的各方面、全过程，比如说完善重大立法项目和立法中的重大问题向党中央请示报告制度，就立法规划的编制、立法规划的调整、立法中的重大问题向党中央请示报告，先后就民法总则、预算法的修改、立法法的修改、国家安全法和网络安全法等重要法律草案涉及的重大问题向党中央请示。</p><p>第二，坚持立法决策与改革决策相衔接，通过修改相关法律做出授权决定，支持和推动相关领域的改革，积极发挥立法的引领、推动作用。我们做了一个统计，五年来依照法定程序做出的授权决定和改革决定有21件，这里涉及到自由贸易区、行政审批制度改革、农村土地制度改革、金融体制改革、司法体制改革等方方面面。共15次打包修改法律95件次，应该说力度是前所未有的。</p><p><br/></p>'),
(18, 18, 1, 1, 1520839345, 795357716, 1, 0, 0, 0, '<p class=\"f_center\" style=\"margin-top: 32px; margin-bottom: 0px; padding: 0px; font-size: 18px; font-stretch: normal; line-height: 32px; font-family: &quot;Microsoft Yahei&quot;; color: rgb(64, 64, 64); text-align: center;\"><img alt=\"网上人脸识别千万别用！中国第一代红客为何这么说\" src=\"http://cms-bucket.nosdn.127.net/catchpic/7/75/7584c591899784e15fa58316b93c262c.jpg?imageView&thumbnail=550x0\" width=\"770\" height=\"434\" style=\"vertical-align: top; border-width: 0px; border-style: initial; border-color: initial;\"/></p><p style=\"margin-top: 32px; margin-bottom: 0px; padding: 0px; font-size: 18px; text-indent: 2em; font-stretch: normal; line-height: 32px; font-family: &quot;Microsoft Yahei&quot;; color: rgb(64, 64, 64); text-align: justify;\">“网络没有绝对的安全!”在不同场合见过谈剑锋多次，这句话他几乎每次都说。每逢新的互联网技术应用概念出炉，他总要泼上一盆冷水。</p><p style=\"margin-top: 32px; margin-bottom: 0px; padding: 0px; font-size: 18px; text-indent: 2em; font-stretch: normal; line-height: 32px; font-family: &quot;Microsoft Yahei&quot;; color: rgb(64, 64, 64); text-align: justify;\">iPhoneX面世，“人脸识别”炒得火热时，他说：“密码丢了可以换，但生物信息是不可再生的，一旦泄露，对不起，你不可能再有第二张脸了。”</p><p style=\"margin-top: 32px; margin-bottom: 0px; padding: 0px; font-size: 18px; text-indent: 2em; font-stretch: normal; line-height: 32px; font-family: &quot;Microsoft Yahei&quot;; color: rgb(64, 64, 64); text-align: justify;\">他有两部手机，一部是iPhone，用来上网;另一部是华为，只用来打电话，完全断网。作为互联网行业的人，这样的生活方式，未免有些“反互联网”。</p><p style=\"margin-top: 32px; margin-bottom: 0px; padding: 0px; font-size: 18px; text-indent: 2em; font-stretch: normal; line-height: 32px; font-family: &quot;Microsoft Yahei&quot;; color: rgb(64, 64, 64); text-align: justify;\">考虑到他的身份，上海众人网络安全技术有限公司董事长，上海市信息安全行业协会会长，以及早年他作为中国第一代“红客”的赫赫“战绩”，那些言论听上去有些吓人，还似乎有些“砸自己饭碗”。这些天，作为新委员，谈剑锋又将这个话题带到了全国政协十三届一次会议的会场，建议国家加大对网络信息安全产业的投入。</p><p class=\"f_center\" style=\"margin-top: 32px; margin-bottom: 0px; padding: 0px; font-size: 18px; font-stretch: normal; line-height: 32px; font-family: &quot;Microsoft Yahei&quot;; color: rgb(64, 64, 64); text-align: center;\"><img alt=\"网上人脸识别千万别用！中国第一代红客为何这么说\" src=\"http://cms-bucket.nosdn.127.net/catchpic/1/1a/1a0e01bc9b77bf2f253851a1e14bd7f4.jpg?imageView&thumbnail=550x0\" width=\"770\" height=\"1106\" style=\"vertical-align: top; border-width: 0px; border-style: initial; border-color: initial;\"/></p><p style=\"margin-top: 32px; margin-bottom: 0px; padding: 0px; font-size: 18px; text-indent: 2em; font-stretch: normal; line-height: 32px; font-family: &quot;Microsoft Yahei&quot;; color: rgb(64, 64, 64); text-align: justify;\"><strong>“红客”，“魔兽”玩家，到“安全卫士”</strong></p><p style=\"margin-top: 32px; margin-bottom: 0px; padding: 0px; font-size: 18px; text-indent: 2em; font-stretch: normal; line-height: 32px; font-family: &quot;Microsoft Yahei&quot;; color: rgb(64, 64, 64); text-align: justify;\">谈剑锋的微信名前，挂着一个五星红旗的图标。不仅因为出身三代军人世家的他，从小就耳濡目染，想必还与他这些年间的经历有关。</p><p style=\"margin-top: 32px; margin-bottom: 0px; padding: 0px; font-size: 18px; text-indent: 2em; font-stretch: normal; line-height: 32px; font-family: &quot;Microsoft Yahei&quot;; color: rgb(64, 64, 64); text-align: justify;\">上世纪90年代末，谈剑锋从军校毕业，经营起了拿到上海001号许可证的网吧，创建了中国最早的“红客”组织“绿色兵团”——不入侵自己国家电脑，而是维护国家利益的黑客。</p><p style=\"margin-top: 32px; margin-bottom: 0px; padding: 0px; font-size: 18px; text-indent: 2em; font-stretch: normal; line-height: 32px; font-family: &quot;Microsoft Yahei&quot;; color: rgb(64, 64, 64); text-align: justify;\">2005年，网络游戏“魔兽世界”登陆中国，谈剑锋注册了账号“银龙”——老玩家们对这个名字一定不陌生，因为这个“银龙”仅用23.5小时就成为中国第一个达到70级的玩家，并刷新了世界纪录。</p><p style=\"margin-top: 32px; margin-bottom: 0px; padding: 0px; font-size: 18px; text-indent: 2em; font-stretch: normal; line-height: 32px; font-family: &quot;Microsoft Yahei&quot;; color: rgb(64, 64, 64); text-align: justify;\">不过没过多久，叱咤虚拟战场的他就遇到了恼火的事：“队友经常玩着玩着就没影了，问了才知道，他们又被盗号了!”辛苦玩出来的战绩屡屡不翼而飞，谈剑锋萌生了开发能保护账号的密码产品的念头。当时，国内只有“U盾”一种身份认证密码产品，2007年他创立了“众人科技”，开始着手开发一款既安全又便捷的账号密码保护产品：动态密码器。</p><p style=\"margin-top: 32px; margin-bottom: 0px; padding: 0px; font-size: 18px; text-indent: 2em; font-stretch: normal; line-height: 32px; font-family: &quot;Microsoft Yahei&quot;; color: rgb(64, 64, 64); text-align: justify;\">很快，他就带领另外5名伙伴，窝进了张江集电港的一间老民宅，昏天黑地地搞起了技术开发，但资质问题却成了难以逾越的障碍。网络安全是个特殊领域，密码行业更是被“高门槛”严格管控，动态密码在国内尚属空白，要投入市场，须由多个主管部门许可，通过层层检测和评审。</p><p style=\"margin-top: 32px; margin-bottom: 0px; padding: 0px; font-size: 18px; text-indent: 2em; font-stretch: normal; line-height: 32px; font-family: &quot;Microsoft Yahei&quot;; color: rgb(64, 64, 64); text-align: justify;\">然而在向银行、证券等金融企业推广产品时，却无人敢第一个“吃螃蟹”，谈剑锋一家家上门“磨”：“我送你们一批产品免费使用。”却屡吃“闭门羹”，最艰难的那段时期，公司没有一分钱收入，连续4个月发不出工资。从公司创立到拿到第一份订单，坚持了近6年时间。</p><p class=\"f_center\" style=\"margin-top: 32px; margin-bottom: 0px; padding: 0px; font-size: 18px; font-stretch: normal; line-height: 32px; font-family: &quot;Microsoft Yahei&quot;; color: rgb(64, 64, 64); text-align: center;\"><img alt=\"网上人脸识别千万别用！中国第一代红客为何这么说\" src=\"http://cms-bucket.nosdn.127.net/catchpic/2/23/230fef5ff3527cd24bd373816227a0f8.jpg?imageView&thumbnail=550x0\" width=\"770\" height=\"999\" style=\"vertical-align: top; border-width: 0px; border-style: initial; border-color: initial;\"/></p><p style=\"margin-top: 32px; margin-bottom: 0px; padding: 0px; font-size: 18px; text-indent: 2em; font-stretch: normal; line-height: 32px; font-family: &quot;Microsoft Yahei&quot;; color: rgb(64, 64, 64); text-align: justify;\">功夫不负有心人。如今，众人科技研发的动态密码技术和产品，已被国家相关机构认定为“填补国内空白，国际先进水平”，在很多核心技术上拥有完全自主知识产权。不仅如此，我国动态密码技术相关的所有国家标准、行业标准等，都是众人科技作为组长单位牵头起草制定的，其中国标成为国内第一首个认证安全技术标准被国际标准组织所采用。</p><p style=\"margin-top: 32px; margin-bottom: 0px; padding: 0px; font-size: 18px; text-indent: 2em; font-stretch: normal; line-height: 32px; font-family: &quot;Microsoft Yahei&quot;; color: rgb(64, 64, 64); text-align: justify;\">虽然是因网络游戏走上了“网络安全卫士”创业的道路，谈剑锋却对我国当前大量青少年沉迷网络游戏的现象十分担忧。“有新闻说，《王者荣耀》最多1天就能收入2亿!你想想看，有多少人在打?动辄就有人充值上万元，很多用户都投入了大量时间。”</p><p><br/></p>', '<p class=\"f_center\" style=\"margin-top: 32px; margin-bottom: 0px; padding: 0px; font-size: 18px; font-stretch: normal; line-height: 32px; font-family: &quot;Microsoft Yahei&quot;; color: rgb(64, 64, 64); text-align: center;\"><img alt=\"网上人脸识别千万别用！中国第一代红客为何这么说\" src=\"http://cms-bucket.nosdn.127.net/catchpic/7/75/7584c591899784e15fa58316b93c262c.jpg?imageView&thumbnail=550x0\" width=\"770\" height=\"434\" style=\"vertical-align: top; border-width: 0px; border-style: initial; border-color: initial;\"/></p><p style=\"margin-top: 32px; margin-bottom: 0px; padding: 0px; font-size: 18px; text-indent: 2em; font-stretch: normal; line-height: 32px; font-family: &quot;Microsoft Yahei&quot;; color: rgb(64, 64, 64); text-align: justify;\">“网络没有绝对的安全!”在不同场合见过谈剑锋多次，这句话他几乎每次都说。每逢新的互联网技术应用概念出炉，他总要泼上一盆冷水。</p><p style=\"margin-top: 32px; margin-bottom: 0px; padding: 0px; font-size: 18px; text-indent: 2em; font-stretch: normal; line-height: 32px; font-family: &quot;Microsoft Yahei&quot;; color: rgb(64, 64, 64); text-align: justify;\">iPhoneX面世，“人脸识别”炒得火热时，他说：“密码丢了可以换，但生物信息是不可再生的，一旦泄露，对不起，你不可能再有第二张脸了。”</p><p style=\"margin-top: 32px; margin-bottom: 0px; padding: 0px; font-size: 18px; text-indent: 2em; font-stretch: normal; line-height: 32px; font-family: &quot;Microsoft Yahei&quot;; color: rgb(64, 64, 64); text-align: justify;\">他有两部手机，一部是iPhone，用来上网;另一部是华为，只用来打电话，完全断网。作为互联网行业的人，这样的生活方式，未免有些“反互联网”。</p><p style=\"margin-top: 32px; margin-bottom: 0px; padding: 0px; font-size: 18px; text-indent: 2em; font-stretch: normal; line-height: 32px; font-family: &quot;Microsoft Yahei&quot;; color: rgb(64, 64, 64); text-align: justify;\">考虑到他的身份，上海众人网络安全技术有限公司董事长，上海市信息安全行业协会会长，以及早年他作为中国第一代“红客”的赫赫“战绩”，那些言论听上去有些吓人，还似乎有些“砸自己饭碗”。这些天，作为新委员，谈剑锋又将这个话题带到了全国政协十三届一次会议的会场，建议国家加大对网络信息安全产业的投入。</p><p class=\"f_center\" style=\"margin-top: 32px; margin-bottom: 0px; padding: 0px; font-size: 18px; font-stretch: normal; line-height: 32px; font-family: &quot;Microsoft Yahei&quot;; color: rgb(64, 64, 64); text-align: center;\"><img alt=\"网上人脸识别千万别用！中国第一代红客为何这么说\" src=\"http://cms-bucket.nosdn.127.net/catchpic/1/1a/1a0e01bc9b77bf2f253851a1e14bd7f4.jpg?imageView&thumbnail=550x0\" width=\"770\" height=\"1106\" style=\"vertical-align: top; border-width: 0px; border-style: initial; border-color: initial;\"/></p><p style=\"margin-top: 32px; margin-bottom: 0px; padding: 0px; font-size: 18px; text-indent: 2em; font-stretch: normal; line-height: 32px; font-family: &quot;Microsoft Yahei&quot;; color: rgb(64, 64, 64); text-align: justify;\"><strong>“红客”，“魔兽”玩家，到“安全卫士”</strong></p><p style=\"margin-top: 32px; margin-bottom: 0px; padding: 0px; font-size: 18px; text-indent: 2em; font-stretch: normal; line-height: 32px; font-family: &quot;Microsoft Yahei&quot;; color: rgb(64, 64, 64); text-align: justify;\">谈剑锋的微信名前，挂着一个五星红旗的图标。不仅因为出身三代军人世家的他，从小就耳濡目染，想必还与他这些年间的经历有关。</p><p style=\"margin-top: 32px; margin-bottom: 0px; padding: 0px; font-size: 18px; text-indent: 2em; font-stretch: normal; line-height: 32px; font-family: &quot;Microsoft Yahei&quot;; color: rgb(64, 64, 64); text-align: justify;\">上世纪90年代末，谈剑锋从军校毕业，经营起了拿到上海001号许可证的网吧，创建了中国最早的“红客”组织“绿色兵团”——不入侵自己国家电脑，而是维护国家利益的黑客。</p><p style=\"margin-top: 32px; margin-bottom: 0px; padding: 0px; font-size: 18px; text-indent: 2em; font-stretch: normal; line-height: 32px; font-family: &quot;Microsoft Yahei&quot;; color: rgb(64, 64, 64); text-align: justify;\">2005年，网络游戏“魔兽世界”登陆中国，谈剑锋注册了账号“银龙”——老玩家们对这个名字一定不陌生，因为这个“银龙”仅用23.5小时就成为中国第一个达到70级的玩家，并刷新了世界纪录。</p><p style=\"margin-top: 32px; margin-bottom: 0px; padding: 0px; font-size: 18px; text-indent: 2em; font-stretch: normal; line-height: 32px; font-family: &quot;Microsoft Yahei&quot;; color: rgb(64, 64, 64); text-align: justify;\">不过没过多久，叱咤虚拟战场的他就遇到了恼火的事：“队友经常玩着玩着就没影了，问了才知道，他们又被盗号了!”辛苦玩出来的战绩屡屡不翼而飞，谈剑锋萌生了开发能保护账号的密码产品的念头。当时，国内只有“U盾”一种身份认证密码产品，2007年他创立了“众人科技”，开始着手开发一款既安全又便捷的账号密码保护产品：动态密码器。</p><p style=\"margin-top: 32px; margin-bottom: 0px; padding: 0px; font-size: 18px; text-indent: 2em; font-stretch: normal; line-height: 32px; font-family: &quot;Microsoft Yahei&quot;; color: rgb(64, 64, 64); text-align: justify;\">很快，他就带领另外5名伙伴，窝进了张江集电港的一间老民宅，昏天黑地地搞起了技术开发，但资质问题却成了难以逾越的障碍。网络安全是个特殊领域，密码行业更是被“高门槛”严格管控，动态密码在国内尚属空白，要投入市场，须由多个主管部门许可，通过层层检测和评审。</p><p style=\"margin-top: 32px; margin-bottom: 0px; padding: 0px; font-size: 18px; text-indent: 2em; font-stretch: normal; line-height: 32px; font-family: &quot;Microsoft Yahei&quot;; color: rgb(64, 64, 64); text-align: justify;\">然而在向银行、证券等金融企业推广产品时，却无人敢第一个“吃螃蟹”，谈剑锋一家家上门“磨”：“我送你们一批产品免费使用。”却屡吃“闭门羹”，最艰难的那段时期，公司没有一分钱收入，连续4个月发不出工资。从公司创立到拿到第一份订单，坚持了近6年时间。</p><p class=\"f_center\" style=\"margin-top: 32px; margin-bottom: 0px; padding: 0px; font-size: 18px; font-stretch: normal; line-height: 32px; font-family: &quot;Microsoft Yahei&quot;; color: rgb(64, 64, 64); text-align: center;\"><img alt=\"网上人脸识别千万别用！中国第一代红客为何这么说\" src=\"http://cms-bucket.nosdn.127.net/catchpic/2/23/230fef5ff3527cd24bd373816227a0f8.jpg?imageView&thumbnail=550x0\" width=\"770\" height=\"999\" style=\"vertical-align: top; border-width: 0px; border-style: initial; border-color: initial;\"/></p><p style=\"margin-top: 32px; margin-bottom: 0px; padding: 0px; font-size: 18px; text-indent: 2em; font-stretch: normal; line-height: 32px; font-family: &quot;Microsoft Yahei&quot;; color: rgb(64, 64, 64); text-align: justify;\">功夫不负有心人。如今，众人科技研发的动态密码技术和产品，已被国家相关机构认定为“填补国内空白，国际先进水平”，在很多核心技术上拥有完全自主知识产权。不仅如此，我国动态密码技术相关的所有国家标准、行业标准等，都是众人科技作为组长单位牵头起草制定的，其中国标成为国内第一首个认证安全技术标准被国际标准组织所采用。</p><p style=\"margin-top: 32px; margin-bottom: 0px; padding: 0px; font-size: 18px; text-indent: 2em; font-stretch: normal; line-height: 32px; font-family: &quot;Microsoft Yahei&quot;; color: rgb(64, 64, 64); text-align: justify;\">虽然是因网络游戏走上了“网络安全卫士”创业的道路，谈剑锋却对我国当前大量青少年沉迷网络游戏的现象十分担忧。“有新闻说，《王者荣耀》最多1天就能收入2亿!你想想看，有多少人在打?动辄就有人充值上万元，很多用户都投入了大量时间。”</p><p><br/></p>');
INSERT INTO `bbs_post` (`tid`, `pid`, `uid`, `isfirst`, `create_date`, `userip`, `images`, `files`, `doctype`, `quotepid`, `message`, `message_fmt`) VALUES
(19, 19, 1, 1, 1520839388, 795357716, 0, 0, 0, 0, '<p><br/></p><p style=\"margin-top: 32px; margin-bottom: 0px; padding: 0px; font-size: 18px; text-indent: 2em; font-stretch: normal; line-height: 32px; font-family: &quot;Microsoft Yahei&quot;; color: rgb(64, 64, 64); text-align: justify;\">两会进行时，会上释放出来的重要信息真不少，习近平总书记多次下团组，频频谈及民生话题。比如在参加山东代表团审议时，他强调，要使得农业成为有奔头的产业。政府工作报告以及两会新闻中心举行的记者会上也释放出不少与大家的生活以及就业密切相关的消息，未来哪些行业会有“钱景”?哪些专业更有“钱途”?下面这些信息可供参考。</p><p class=\"f_center\" style=\"margin-top: 32px; margin-bottom: 0px; padding: 0px; font-size: 18px; font-stretch: normal; line-height: 32px; font-family: &quot;Microsoft Yahei&quot;; color: rgb(64, 64, 64); text-align: center;\"><img alt=\"学什么专业最有钱景?两会都说清楚了\" src=\"http://cms-bucket.nosdn.127.net/57e3fbd75f1f4fd1ab87cc2019e9b8f920180312084239.png?imageView&thumbnail=550x0\" style=\"vertical-align: top; border-width: 0px; border-style: initial; border-color: initial; margin: 0px auto; display: block;\"/>△图/视觉中国</p><p style=\"margin-top: 32px; margin-bottom: 0px; padding: 0px; font-size: 18px; text-indent: 2em; font-stretch: normal; line-height: 32px; font-family: &quot;Microsoft Yahei&quot;; color: rgb(64, 64, 64); text-align: justify;\"><strong>01丨 农业类专业</strong></p><p style=\"margin-top: 32px; margin-bottom: 0px; padding: 0px; font-size: 18px; text-indent: 2em; font-stretch: normal; line-height: 32px; font-family: &quot;Microsoft Yahei&quot;; color: rgb(64, 64, 64); text-align: justify;\">8日上午在参加山东代表团审议时，谈到乡村振兴，习近平强调，将来要引进职业农民，让大学生甚至是海归人才主动回乡务农，使得农业成为有奔头的产业。</p><p style=\"margin-top: 32px; margin-bottom: 0px; padding: 0px; font-size: 18px; text-indent: 2em; font-stretch: normal; line-height: 32px; font-family: &quot;Microsoft Yahei&quot;; color: rgb(64, 64, 64); text-align: justify;\">农业部长韩长赋在7日的记者会上也说，要让农业不仅有干头，还要有说头、有看头、有赚头。今后随着科技进步、产业发展，农民将是一个有吸引力的职业。</p><p style=\"margin-top: 32px; margin-bottom: 0px; padding: 0px; font-size: 18px; text-indent: 2em; font-stretch: normal; line-height: 32px; font-family: &quot;Microsoft Yahei&quot;; color: rgb(64, 64, 64); text-align: justify;\">政府工作报告提出，促进农林牧渔业和种业创新发展，加快建设现代农业产业园和特色农产品优势区，稳定和优化粮食生产。培育新型经营主体，加强面向小农户的社会化服务。现代农业发展前景看好，农业需要专业人才。</p><p style=\"margin-top: 32px; margin-bottom: 0px; padding: 0px; font-size: 18px; text-indent: 2em; font-stretch: normal; line-height: 32px; font-family: &quot;Microsoft Yahei&quot;; color: rgb(64, 64, 64); text-align: justify;\"><strong>02丨 IT、通信工程、动力工程、汽车工程以及材料学</strong></p><p style=\"margin-top: 32px; margin-bottom: 0px; padding: 0px; font-size: 18px; text-indent: 2em; font-stretch: normal; line-height: 32px; font-family: &quot;Microsoft Yahei&quot;; color: rgb(64, 64, 64); text-align: justify;\">今年的政府工作报告指出，在医疗、养老、教育、文化、体育等多领域推进“互联网+”，加大网络提速降费力度，为数字中国建设加油助力;推动集成电路、第五代移动通信、飞机发动机、新能源汽车、新材料等产业发展。</p><p style=\"margin-top: 32px; margin-bottom: 0px; padding: 0px; font-size: 18px; text-indent: 2em; font-stretch: normal; line-height: 32px; font-family: &quot;Microsoft Yahei&quot;; color: rgb(64, 64, 64); text-align: justify;\">工信部部长苗圩5日在部长通道谈及新能源汽车话题时表示，新能源汽车是我国汽车工业由大变强的一条必由之路。而他在接受媒体采访时还透露，我国已经着手研究6G。</p><p style=\"margin-top: 32px; margin-bottom: 0px; padding: 0px; font-size: 18px; text-indent: 2em; font-stretch: normal; line-height: 32px; font-family: &quot;Microsoft Yahei&quot;; color: rgb(64, 64, 64); text-align: justify;\">信息产业、移动通信、新能源、新材料等新兴产业前景广阔，对人才也有需求。</p><p style=\"margin-top: 32px; margin-bottom: 0px; padding: 0px; font-size: 18px; text-indent: 2em; font-stretch: normal; line-height: 32px; font-family: &quot;Microsoft Yahei&quot;; color: rgb(64, 64, 64); text-align: justify;\"><strong>03丨环境类专业</strong></p><p style=\"margin-top: 32px; margin-bottom: 0px; padding: 0px; font-size: 18px; text-indent: 2em; font-stretch: normal; line-height: 32px; font-family: &quot;Microsoft Yahei&quot;; color: rgb(64, 64, 64); text-align: justify;\">今年的政府工作报告提到，要加强雾霾治理等重大疾病防治攻关，使科技更好造福人民。巩固蓝天保卫战成果，深入推进水、土壤污染防治，实施重点流域和海域综合治理，全面整治黑臭水体。加大污水处理设施建设力度。环境治理，任重道远，相关行业也会随之发展。</p><p style=\"margin-top: 32px; margin-bottom: 0px; padding: 0px; font-size: 18px; text-indent: 2em; font-stretch: normal; line-height: 32px; font-family: &quot;Microsoft Yahei&quot;; color: rgb(64, 64, 64); text-align: justify;\"><strong>04丨 人工智能、工业设计</strong></p><p style=\"margin-top: 32px; margin-bottom: 0px; padding: 0px; font-size: 18px; text-indent: 2em; font-stretch: normal; line-height: 32px; font-family: &quot;Microsoft Yahei&quot;; color: rgb(64, 64, 64); text-align: justify;\">今年的政府工作报告，四次提及“智能”，并特别指出要加强新一代人工智能研发应用，在医疗、养老、教育、文化、体育等多领域推进“互联网+”。发展智能产业，拓展智能生活。</p><p class=\"f_center\" style=\"margin-top: 32px; margin-bottom: 0px; padding: 0px; font-size: 18px; font-stretch: normal; line-height: 32px; font-family: &quot;Microsoft Yahei&quot;; color: rgb(64, 64, 64); text-align: center;\"><img alt=\"学什么专业最有钱景?两会都说清楚了\" src=\"http://cms-bucket.nosdn.127.net/40c1866b25ef447fb6cdd86af868fd7520180312084311.png?imageView&thumbnail=550x0\" style=\"vertical-align: top; border-width: 0px; border-style: initial; border-color: initial; margin: 0px auto; display: block;\"/></p><p style=\"margin-top: 32px; margin-bottom: 0px; padding: 0px; font-size: 18px; text-indent: 2em; font-stretch: normal; line-height: 32px; font-family: &quot;Microsoft Yahei&quot;; color: rgb(64, 64, 64); text-align: justify;\">科技部部长万钢10日表示，人工智能项目指南和细则马上就要发布。人工智能技术作为新一轮产业变革的核心驱动力，未来前景可观，而且人工智能还会与各行各业融合发展，“人工智能+”机会多多。</p><p style=\"margin-top: 32px; margin-bottom: 0px; padding: 0px; font-size: 18px; text-indent: 2em; font-stretch: normal; line-height: 32px; font-family: &quot;Microsoft Yahei&quot;; color: rgb(64, 64, 64); text-align: justify;\">全国人大代表雷军9日在代表通道接受采访时表示，中国制造业要强起来不仅要靠创新和质量，还要靠设计，大力发展中国设计产业、全面提升中国设计水平，需要大量的设计人才。</p><p style=\"margin-top: 32px; margin-bottom: 0px; padding: 0px; font-size: 18px; text-indent: 2em; font-stretch: normal; line-height: 32px; font-family: &quot;Microsoft Yahei&quot;; color: rgb(64, 64, 64); text-align: justify;\"><strong>05丨 国际贸易相关专业</strong></p><p style=\"margin-top: 32px; margin-bottom: 0px; padding: 0px; font-size: 18px; text-indent: 2em; font-stretch: normal; line-height: 32px; font-family: &quot;Microsoft Yahei&quot;; color: rgb(64, 64, 64); text-align: justify;\">商务部部长钟山11日就经贸问题规划了三个阶段性目标：到2020年前，进一步巩固经贸大国地位，推进经贸强国的进程。2035年前，基本建成经贸强国。2050年前，全面建成经贸强国。</p><p style=\"margin-top: 32px; margin-bottom: 0px; padding: 0px; font-size: 18px; text-indent: 2em; font-stretch: normal; line-height: 32px; font-family: &quot;Microsoft Yahei&quot;; color: rgb(64, 64, 64); text-align: justify;\">而根据政府工作报告，今年将改革服务贸易发展机制。培育贸易新业态新模式。推动加工贸易向中西部梯度转移。外贸的发展前景依然广阔。</p><p style=\"margin-top: 32px; margin-bottom: 0px; padding: 0px; font-size: 18px; text-indent: 2em; font-stretch: normal; line-height: 32px; font-family: &quot;Microsoft Yahei&quot;; color: rgb(64, 64, 64); text-align: justify;\"><strong>06丨 经济、金融类相关专业</strong></p><p style=\"margin-top: 32px; margin-bottom: 0px; padding: 0px; font-size: 18px; text-indent: 2em; font-stretch: normal; line-height: 32px; font-family: &quot;Microsoft Yahei&quot;; color: rgb(64, 64, 64); text-align: justify;\">政府工作报告提出将设立国家融资担保基金，支持优质创新型企业上市融资;深化国有资本投资、运营公司等改革试点;支持金融机构扩展普惠金融业务;深化多层次资本市场改革，推动债券、期货市场发展;拓展保险市场的风险保障功能。</p><p style=\"margin-top: 32px; margin-bottom: 0px; padding: 0px; font-size: 18px; text-indent: 2em; font-stretch: normal; line-height: 32px; font-family: &quot;Microsoft Yahei&quot;; color: rgb(64, 64, 64); text-align: justify;\">央行副行长易纲9日在记者会上表示，我国将稳步推进金融市场的开放，股市、债市的开放，中国居民将来也可以在更大范围内配置资产，配置组合投资。证监会主席刘士余则表示，随着中国经济转型升级，未来五年资本市场迎来绝佳发展机会。</p><p style=\"margin-top: 32px; margin-bottom: 0px; padding: 0px; font-size: 18px; text-indent: 2em; font-stretch: normal; line-height: 32px; font-family: &quot;Microsoft Yahei&quot;; color: rgb(64, 64, 64); text-align: justify;\"><strong>07丨 土木工程类相关专业环境类专业</strong></p><p style=\"margin-top: 32px; margin-bottom: 0px; padding: 0px; font-size: 18px; text-indent: 2em; font-stretch: normal; line-height: 32px; font-family: &quot;Microsoft Yahei&quot;; color: rgb(64, 64, 64); text-align: justify;\">政府工作报告提出，今年要完成铁路投资7320亿元、公路水运投资1.8万亿元左右，水利在建投资规模达到1万亿元;加强排涝管网、地下综合管廊等建设;启动新的三年棚改攻坚计划，今年开工580万套。</p><p style=\"margin-top: 32px; margin-bottom: 0px; padding: 0px; font-size: 18px; text-indent: 2em; font-stretch: normal; line-height: 32px; font-family: &quot;Microsoft Yahei&quot;; color: rgb(64, 64, 64); text-align: justify;\">国家发改委副主任张勇6日称，正会同有关部门制定未来五年的乡村振兴战略规划，确定一批重大工程、重大行动和重大计划，明确实施步骤。基础设施建设方面未来仍有不少机会。</p><p style=\"margin-top: 32px; margin-bottom: 0px; padding: 0px; font-size: 18px; text-indent: 2em; font-stretch: normal; line-height: 32px; font-family: &quot;Microsoft Yahei&quot;; color: rgb(64, 64, 64); text-align: justify;\"><strong>08丨 教育类相关专业</strong></p><p style=\"margin-top: 32px; margin-bottom: 0px; padding: 0px; font-size: 18px; text-indent: 2em; font-stretch: normal; line-height: 32px; font-family: &quot;Microsoft Yahei&quot;; color: rgb(64, 64, 64); text-align: justify;\">政府工作报告提出，要多渠道增加学前教育资源供给。支持社会力量举办职业教育。发展民族教育、特殊教育、继续教育和网络教育。</p><p style=\"margin-top: 32px; margin-bottom: 0px; padding: 0px; font-size: 18px; text-indent: 2em; font-stretch: normal; line-height: 32px; font-family: &quot;Microsoft Yahei&quot;; color: rgb(64, 64, 64); text-align: justify;\">教育部部长陈宝生3日在谈到教师队伍建设时表示，要提高教师地位待遇，为教师压担子、指路子、提点子、给位子、发票子。全国政协委员、教育部原副部长刘利民10日在记者会上表示，学前教育仍然是教育体系中的一个短板，未来应就扩资源、增普惠、强监管、提质量方面重点发力。真正把有爱心、懂教育的教师吸引到学前教育的队伍里来，要关心学前教育教师的待遇以及师德等问题。</p><p class=\"f_center\" style=\"margin-top: 32px; margin-bottom: 0px; padding: 0px; font-size: 18px; font-stretch: normal; line-height: 32px; font-family: &quot;Microsoft Yahei&quot;; color: rgb(64, 64, 64); text-align: center;\"><img alt=\"学什么专业最有钱景?两会都说清楚了\" src=\"http://cms-bucket.nosdn.127.net/81f0271794d94159bc2c9e5fea8fc90820180312084337.png?imageView&thumbnail=550x0\" style=\"vertical-align: top; border-width: 0px; border-style: initial; border-color: initial; margin: 0px auto; display: block;\"/></p><p style=\"margin-top: 32px; margin-bottom: 0px; padding: 0px; font-size: 18px; text-indent: 2em; font-stretch: normal; line-height: 32px; font-family: &quot;Microsoft Yahei&quot;; color: rgb(64, 64, 64); text-align: justify;\"><strong>09丨 医学类相关专业</strong></p><p style=\"margin-top: 32px; margin-bottom: 0px; padding: 0px; font-size: 18px; text-indent: 2em; font-stretch: normal; line-height: 32px; font-family: &quot;Microsoft Yahei&quot;; color: rgb(64, 64, 64); text-align: justify;\">政府工作报告提到，要加强癌症等重大疾病防治攻关;加强全科医生队伍建设;改善妇幼保健服务;支持中医药事业传承发展。</p><p><br/></p>', '<p><br/></p><p style=\"margin-top: 32px; margin-bottom: 0px; padding: 0px; font-size: 18px; text-indent: 2em; font-stretch: normal; line-height: 32px; font-family: &quot;Microsoft Yahei&quot;; color: rgb(64, 64, 64); text-align: justify;\">两会进行时，会上释放出来的重要信息真不少，习近平总书记多次下团组，频频谈及民生话题。比如在参加山东代表团审议时，他强调，要使得农业成为有奔头的产业。政府工作报告以及两会新闻中心举行的记者会上也释放出不少与大家的生活以及就业密切相关的消息，未来哪些行业会有“钱景”?哪些专业更有“钱途”?下面这些信息可供参考。</p><p class=\"f_center\" style=\"margin-top: 32px; margin-bottom: 0px; padding: 0px; font-size: 18px; font-stretch: normal; line-height: 32px; font-family: &quot;Microsoft Yahei&quot;; color: rgb(64, 64, 64); text-align: center;\"><img alt=\"学什么专业最有钱景?两会都说清楚了\" src=\"http://cms-bucket.nosdn.127.net/57e3fbd75f1f4fd1ab87cc2019e9b8f920180312084239.png?imageView&thumbnail=550x0\" style=\"vertical-align: top; border-width: 0px; border-style: initial; border-color: initial; margin: 0px auto; display: block;\"/>△图/视觉中国</p><p style=\"margin-top: 32px; margin-bottom: 0px; padding: 0px; font-size: 18px; text-indent: 2em; font-stretch: normal; line-height: 32px; font-family: &quot;Microsoft Yahei&quot;; color: rgb(64, 64, 64); text-align: justify;\"><strong>01丨 农业类专业</strong></p><p style=\"margin-top: 32px; margin-bottom: 0px; padding: 0px; font-size: 18px; text-indent: 2em; font-stretch: normal; line-height: 32px; font-family: &quot;Microsoft Yahei&quot;; color: rgb(64, 64, 64); text-align: justify;\">8日上午在参加山东代表团审议时，谈到乡村振兴，习近平强调，将来要引进职业农民，让大学生甚至是海归人才主动回乡务农，使得农业成为有奔头的产业。</p><p style=\"margin-top: 32px; margin-bottom: 0px; padding: 0px; font-size: 18px; text-indent: 2em; font-stretch: normal; line-height: 32px; font-family: &quot;Microsoft Yahei&quot;; color: rgb(64, 64, 64); text-align: justify;\">农业部长韩长赋在7日的记者会上也说，要让农业不仅有干头，还要有说头、有看头、有赚头。今后随着科技进步、产业发展，农民将是一个有吸引力的职业。</p><p style=\"margin-top: 32px; margin-bottom: 0px; padding: 0px; font-size: 18px; text-indent: 2em; font-stretch: normal; line-height: 32px; font-family: &quot;Microsoft Yahei&quot;; color: rgb(64, 64, 64); text-align: justify;\">政府工作报告提出，促进农林牧渔业和种业创新发展，加快建设现代农业产业园和特色农产品优势区，稳定和优化粮食生产。培育新型经营主体，加强面向小农户的社会化服务。现代农业发展前景看好，农业需要专业人才。</p><p style=\"margin-top: 32px; margin-bottom: 0px; padding: 0px; font-size: 18px; text-indent: 2em; font-stretch: normal; line-height: 32px; font-family: &quot;Microsoft Yahei&quot;; color: rgb(64, 64, 64); text-align: justify;\"><strong>02丨 IT、通信工程、动力工程、汽车工程以及材料学</strong></p><p style=\"margin-top: 32px; margin-bottom: 0px; padding: 0px; font-size: 18px; text-indent: 2em; font-stretch: normal; line-height: 32px; font-family: &quot;Microsoft Yahei&quot;; color: rgb(64, 64, 64); text-align: justify;\">今年的政府工作报告指出，在医疗、养老、教育、文化、体育等多领域推进“互联网+”，加大网络提速降费力度，为数字中国建设加油助力;推动集成电路、第五代移动通信、飞机发动机、新能源汽车、新材料等产业发展。</p><p style=\"margin-top: 32px; margin-bottom: 0px; padding: 0px; font-size: 18px; text-indent: 2em; font-stretch: normal; line-height: 32px; font-family: &quot;Microsoft Yahei&quot;; color: rgb(64, 64, 64); text-align: justify;\">工信部部长苗圩5日在部长通道谈及新能源汽车话题时表示，新能源汽车是我国汽车工业由大变强的一条必由之路。而他在接受媒体采访时还透露，我国已经着手研究6G。</p><p style=\"margin-top: 32px; margin-bottom: 0px; padding: 0px; font-size: 18px; text-indent: 2em; font-stretch: normal; line-height: 32px; font-family: &quot;Microsoft Yahei&quot;; color: rgb(64, 64, 64); text-align: justify;\">信息产业、移动通信、新能源、新材料等新兴产业前景广阔，对人才也有需求。</p><p style=\"margin-top: 32px; margin-bottom: 0px; padding: 0px; font-size: 18px; text-indent: 2em; font-stretch: normal; line-height: 32px; font-family: &quot;Microsoft Yahei&quot;; color: rgb(64, 64, 64); text-align: justify;\"><strong>03丨环境类专业</strong></p><p style=\"margin-top: 32px; margin-bottom: 0px; padding: 0px; font-size: 18px; text-indent: 2em; font-stretch: normal; line-height: 32px; font-family: &quot;Microsoft Yahei&quot;; color: rgb(64, 64, 64); text-align: justify;\">今年的政府工作报告提到，要加强雾霾治理等重大疾病防治攻关，使科技更好造福人民。巩固蓝天保卫战成果，深入推进水、土壤污染防治，实施重点流域和海域综合治理，全面整治黑臭水体。加大污水处理设施建设力度。环境治理，任重道远，相关行业也会随之发展。</p><p style=\"margin-top: 32px; margin-bottom: 0px; padding: 0px; font-size: 18px; text-indent: 2em; font-stretch: normal; line-height: 32px; font-family: &quot;Microsoft Yahei&quot;; color: rgb(64, 64, 64); text-align: justify;\"><strong>04丨 人工智能、工业设计</strong></p><p style=\"margin-top: 32px; margin-bottom: 0px; padding: 0px; font-size: 18px; text-indent: 2em; font-stretch: normal; line-height: 32px; font-family: &quot;Microsoft Yahei&quot;; color: rgb(64, 64, 64); text-align: justify;\">今年的政府工作报告，四次提及“智能”，并特别指出要加强新一代人工智能研发应用，在医疗、养老、教育、文化、体育等多领域推进“互联网+”。发展智能产业，拓展智能生活。</p><p class=\"f_center\" style=\"margin-top: 32px; margin-bottom: 0px; padding: 0px; font-size: 18px; font-stretch: normal; line-height: 32px; font-family: &quot;Microsoft Yahei&quot;; color: rgb(64, 64, 64); text-align: center;\"><img alt=\"学什么专业最有钱景?两会都说清楚了\" src=\"http://cms-bucket.nosdn.127.net/40c1866b25ef447fb6cdd86af868fd7520180312084311.png?imageView&thumbnail=550x0\" style=\"vertical-align: top; border-width: 0px; border-style: initial; border-color: initial; margin: 0px auto; display: block;\"/></p><p style=\"margin-top: 32px; margin-bottom: 0px; padding: 0px; font-size: 18px; text-indent: 2em; font-stretch: normal; line-height: 32px; font-family: &quot;Microsoft Yahei&quot;; color: rgb(64, 64, 64); text-align: justify;\">科技部部长万钢10日表示，人工智能项目指南和细则马上就要发布。人工智能技术作为新一轮产业变革的核心驱动力，未来前景可观，而且人工智能还会与各行各业融合发展，“人工智能+”机会多多。</p><p style=\"margin-top: 32px; margin-bottom: 0px; padding: 0px; font-size: 18px; text-indent: 2em; font-stretch: normal; line-height: 32px; font-family: &quot;Microsoft Yahei&quot;; color: rgb(64, 64, 64); text-align: justify;\">全国人大代表雷军9日在代表通道接受采访时表示，中国制造业要强起来不仅要靠创新和质量，还要靠设计，大力发展中国设计产业、全面提升中国设计水平，需要大量的设计人才。</p><p style=\"margin-top: 32px; margin-bottom: 0px; padding: 0px; font-size: 18px; text-indent: 2em; font-stretch: normal; line-height: 32px; font-family: &quot;Microsoft Yahei&quot;; color: rgb(64, 64, 64); text-align: justify;\"><strong>05丨 国际贸易相关专业</strong></p><p style=\"margin-top: 32px; margin-bottom: 0px; padding: 0px; font-size: 18px; text-indent: 2em; font-stretch: normal; line-height: 32px; font-family: &quot;Microsoft Yahei&quot;; color: rgb(64, 64, 64); text-align: justify;\">商务部部长钟山11日就经贸问题规划了三个阶段性目标：到2020年前，进一步巩固经贸大国地位，推进经贸强国的进程。2035年前，基本建成经贸强国。2050年前，全面建成经贸强国。</p><p style=\"margin-top: 32px; margin-bottom: 0px; padding: 0px; font-size: 18px; text-indent: 2em; font-stretch: normal; line-height: 32px; font-family: &quot;Microsoft Yahei&quot;; color: rgb(64, 64, 64); text-align: justify;\">而根据政府工作报告，今年将改革服务贸易发展机制。培育贸易新业态新模式。推动加工贸易向中西部梯度转移。外贸的发展前景依然广阔。</p><p style=\"margin-top: 32px; margin-bottom: 0px; padding: 0px; font-size: 18px; text-indent: 2em; font-stretch: normal; line-height: 32px; font-family: &quot;Microsoft Yahei&quot;; color: rgb(64, 64, 64); text-align: justify;\"><strong>06丨 经济、金融类相关专业</strong></p><p style=\"margin-top: 32px; margin-bottom: 0px; padding: 0px; font-size: 18px; text-indent: 2em; font-stretch: normal; line-height: 32px; font-family: &quot;Microsoft Yahei&quot;; color: rgb(64, 64, 64); text-align: justify;\">政府工作报告提出将设立国家融资担保基金，支持优质创新型企业上市融资;深化国有资本投资、运营公司等改革试点;支持金融机构扩展普惠金融业务;深化多层次资本市场改革，推动债券、期货市场发展;拓展保险市场的风险保障功能。</p><p style=\"margin-top: 32px; margin-bottom: 0px; padding: 0px; font-size: 18px; text-indent: 2em; font-stretch: normal; line-height: 32px; font-family: &quot;Microsoft Yahei&quot;; color: rgb(64, 64, 64); text-align: justify;\">央行副行长易纲9日在记者会上表示，我国将稳步推进金融市场的开放，股市、债市的开放，中国居民将来也可以在更大范围内配置资产，配置组合投资。证监会主席刘士余则表示，随着中国经济转型升级，未来五年资本市场迎来绝佳发展机会。</p><p style=\"margin-top: 32px; margin-bottom: 0px; padding: 0px; font-size: 18px; text-indent: 2em; font-stretch: normal; line-height: 32px; font-family: &quot;Microsoft Yahei&quot;; color: rgb(64, 64, 64); text-align: justify;\"><strong>07丨 土木工程类相关专业环境类专业</strong></p><p style=\"margin-top: 32px; margin-bottom: 0px; padding: 0px; font-size: 18px; text-indent: 2em; font-stretch: normal; line-height: 32px; font-family: &quot;Microsoft Yahei&quot;; color: rgb(64, 64, 64); text-align: justify;\">政府工作报告提出，今年要完成铁路投资7320亿元、公路水运投资1.8万亿元左右，水利在建投资规模达到1万亿元;加强排涝管网、地下综合管廊等建设;启动新的三年棚改攻坚计划，今年开工580万套。</p><p style=\"margin-top: 32px; margin-bottom: 0px; padding: 0px; font-size: 18px; text-indent: 2em; font-stretch: normal; line-height: 32px; font-family: &quot;Microsoft Yahei&quot;; color: rgb(64, 64, 64); text-align: justify;\">国家发改委副主任张勇6日称，正会同有关部门制定未来五年的乡村振兴战略规划，确定一批重大工程、重大行动和重大计划，明确实施步骤。基础设施建设方面未来仍有不少机会。</p><p style=\"margin-top: 32px; margin-bottom: 0px; padding: 0px; font-size: 18px; text-indent: 2em; font-stretch: normal; line-height: 32px; font-family: &quot;Microsoft Yahei&quot;; color: rgb(64, 64, 64); text-align: justify;\"><strong>08丨 教育类相关专业</strong></p><p style=\"margin-top: 32px; margin-bottom: 0px; padding: 0px; font-size: 18px; text-indent: 2em; font-stretch: normal; line-height: 32px; font-family: &quot;Microsoft Yahei&quot;; color: rgb(64, 64, 64); text-align: justify;\">政府工作报告提出，要多渠道增加学前教育资源供给。支持社会力量举办职业教育。发展民族教育、特殊教育、继续教育和网络教育。</p><p style=\"margin-top: 32px; margin-bottom: 0px; padding: 0px; font-size: 18px; text-indent: 2em; font-stretch: normal; line-height: 32px; font-family: &quot;Microsoft Yahei&quot;; color: rgb(64, 64, 64); text-align: justify;\">教育部部长陈宝生3日在谈到教师队伍建设时表示，要提高教师地位待遇，为教师压担子、指路子、提点子、给位子、发票子。全国政协委员、教育部原副部长刘利民10日在记者会上表示，学前教育仍然是教育体系中的一个短板，未来应就扩资源、增普惠、强监管、提质量方面重点发力。真正把有爱心、懂教育的教师吸引到学前教育的队伍里来，要关心学前教育教师的待遇以及师德等问题。</p><p class=\"f_center\" style=\"margin-top: 32px; margin-bottom: 0px; padding: 0px; font-size: 18px; font-stretch: normal; line-height: 32px; font-family: &quot;Microsoft Yahei&quot;; color: rgb(64, 64, 64); text-align: center;\"><img alt=\"学什么专业最有钱景?两会都说清楚了\" src=\"http://cms-bucket.nosdn.127.net/81f0271794d94159bc2c9e5fea8fc90820180312084337.png?imageView&thumbnail=550x0\" style=\"vertical-align: top; border-width: 0px; border-style: initial; border-color: initial; margin: 0px auto; display: block;\"/></p><p style=\"margin-top: 32px; margin-bottom: 0px; padding: 0px; font-size: 18px; text-indent: 2em; font-stretch: normal; line-height: 32px; font-family: &quot;Microsoft Yahei&quot;; color: rgb(64, 64, 64); text-align: justify;\"><strong>09丨 医学类相关专业</strong></p><p style=\"margin-top: 32px; margin-bottom: 0px; padding: 0px; font-size: 18px; text-indent: 2em; font-stretch: normal; line-height: 32px; font-family: &quot;Microsoft Yahei&quot;; color: rgb(64, 64, 64); text-align: justify;\">政府工作报告提到，要加强癌症等重大疾病防治攻关;加强全科医生队伍建设;改善妇幼保健服务;支持中医药事业传承发展。</p><p><br/></p>'),
(20, 20, 1, 1, 1520839551, 795357716, 1, 0, 0, 0, '<p>5天里，接连几名省部级官员都提到了它——</p><p>先是3月6日，山东省委副书记、济南市委书记王文涛；</p><p>再是国家发改委主任何立峰、科技部部长万钢，而后是国资委主任肖亚庆。</p><p>它是一部纪录片，名字叫《厉害了，我的国》。</p><p>王文涛在两会山东团开放日上说，自己因为开会还没时间看，但是建议“大家都要去看《厉害了，我的国》，我不是做广告”。</p><p>肖亚庆在两会记者会上说，“不知道大家最近看没看《厉害了，我的国》，中央电视台拍的纪录电影片，很火。讲的中国桥、中国路、中国港和中国网，这些好多都是中央企业为主或者中央企业承建的。”</p><p>这部片子究竟啥情况？导演卫铁接受政知见采访，揭秘其中细节。</p><p>坐高铁诞生的灵感</p><p>卫铁是湖北人。有一天，他坐高铁时，突然意识到自己仅用4个小时就可以从北京回到家乡时，一下子觉得属于个人的空间在这个时代里被扩展了，“我们需要走出自己的心门之外，看一看中国的壮美山河和崭新变化。”</p><p>这也是他创作《厉害了，我的国》的动力，“我希望这部影片让全世界都看到中国天地之间的美好变迁，认识奋斗创新的中国人民，认识伟大的中国。”</p><p>该片果然没有让卫铁失望：据中国电影票房吧的数据，截止到3月10日，上映仅9天的《厉害了，我的国》累计票房达两个亿，刷新了国产纪录电影的票房纪录。有观众看片后激动地留言道：“有一种幸运叫我是中国人！”</p><p>《厉害了，我的国》由中央电视台、中国电影股份有限公司(以下简称中影)联合出品，第一次以新闻纪录片的形式，将中国这5年在创新、协调、绿色、开放、共享的新发展理念下所取得的伟大成就呈现于大银幕上。从圆梦工程、创新驱动、协调发展、绿色中国、共享小康、开放中国几个角度对中国取得的辉煌成就加以集中展现。</p><p>一个个大国重器是中国科研领域硕果累累的真实反映；中国桥、中国路、中国车、中国港、中国网等举世瞩目的成就，是对国家实力的极佳写照；坚守梦想的工程师、科学家、拓荒者们，是谱写时代鸿篇的挥毫泼墨者；城市中闪耀的万家灯火，是对国泰民安的最好注解。</p><p>“众筹”的画面</p><p>细心的观众会发现，在这部影片中有些画面格式和质感明显有所差别。</p><p>为何会插入这样的画面？</p><p>导演卫铁透露：“有些画面是‘众筹’来的，采用的就是基层群众自己拍摄的画面。这些情景真实而动人，虽然清晰度有些缺失，但格外地鲜活，观众仿佛可以直接感受到生活的气息扑面而来。”为了这些画面，中央电视台财经频道在2017年9月就向全国观众发出邀请：用自己的镜头记录下身边的发展变化，讲述百姓眼中的中国故事。这样，普通百姓也能成为影片的导演。与此同时，节目组采取了百姓自拍和剧组拍摄同步推进的“众筹拍摄”创新手段。</p><p>导演卫铁介绍，从筹备到成片，纪录片《厉害了，我的国》用了一年的时间，海量的素材几乎将创作团队淹没——影片最后的时长为90分钟，但“影片前期的拍摄素材就已经超过了一千小时，有100多个T，就算是不休不眠看也要看40天。我一个70后带着一圈90后工作，导演组全是90后。事实证明，我们的团队非常优秀，都是人才；剪辑团队分组轮流工作，一天仅睡3个小时，争分夺秒、精益求精。”</p><p>为了“套近乎” 少用旁白</p><p>然而，海量的素材如何立于银幕之上也成为了一个挑战，最终，导演组决定以“人”来呈现。?可以说，“人”的精神是贯穿《厉害了，我的国》的最重要的“灵魂”。卫铁说：“无私而进取的中国劳动者们在以默默奉献的实际行动为中华民族的伟大复兴贡献着力量，他们平凡而可爱，让这部影片变得精彩。”</p><p>于是，在《厉害了，我的国》中，可以看到这些“厉害”的中国人——“</p><p>天眼之父”南仁东、港珠大桥总工程师林鸣、中建利比亚分公司总经理张作合、西藏扶贫女干部……</p><p>卫铁表示，为了让这些鲜活的个体在银幕上生动起来，撰稿时导演组尽量不用旁白，点到为止，而是让人物自己来表达，“这样，观众会与这些人物产生情感上的直接交流，感受到他们仿佛就是邻家的熟人，普普通通，但又别具光彩，在平凡中蕴育着伟大。”而这样的呈现方式则让观众赞叹惊呼，并发自内心地感慨：“幸福是奋斗出来的”，一个又一个的“中国奇迹”更是奋斗出来的。</p><p><br/></p>', '<p>5天里，接连几名省部级官员都提到了它——</p><p>先是3月6日，山东省委副书记、济南市委书记王文涛；</p><p>再是国家发改委主任何立峰、科技部部长万钢，而后是国资委主任肖亚庆。</p><p>它是一部纪录片，名字叫《厉害了，我的国》。</p><p>王文涛在两会山东团开放日上说，自己因为开会还没时间看，但是建议“大家都要去看《厉害了，我的国》，我不是做广告”。</p><p>肖亚庆在两会记者会上说，“不知道大家最近看没看《厉害了，我的国》，中央电视台拍的纪录电影片，很火。讲的中国桥、中国路、中国港和中国网，这些好多都是中央企业为主或者中央企业承建的。”</p><p>这部片子究竟啥情况？导演卫铁接受政知见采访，揭秘其中细节。</p><p>坐高铁诞生的灵感</p><p>卫铁是湖北人。有一天，他坐高铁时，突然意识到自己仅用4个小时就可以从北京回到家乡时，一下子觉得属于个人的空间在这个时代里被扩展了，“我们需要走出自己的心门之外，看一看中国的壮美山河和崭新变化。”</p><p>这也是他创作《厉害了，我的国》的动力，“我希望这部影片让全世界都看到中国天地之间的美好变迁，认识奋斗创新的中国人民，认识伟大的中国。”</p><p>该片果然没有让卫铁失望：据中国电影票房吧的数据，截止到3月10日，上映仅9天的《厉害了，我的国》累计票房达两个亿，刷新了国产纪录电影的票房纪录。有观众看片后激动地留言道：“有一种幸运叫我是中国人！”</p><p>《厉害了，我的国》由中央电视台、中国电影股份有限公司(以下简称中影)联合出品，第一次以新闻纪录片的形式，将中国这5年在创新、协调、绿色、开放、共享的新发展理念下所取得的伟大成就呈现于大银幕上。从圆梦工程、创新驱动、协调发展、绿色中国、共享小康、开放中国几个角度对中国取得的辉煌成就加以集中展现。</p><p>一个个大国重器是中国科研领域硕果累累的真实反映；中国桥、中国路、中国车、中国港、中国网等举世瞩目的成就，是对国家实力的极佳写照；坚守梦想的工程师、科学家、拓荒者们，是谱写时代鸿篇的挥毫泼墨者；城市中闪耀的万家灯火，是对国泰民安的最好注解。</p><p>“众筹”的画面</p><p>细心的观众会发现，在这部影片中有些画面格式和质感明显有所差别。</p><p>为何会插入这样的画面？</p><p>导演卫铁透露：“有些画面是‘众筹’来的，采用的就是基层群众自己拍摄的画面。这些情景真实而动人，虽然清晰度有些缺失，但格外地鲜活，观众仿佛可以直接感受到生活的气息扑面而来。”为了这些画面，中央电视台财经频道在2017年9月就向全国观众发出邀请：用自己的镜头记录下身边的发展变化，讲述百姓眼中的中国故事。这样，普通百姓也能成为影片的导演。与此同时，节目组采取了百姓自拍和剧组拍摄同步推进的“众筹拍摄”创新手段。</p><p>导演卫铁介绍，从筹备到成片，纪录片《厉害了，我的国》用了一年的时间，海量的素材几乎将创作团队淹没——影片最后的时长为90分钟，但“影片前期的拍摄素材就已经超过了一千小时，有100多个T，就算是不休不眠看也要看40天。我一个70后带着一圈90后工作，导演组全是90后。事实证明，我们的团队非常优秀，都是人才；剪辑团队分组轮流工作，一天仅睡3个小时，争分夺秒、精益求精。”</p><p>为了“套近乎” 少用旁白</p><p>然而，海量的素材如何立于银幕之上也成为了一个挑战，最终，导演组决定以“人”来呈现。?可以说，“人”的精神是贯穿《厉害了，我的国》的最重要的“灵魂”。卫铁说：“无私而进取的中国劳动者们在以默默奉献的实际行动为中华民族的伟大复兴贡献着力量，他们平凡而可爱，让这部影片变得精彩。”</p><p>于是，在《厉害了，我的国》中，可以看到这些“厉害”的中国人——“</p><p>天眼之父”南仁东、港珠大桥总工程师林鸣、中建利比亚分公司总经理张作合、西藏扶贫女干部……</p><p>卫铁表示，为了让这些鲜活的个体在银幕上生动起来，撰稿时导演组尽量不用旁白，点到为止，而是让人物自己来表达，“这样，观众会与这些人物产生情感上的直接交流，感受到他们仿佛就是邻家的熟人，普普通通，但又别具光彩，在平凡中蕴育着伟大。”而这样的呈现方式则让观众赞叹惊呼，并发自内心地感慨：“幸福是奋斗出来的”，一个又一个的“中国奇迹”更是奋斗出来的。</p><p><br/></p>'),
(21, 21, 1, 1, 1520839713, 795357716, 1, 0, 0, 0, '<p style=\"margin-top: 32px; margin-bottom: 0px; padding: 0px; font-size: 18px; text-indent: 2em; font-stretch: normal; line-height: 32px; font-family: &quot;Microsoft Yahei&quot;; color: rgb(64, 64, 64); text-align: justify;\">资料图：吉林省长白山林区，老白山风景区茂密秋季森林林海，五彩山林风景。 图片来源：视觉中国</p><p style=\"margin-top: 32px; margin-bottom: 0px; padding: 0px; font-size: 18px; text-indent: 2em; font-stretch: normal; line-height: 32px; font-family: &quot;Microsoft Yahei&quot;; color: rgb(64, 64, 64); text-align: justify;\"><strong>今年完成造林1亿亩以上</strong></p><p style=\"margin-top: 32px; margin-bottom: 0px; padding: 0px; font-size: 18px; text-indent: 2em; font-stretch: normal; line-height: 32px; font-family: &quot;Microsoft Yahei&quot;; color: rgb(64, 64, 64); text-align: justify;\">你是否有感觉身边的树木越来越多了?根据国家林业局的数据，党的十八大以来，全国完成造林5.08亿亩。而今年的政府工作报告，又提出了2018年造林1亿亩的目标。</p><p style=\"margin-top: 32px; margin-bottom: 0px; padding: 0px; font-size: 18px; text-indent: 2em; font-stretch: normal; line-height: 32px; font-family: &quot;Microsoft Yahei&quot;; color: rgb(64, 64, 64); text-align: justify;\">今年的政府工作报告提出，加强生态系统保护和修复，全面划定生态保护红线，完成造林1亿亩以上，耕地轮作休耕试点面积增加到3000万亩，扩大湿地保护和恢复范围，深化国家公园体制改革试点。严控填海造地。严格环境执法。我们要携手行动，建设天蓝、地绿、水清的美丽中国。</p><p style=\"margin-top: 32px; margin-bottom: 0px; padding: 0px; font-size: 18px; text-indent: 2em; font-stretch: normal; line-height: 32px; font-family: &quot;Microsoft Yahei&quot;; color: rgb(64, 64, 64); text-align: justify;\">1亿亩是什么概念?经记者查询换算，1亿亩约6.67万平方公里，约等于一个宁夏回族自治区的面积。</p><p class=\"f_center\" style=\"margin-top: 32px; margin-bottom: 0px; padding: 0px; font-size: 18px; font-stretch: normal; line-height: 32px; font-family: &quot;Microsoft Yahei&quot;; color: rgb(64, 64, 64); text-align: center;\"><img alt=\"点击进入下一页\" src=\"http://cms-bucket.nosdn.127.net/catchpic/7/76/7661ce0a232f860a3aa5366631153b65.jpg?imageView&thumbnail=550x0\" width=\"500\" height=\"333\" style=\"vertical-align: top; border-width: 0px; border-style: initial; border-color: initial;\"/></p><p style=\"margin-top: 32px; margin-bottom: 0px; padding: 0px; font-size: 18px; text-indent: 2em; font-stretch: normal; line-height: 32px; font-family: &quot;Microsoft Yahei&quot;; color: rgb(64, 64, 64); text-align: justify;\">资料图：2016年11月18日，穿过云雾航拍南京紫金山。中新社记者 泱波 摄</p><p style=\"margin-top: 32px; margin-bottom: 0px; padding: 0px; font-size: 18px; text-indent: 2em; font-stretch: normal; line-height: 32px; font-family: &quot;Microsoft Yahei&quot;; color: rgb(64, 64, 64); text-align: justify;\"><strong>全国森林面积达到31.2亿亩</strong></p><p style=\"margin-top: 32px; margin-bottom: 0px; padding: 0px; font-size: 18px; text-indent: 2em; font-stretch: normal; line-height: 32px; font-family: &quot;Microsoft Yahei&quot;; color: rgb(64, 64, 64); text-align: justify;\">在卫星地图上，我们常常可以看到成片的绿色。那么，中国现在共有多大面积的森林?</p><p style=\"margin-top: 32px; margin-bottom: 0px; padding: 0px; font-size: 18px; text-indent: 2em; font-stretch: normal; line-height: 32px; font-family: &quot;Microsoft Yahei&quot;; color: rgb(64, 64, 64); text-align: justify;\">今年2月13日，国家林业局党组书记、局长张建龙发表了署名文章《全面开启新时代林业现代化建设新征程》。</p><p style=\"margin-top: 32px; margin-bottom: 0px; padding: 0px; font-size: 18px; text-indent: 2em; font-stretch: normal; line-height: 32px; font-family: &quot;Microsoft Yahei&quot;; color: rgb(64, 64, 64); text-align: justify;\">文章提到，全国森林面积达到31.2亿亩，森林覆盖率达到21.66%，森林蓄积量达到151.37亿立方米。</p><p class=\"f_center\" style=\"margin-top: 32px; margin-bottom: 0px; padding: 0px; font-size: 18px; font-stretch: normal; line-height: 32px; font-family: &quot;Microsoft Yahei&quot;; color: rgb(64, 64, 64); text-align: center;\"><img alt=\"点击进入下一页\" src=\"http://cms-bucket.nosdn.127.net/catchpic/5/5d/5dd9d80c45d68893ceedd27868a98fd4.jpg?imageView&thumbnail=550x0\" width=\"500\" height=\"335\" style=\"vertical-align: top; border-width: 0px; border-style: initial; border-color: initial;\"/></p><p style=\"margin-top: 32px; margin-bottom: 0px; padding: 0px; font-size: 18px; text-indent: 2em; font-stretch: normal; line-height: 32px; font-family: &quot;Microsoft Yahei&quot;; color: rgb(64, 64, 64); text-align: justify;\">资料图：新疆兵团第二师三十三团持续植树造林改善生态环境，防止农田遭受风沙侵袭。　胡俊建 摄</p><p style=\"margin-top: 32px; margin-bottom: 0px; padding: 0px; font-size: 18px; text-indent: 2em; font-stretch: normal; line-height: 32px; font-family: &quot;Microsoft Yahei&quot;; color: rgb(64, 64, 64); text-align: justify;\"><strong>森林覆盖率达到21.66%</strong></p><p style=\"margin-top: 32px; margin-bottom: 0px; padding: 0px; font-size: 18px; text-indent: 2em; font-stretch: normal; line-height: 32px; font-family: &quot;Microsoft Yahei&quot;; color: rgb(64, 64, 64); text-align: justify;\">全国森林覆盖率目前达21.66%，这是一个什么样的水平?</p><p style=\"margin-top: 32px; margin-bottom: 0px; padding: 0px; font-size: 18px; text-indent: 2em; font-stretch: normal; line-height: 32px; font-family: &quot;Microsoft Yahei&quot;; color: rgb(64, 64, 64); text-align: justify;\">放眼全国，福建省的森林覆盖率以65.95%位居第一，江西省则以63.1%位居第二。</p><p style=\"margin-top: 32px; margin-bottom: 0px; padding: 0px; font-size: 18px; text-indent: 2em; font-stretch: normal; line-height: 32px; font-family: &quot;Microsoft Yahei&quot;; color: rgb(64, 64, 64); text-align: justify;\">此外，从去年地方两会公布的“成绩单”来看，全国多地的森林覆盖率也稳步提高。如北京森林覆盖率由2012年的38.6%提高到43%;上海从13.1%提高到16.2%;宁夏由11.9%提高到14%;河北由27%提高到33%等。</p><p style=\"margin-top: 32px; margin-bottom: 0px; padding: 0px; font-size: 18px; text-indent: 2em; font-stretch: normal; line-height: 32px; font-family: &quot;Microsoft Yahei&quot;; color: rgb(64, 64, 64); text-align: justify;\">而从国际的角度来看，据联合国粮农组织(UNFAO)的最新《全球森林资源评估报告2015》，全球的森林覆盖率为30.6%。中国仍低于世界平均水平。</p><p style=\"margin-top: 32px; margin-bottom: 0px; padding: 0px; font-size: 18px; text-indent: 2em; font-stretch: normal; line-height: 32px; font-family: &quot;Microsoft Yahei&quot;; color: rgb(64, 64, 64); text-align: justify;\">不过，今年1月4日，全国林业厅局长会议则为中国未来森林覆盖率的提高打了一针“强心剂”。会议指出，中国将启动大规模国土绿化行动，力争到2020年森林覆盖率达到23.04%，到2035年达到26%，到本世纪中叶达到世界平均水平。</p><p class=\"f_center\" style=\"margin-top: 32px; margin-bottom: 0px; padding: 0px; font-size: 18px; font-stretch: normal; line-height: 32px; font-family: &quot;Microsoft Yahei&quot;; color: rgb(64, 64, 64); text-align: center;\"><img alt=\"点击进入下一页\" src=\"http://cms-bucket.nosdn.127.net/catchpic/3/3c/3c76e41abb270d0f46ce4a1fdc9ceffd.jpg?imageView&thumbnail=550x0\" width=\"500\" height=\"280\" style=\"vertical-align: top; border-width: 0px; border-style: initial; border-color: initial;\"/></p><p style=\"margin-top: 32px; margin-bottom: 0px; padding: 0px; font-size: 18px; text-indent: 2em; font-stretch: normal; line-height: 32px; font-family: &quot;Microsoft Yahei&quot;; color: rgb(64, 64, 64); text-align: justify;\">资料图：第10届中国义乌国际森林产品博览会现场 潘沁文 摄</p><p style=\"margin-top: 32px; margin-bottom: 0px; padding: 0px; font-size: 18px; text-indent: 2em; font-stretch: normal; line-height: 32px; font-family: &quot;Microsoft Yahei&quot;; color: rgb(64, 64, 64); text-align: justify;\"><strong>全国林业产业总产值达到7万亿元</strong></p><p style=\"margin-top: 32px; margin-bottom: 0px; padding: 0px; font-size: 18px; text-indent: 2em; font-stretch: normal; line-height: 32px; font-family: &quot;Microsoft Yahei&quot;; color: rgb(64, 64, 64); text-align: justify;\">看完了中国林业的基本概况后，我们再来算一笔“经济账”。</p><p style=\"margin-top: 32px; margin-bottom: 0px; padding: 0px; font-size: 18px; text-indent: 2em; font-stretch: normal; line-height: 32px; font-family: &quot;Microsoft Yahei&quot;; color: rgb(64, 64, 64); text-align: justify;\">国家林业局局长张建龙在今年的全国林业厅局长会议上表示，2017年，全国林业产业总产值达到7万亿元，林产品进出口贸易额达到1500亿美元，继续保持林产品生产和贸易第一大国地位。</p><p style=\"margin-top: 32px; margin-bottom: 0px; padding: 0px; font-size: 18px; text-indent: 2em; font-stretch: normal; line-height: 32px; font-family: &quot;Microsoft Yahei&quot;; color: rgb(64, 64, 64); text-align: justify;\">此外，张建龙还表示，林业主要产业带动5200多万人就业。推进林业精准扶贫，选聘生态护林员37万人，精准带动130多万人增收和稳定脱贫。</p><p style=\"margin-top: 32px; margin-bottom: 0px; padding: 0px; font-size: 18px; text-indent: 2em; font-stretch: normal; line-height: 32px; font-family: &quot;Microsoft Yahei&quot;; color: rgb(64, 64, 64); text-align: justify;\">谈及未来的发展目标，张建龙称，力争2018年全国林业产业总产值达到7.5万亿元，进出口贸易额达到1600亿美元。</p><p class=\"f_center\" style=\"margin-top: 32px; margin-bottom: 0px; padding: 0px; font-size: 18px; font-stretch: normal; line-height: 32px; font-family: &quot;Microsoft Yahei&quot;; color: rgb(64, 64, 64); text-align: center;\"><img alt=\"点击进入下一页\" src=\"http://cms-bucket.nosdn.127.net/catchpic/2/25/25ccfb350394e3863cef57a4e857ab7a.jpg?imageView&thumbnail=550x0\" width=\"500\" height=\"375\" style=\"vertical-align: top; border-width: 0px; border-style: initial; border-color: initial;\"/></p><p style=\"margin-top: 32px; margin-bottom: 0px; padding: 0px; font-size: 18px; text-indent: 2em; font-stretch: normal; line-height: 32px; font-family: &quot;Microsoft Yahei&quot;; color: rgb(64, 64, 64); text-align: justify;\">资料图：贵州黔西土地生态整治后，提高了生态经济效益和社会经济持续发展能力。　杨云 摄</p><p><br/></p>', '<p style=\"margin-top: 32px; margin-bottom: 0px; padding: 0px; font-size: 18px; text-indent: 2em; font-stretch: normal; line-height: 32px; font-family: &quot;Microsoft Yahei&quot;; color: rgb(64, 64, 64); text-align: justify;\">资料图：吉林省长白山林区，老白山风景区茂密秋季森林林海，五彩山林风景。 图片来源：视觉中国</p><p style=\"margin-top: 32px; margin-bottom: 0px; padding: 0px; font-size: 18px; text-indent: 2em; font-stretch: normal; line-height: 32px; font-family: &quot;Microsoft Yahei&quot;; color: rgb(64, 64, 64); text-align: justify;\"><strong>今年完成造林1亿亩以上</strong></p><p style=\"margin-top: 32px; margin-bottom: 0px; padding: 0px; font-size: 18px; text-indent: 2em; font-stretch: normal; line-height: 32px; font-family: &quot;Microsoft Yahei&quot;; color: rgb(64, 64, 64); text-align: justify;\">你是否有感觉身边的树木越来越多了?根据国家林业局的数据，党的十八大以来，全国完成造林5.08亿亩。而今年的政府工作报告，又提出了2018年造林1亿亩的目标。</p><p style=\"margin-top: 32px; margin-bottom: 0px; padding: 0px; font-size: 18px; text-indent: 2em; font-stretch: normal; line-height: 32px; font-family: &quot;Microsoft Yahei&quot;; color: rgb(64, 64, 64); text-align: justify;\">今年的政府工作报告提出，加强生态系统保护和修复，全面划定生态保护红线，完成造林1亿亩以上，耕地轮作休耕试点面积增加到3000万亩，扩大湿地保护和恢复范围，深化国家公园体制改革试点。严控填海造地。严格环境执法。我们要携手行动，建设天蓝、地绿、水清的美丽中国。</p><p style=\"margin-top: 32px; margin-bottom: 0px; padding: 0px; font-size: 18px; text-indent: 2em; font-stretch: normal; line-height: 32px; font-family: &quot;Microsoft Yahei&quot;; color: rgb(64, 64, 64); text-align: justify;\">1亿亩是什么概念?经记者查询换算，1亿亩约6.67万平方公里，约等于一个宁夏回族自治区的面积。</p><p class=\"f_center\" style=\"margin-top: 32px; margin-bottom: 0px; padding: 0px; font-size: 18px; font-stretch: normal; line-height: 32px; font-family: &quot;Microsoft Yahei&quot;; color: rgb(64, 64, 64); text-align: center;\"><img alt=\"点击进入下一页\" src=\"http://cms-bucket.nosdn.127.net/catchpic/7/76/7661ce0a232f860a3aa5366631153b65.jpg?imageView&thumbnail=550x0\" width=\"500\" height=\"333\" style=\"vertical-align: top; border-width: 0px; border-style: initial; border-color: initial;\"/></p><p style=\"margin-top: 32px; margin-bottom: 0px; padding: 0px; font-size: 18px; text-indent: 2em; font-stretch: normal; line-height: 32px; font-family: &quot;Microsoft Yahei&quot;; color: rgb(64, 64, 64); text-align: justify;\">资料图：2016年11月18日，穿过云雾航拍南京紫金山。中新社记者 泱波 摄</p><p style=\"margin-top: 32px; margin-bottom: 0px; padding: 0px; font-size: 18px; text-indent: 2em; font-stretch: normal; line-height: 32px; font-family: &quot;Microsoft Yahei&quot;; color: rgb(64, 64, 64); text-align: justify;\"><strong>全国森林面积达到31.2亿亩</strong></p><p style=\"margin-top: 32px; margin-bottom: 0px; padding: 0px; font-size: 18px; text-indent: 2em; font-stretch: normal; line-height: 32px; font-family: &quot;Microsoft Yahei&quot;; color: rgb(64, 64, 64); text-align: justify;\">在卫星地图上，我们常常可以看到成片的绿色。那么，中国现在共有多大面积的森林?</p><p style=\"margin-top: 32px; margin-bottom: 0px; padding: 0px; font-size: 18px; text-indent: 2em; font-stretch: normal; line-height: 32px; font-family: &quot;Microsoft Yahei&quot;; color: rgb(64, 64, 64); text-align: justify;\">今年2月13日，国家林业局党组书记、局长张建龙发表了署名文章《全面开启新时代林业现代化建设新征程》。</p><p style=\"margin-top: 32px; margin-bottom: 0px; padding: 0px; font-size: 18px; text-indent: 2em; font-stretch: normal; line-height: 32px; font-family: &quot;Microsoft Yahei&quot;; color: rgb(64, 64, 64); text-align: justify;\">文章提到，全国森林面积达到31.2亿亩，森林覆盖率达到21.66%，森林蓄积量达到151.37亿立方米。</p><p class=\"f_center\" style=\"margin-top: 32px; margin-bottom: 0px; padding: 0px; font-size: 18px; font-stretch: normal; line-height: 32px; font-family: &quot;Microsoft Yahei&quot;; color: rgb(64, 64, 64); text-align: center;\"><img alt=\"点击进入下一页\" src=\"http://cms-bucket.nosdn.127.net/catchpic/5/5d/5dd9d80c45d68893ceedd27868a98fd4.jpg?imageView&thumbnail=550x0\" width=\"500\" height=\"335\" style=\"vertical-align: top; border-width: 0px; border-style: initial; border-color: initial;\"/></p><p style=\"margin-top: 32px; margin-bottom: 0px; padding: 0px; font-size: 18px; text-indent: 2em; font-stretch: normal; line-height: 32px; font-family: &quot;Microsoft Yahei&quot;; color: rgb(64, 64, 64); text-align: justify;\">资料图：新疆兵团第二师三十三团持续植树造林改善生态环境，防止农田遭受风沙侵袭。　胡俊建 摄</p><p style=\"margin-top: 32px; margin-bottom: 0px; padding: 0px; font-size: 18px; text-indent: 2em; font-stretch: normal; line-height: 32px; font-family: &quot;Microsoft Yahei&quot;; color: rgb(64, 64, 64); text-align: justify;\"><strong>森林覆盖率达到21.66%</strong></p><p style=\"margin-top: 32px; margin-bottom: 0px; padding: 0px; font-size: 18px; text-indent: 2em; font-stretch: normal; line-height: 32px; font-family: &quot;Microsoft Yahei&quot;; color: rgb(64, 64, 64); text-align: justify;\">全国森林覆盖率目前达21.66%，这是一个什么样的水平?</p><p style=\"margin-top: 32px; margin-bottom: 0px; padding: 0px; font-size: 18px; text-indent: 2em; font-stretch: normal; line-height: 32px; font-family: &quot;Microsoft Yahei&quot;; color: rgb(64, 64, 64); text-align: justify;\">放眼全国，福建省的森林覆盖率以65.95%位居第一，江西省则以63.1%位居第二。</p><p style=\"margin-top: 32px; margin-bottom: 0px; padding: 0px; font-size: 18px; text-indent: 2em; font-stretch: normal; line-height: 32px; font-family: &quot;Microsoft Yahei&quot;; color: rgb(64, 64, 64); text-align: justify;\">此外，从去年地方两会公布的“成绩单”来看，全国多地的森林覆盖率也稳步提高。如北京森林覆盖率由2012年的38.6%提高到43%;上海从13.1%提高到16.2%;宁夏由11.9%提高到14%;河北由27%提高到33%等。</p><p style=\"margin-top: 32px; margin-bottom: 0px; padding: 0px; font-size: 18px; text-indent: 2em; font-stretch: normal; line-height: 32px; font-family: &quot;Microsoft Yahei&quot;; color: rgb(64, 64, 64); text-align: justify;\">而从国际的角度来看，据联合国粮农组织(UNFAO)的最新《全球森林资源评估报告2015》，全球的森林覆盖率为30.6%。中国仍低于世界平均水平。</p><p style=\"margin-top: 32px; margin-bottom: 0px; padding: 0px; font-size: 18px; text-indent: 2em; font-stretch: normal; line-height: 32px; font-family: &quot;Microsoft Yahei&quot;; color: rgb(64, 64, 64); text-align: justify;\">不过，今年1月4日，全国林业厅局长会议则为中国未来森林覆盖率的提高打了一针“强心剂”。会议指出，中国将启动大规模国土绿化行动，力争到2020年森林覆盖率达到23.04%，到2035年达到26%，到本世纪中叶达到世界平均水平。</p><p class=\"f_center\" style=\"margin-top: 32px; margin-bottom: 0px; padding: 0px; font-size: 18px; font-stretch: normal; line-height: 32px; font-family: &quot;Microsoft Yahei&quot;; color: rgb(64, 64, 64); text-align: center;\"><img alt=\"点击进入下一页\" src=\"http://cms-bucket.nosdn.127.net/catchpic/3/3c/3c76e41abb270d0f46ce4a1fdc9ceffd.jpg?imageView&thumbnail=550x0\" width=\"500\" height=\"280\" style=\"vertical-align: top; border-width: 0px; border-style: initial; border-color: initial;\"/></p><p style=\"margin-top: 32px; margin-bottom: 0px; padding: 0px; font-size: 18px; text-indent: 2em; font-stretch: normal; line-height: 32px; font-family: &quot;Microsoft Yahei&quot;; color: rgb(64, 64, 64); text-align: justify;\">资料图：第10届中国义乌国际森林产品博览会现场 潘沁文 摄</p><p style=\"margin-top: 32px; margin-bottom: 0px; padding: 0px; font-size: 18px; text-indent: 2em; font-stretch: normal; line-height: 32px; font-family: &quot;Microsoft Yahei&quot;; color: rgb(64, 64, 64); text-align: justify;\"><strong>全国林业产业总产值达到7万亿元</strong></p><p style=\"margin-top: 32px; margin-bottom: 0px; padding: 0px; font-size: 18px; text-indent: 2em; font-stretch: normal; line-height: 32px; font-family: &quot;Microsoft Yahei&quot;; color: rgb(64, 64, 64); text-align: justify;\">看完了中国林业的基本概况后，我们再来算一笔“经济账”。</p><p style=\"margin-top: 32px; margin-bottom: 0px; padding: 0px; font-size: 18px; text-indent: 2em; font-stretch: normal; line-height: 32px; font-family: &quot;Microsoft Yahei&quot;; color: rgb(64, 64, 64); text-align: justify;\">国家林业局局长张建龙在今年的全国林业厅局长会议上表示，2017年，全国林业产业总产值达到7万亿元，林产品进出口贸易额达到1500亿美元，继续保持林产品生产和贸易第一大国地位。</p><p style=\"margin-top: 32px; margin-bottom: 0px; padding: 0px; font-size: 18px; text-indent: 2em; font-stretch: normal; line-height: 32px; font-family: &quot;Microsoft Yahei&quot;; color: rgb(64, 64, 64); text-align: justify;\">此外，张建龙还表示，林业主要产业带动5200多万人就业。推进林业精准扶贫，选聘生态护林员37万人，精准带动130多万人增收和稳定脱贫。</p><p style=\"margin-top: 32px; margin-bottom: 0px; padding: 0px; font-size: 18px; text-indent: 2em; font-stretch: normal; line-height: 32px; font-family: &quot;Microsoft Yahei&quot;; color: rgb(64, 64, 64); text-align: justify;\">谈及未来的发展目标，张建龙称，力争2018年全国林业产业总产值达到7.5万亿元，进出口贸易额达到1600亿美元。</p><p class=\"f_center\" style=\"margin-top: 32px; margin-bottom: 0px; padding: 0px; font-size: 18px; font-stretch: normal; line-height: 32px; font-family: &quot;Microsoft Yahei&quot;; color: rgb(64, 64, 64); text-align: center;\"><img alt=\"点击进入下一页\" src=\"http://cms-bucket.nosdn.127.net/catchpic/2/25/25ccfb350394e3863cef57a4e857ab7a.jpg?imageView&thumbnail=550x0\" width=\"500\" height=\"375\" style=\"vertical-align: top; border-width: 0px; border-style: initial; border-color: initial;\"/></p><p style=\"margin-top: 32px; margin-bottom: 0px; padding: 0px; font-size: 18px; text-indent: 2em; font-stretch: normal; line-height: 32px; font-family: &quot;Microsoft Yahei&quot;; color: rgb(64, 64, 64); text-align: justify;\">资料图：贵州黔西土地生态整治后，提高了生态经济效益和社会经济持续发展能力。　杨云 摄</p><p><br/></p>');
INSERT INTO `bbs_post` (`tid`, `pid`, `uid`, `isfirst`, `create_date`, `userip`, `images`, `files`, `doctype`, `quotepid`, `message`, `message_fmt`) VALUES
(22, 22, 1, 1, 1520839779, 795357716, 1, 0, 0, 0, '<p><br/></p><p style=\"margin-top: 32px; margin-bottom: 0px; padding: 0px; font-size: 18px; text-indent: 2em; font-stretch: normal; line-height: 32px; font-family: &quot;Microsoft Yahei&quot;; color: rgb(64, 64, 64); text-align: justify;\">这个城市，在校大学生一百二十多万，然而每年毕业留在这座城市的大学生却不到三分之一。落户难、住房贵、收入低、岗位少，困扰着选择人生第一份工作的大学生们。</p><p style=\"margin-top: 32px; margin-bottom: 0px; padding: 0px; font-size: 18px; text-indent: 2em; font-stretch: normal; line-height: 32px; font-family: &quot;Microsoft Yahei&quot;; color: rgb(64, 64, 64); text-align: justify;\">这座城市就是武汉。</p><p style=\"margin-top: 32px; margin-bottom: 0px; padding: 0px; font-size: 18px; text-indent: 2em; font-stretch: normal; line-height: 32px; font-family: &quot;Microsoft Yahei&quot;; color: rgb(64, 64, 64); text-align: justify;\">近年来，武汉瞄准这些痛点，布局了一场大手笔的“人才争夺战”。2017年，大学毕业生留汉人数达30.1万，是2016年的3.1倍;新落户大学毕业生14.2万，是2016年的近6倍。</p><p style=\"margin-top: 32px; margin-bottom: 0px; padding: 0px; font-size: 18px; text-indent: 2em; font-stretch: normal; line-height: 32px; font-family: &quot;Microsoft Yahei&quot;; color: rgb(64, 64, 64); text-align: justify;\">它是怎么做到的?</p><p style=\"margin-top: 32px; margin-bottom: 0px; padding: 0px; font-size: 18px; text-indent: 2em; font-stretch: normal; line-height: 32px; font-family: &quot;Microsoft Yahei&quot;; color: rgb(64, 64, 64); text-align: justify;\">武汉市市长做客央视财经《对话》演播室，谈突飞猛进的人才引进速度是怎么来的↓↓↓</p><p class=\"f_center\" style=\"margin-top: 32px; margin-bottom: 0px; padding: 0px; font-size: 18px; font-stretch: normal; line-height: 32px; font-family: &quot;Microsoft Yahei&quot;; color: rgb(64, 64, 64); text-align: center;\">?<img alt=\"大学生买房可以打8折 这座大城市为留人下血本\" src=\"http://cms-bucket.nosdn.127.net/4793a37599c4447bb09ae18e04e4fdb220180312003248.png?imageView&thumbnail=550x0\" style=\"vertical-align: top; border-width: 0px; border-style: initial; border-color: initial;\"/></p><p style=\"margin-top: 32px; margin-bottom: 0px; padding: 0px; font-size: 18px; text-indent: 2em; font-stretch: normal; line-height: 32px; font-family: &quot;Microsoft Yahei&quot;; color: rgb(64, 64, 64); text-align: justify;\"><strong>大学生最低年薪标准，四万到八万</strong></p><p style=\"margin-top: 32px; margin-bottom: 0px; padding: 0px; font-size: 18px; text-indent: 2em; font-stretch: normal; line-height: 32px; font-family: &quot;Microsoft Yahei&quot;; color: rgb(64, 64, 64); text-align: justify;\">武汉市市长 万勇：我们去年为吸引更多大学生留在武汉，出台了大学毕业生最低年薪指导标准，专科毕业生4万元，本科毕业生5万元，硕士毕业生6万元，博士毕业生8万元。</p><p class=\"f_center\" style=\"margin-top: 32px; margin-bottom: 0px; padding: 0px; font-size: 18px; font-stretch: normal; line-height: 32px; font-family: &quot;Microsoft Yahei&quot;; color: rgb(64, 64, 64); text-align: center;\"><img alt=\"大学生买房可以打8折 这座大城市为留人下血本\" src=\"http://cms-bucket.nosdn.127.net/bbbf0b97dc7e4bcd911380a2bfd67f2520180312003301.png?imageView&thumbnail=550x0\" style=\"vertical-align: top; border-width: 0px; border-style: initial; border-color: initial;\"/><br/></p><p style=\"margin-top: 32px; margin-bottom: 0px; padding: 0px; font-size: 18px; text-indent: 2em; font-stretch: normal; line-height: 32px; font-family: &quot;Microsoft Yahei&quot;; color: rgb(64, 64, 64); text-align: justify;\"><strong>不只有最低年薪，还能打折买房租房</strong></p><p style=\"margin-top: 32px; margin-bottom: 0px; padding: 0px; font-size: 18px; text-indent: 2em; font-stretch: normal; line-height: 32px; font-family: &quot;Microsoft Yahei&quot;; color: rgb(64, 64, 64); text-align: justify;\">武汉市市长 万勇：过去，一般少的时候只有几万大学毕业生留在武汉，多的时候也才十万多一点。去年，武汉市委市政府提出实施“百万大学生留汉创业就业工程”，但是怎么样把他们留下来呢?经过调查，有三个问题他们非常关注。</p><p style=\"margin-top: 32px; margin-bottom: 0px; padding: 0px; font-size: 18px; text-indent: 2em; font-stretch: normal; line-height: 32px; font-family: &quot;Microsoft Yahei&quot;; color: rgb(64, 64, 64); text-align: justify;\">首先是收入问题，再就是住房问题，还有一个就是落户问题。</p><p style=\"margin-top: 32px; margin-bottom: 0px; padding: 0px; font-size: 18px; text-indent: 2em; font-stretch: normal; line-height: 32px; font-family: &quot;Microsoft Yahei&quot;; color: rgb(64, 64, 64); text-align: justify;\">为了解决收入问题，我们研究制定了这么一个大学毕业生最低年薪指导标准。</p><p style=\"margin-top: 32px; margin-bottom: 0px; padding: 0px; font-size: 18px; text-indent: 2em; font-stretch: normal; line-height: 32px; font-family: &quot;Microsoft Yahei&quot;; color: rgb(64, 64, 64); text-align: justify;\">为了解决住房问题，我们研究出台政策，大学生可以低于市场价20%的价格买到安居房、租到租赁房。</p><p style=\"margin-top: 32px; margin-bottom: 0px; padding: 0px; font-size: 18px; text-indent: 2em; font-stretch: normal; line-height: 32px; font-family: &quot;Microsoft Yahei&quot;; color: rgb(64, 64, 64); text-align: justify;\">大学毕业生落户，我们是零门槛，只要凭毕业证就可以落户，本科生和大专生是40岁以下，硕士生和博士生不受年龄限制。</p><p style=\"margin-top: 32px; margin-bottom: 0px; padding: 0px; font-size: 18px; text-indent: 2em; font-stretch: normal; line-height: 32px; font-family: &quot;Microsoft Yahei&quot;; color: rgb(64, 64, 64); text-align: justify;\">去年有一位大学生叫蒋辉，他2010年就在武汉创业，但是在此之前，由于政策原因，他一直没有落户。去年我们出台政策后，他就在40岁生日的前一天向我们提出落户的申请，我们给他办理了。他非常开心，说这是武汉市送给他最好的一份生日礼物。</p><p class=\"f_center\" style=\"margin-top: 32px; margin-bottom: 0px; padding: 0px; font-size: 18px; font-stretch: normal; line-height: 32px; font-family: &quot;Microsoft Yahei&quot;; color: rgb(64, 64, 64); text-align: center;\"><img alt=\"大学生买房可以打8折 这座大城市为留人下血本\" src=\"http://cms-bucket.nosdn.127.net/d3fd919f23524a6f91afc64688ca2d0920180312003317.png?imageView&thumbnail=550x0\" style=\"vertical-align: top; border-width: 0px; border-style: initial; border-color: initial;\"/><br/></p><p style=\"margin-top: 32px; margin-bottom: 0px; padding: 0px; font-size: 18px; text-indent: 2em; font-stretch: normal; line-height: 32px; font-family: &quot;Microsoft Yahei&quot;; color: rgb(64, 64, 64); text-align: justify;\"><strong>创业，北上广深以外的城市选择是...</strong></p><p style=\"margin-top: 32px; margin-bottom: 0px; padding: 0px; font-size: 18px; text-indent: 2em; font-stretch: normal; line-height: 32px; font-family: &quot;Microsoft Yahei&quot;; color: rgb(64, 64, 64); text-align: justify;\">盘石董事长兼CEO 田宁：这个调查发放了十万个调查问卷。通过调查问卷显示，武汉市这一次出台大学毕业生最低年薪指导标准，引起了极大反响。很多学生表示愿意留在武汉创业，通过这个调查也发现，更多学生觉得，除了北上广一线城市以外，他们更多愿意留在两个城市创业，一个是武汉，一个是杭州。</p><p class=\"f_center\" style=\"margin-top: 32px; margin-bottom: 0px; padding: 0px; font-size: 18px; font-stretch: normal; line-height: 32px; font-family: &quot;Microsoft Yahei&quot;; color: rgb(64, 64, 64); text-align: center;\"><img alt=\"大学生买房可以打8折 这座大城市为留人下血本\" src=\"http://cms-bucket.nosdn.127.net/8ea5d4e348f249d3865943913e19b6c420180312003334.png?imageView&thumbnail=550x0\" style=\"vertical-align: top; border-width: 0px; border-style: initial; border-color: initial;\"/></p><p><br/></p>', '<p><br/></p><p style=\"margin-top: 32px; margin-bottom: 0px; padding: 0px; font-size: 18px; text-indent: 2em; font-stretch: normal; line-height: 32px; font-family: &quot;Microsoft Yahei&quot;; color: rgb(64, 64, 64); text-align: justify;\">这个城市，在校大学生一百二十多万，然而每年毕业留在这座城市的大学生却不到三分之一。落户难、住房贵、收入低、岗位少，困扰着选择人生第一份工作的大学生们。</p><p style=\"margin-top: 32px; margin-bottom: 0px; padding: 0px; font-size: 18px; text-indent: 2em; font-stretch: normal; line-height: 32px; font-family: &quot;Microsoft Yahei&quot;; color: rgb(64, 64, 64); text-align: justify;\">这座城市就是武汉。</p><p style=\"margin-top: 32px; margin-bottom: 0px; padding: 0px; font-size: 18px; text-indent: 2em; font-stretch: normal; line-height: 32px; font-family: &quot;Microsoft Yahei&quot;; color: rgb(64, 64, 64); text-align: justify;\">近年来，武汉瞄准这些痛点，布局了一场大手笔的“人才争夺战”。2017年，大学毕业生留汉人数达30.1万，是2016年的3.1倍;新落户大学毕业生14.2万，是2016年的近6倍。</p><p style=\"margin-top: 32px; margin-bottom: 0px; padding: 0px; font-size: 18px; text-indent: 2em; font-stretch: normal; line-height: 32px; font-family: &quot;Microsoft Yahei&quot;; color: rgb(64, 64, 64); text-align: justify;\">它是怎么做到的?</p><p style=\"margin-top: 32px; margin-bottom: 0px; padding: 0px; font-size: 18px; text-indent: 2em; font-stretch: normal; line-height: 32px; font-family: &quot;Microsoft Yahei&quot;; color: rgb(64, 64, 64); text-align: justify;\">武汉市市长做客央视财经《对话》演播室，谈突飞猛进的人才引进速度是怎么来的↓↓↓</p><p class=\"f_center\" style=\"margin-top: 32px; margin-bottom: 0px; padding: 0px; font-size: 18px; font-stretch: normal; line-height: 32px; font-family: &quot;Microsoft Yahei&quot;; color: rgb(64, 64, 64); text-align: center;\">?<img alt=\"大学生买房可以打8折 这座大城市为留人下血本\" src=\"http://cms-bucket.nosdn.127.net/4793a37599c4447bb09ae18e04e4fdb220180312003248.png?imageView&thumbnail=550x0\" style=\"vertical-align: top; border-width: 0px; border-style: initial; border-color: initial;\"/></p><p style=\"margin-top: 32px; margin-bottom: 0px; padding: 0px; font-size: 18px; text-indent: 2em; font-stretch: normal; line-height: 32px; font-family: &quot;Microsoft Yahei&quot;; color: rgb(64, 64, 64); text-align: justify;\"><strong>大学生最低年薪标准，四万到八万</strong></p><p style=\"margin-top: 32px; margin-bottom: 0px; padding: 0px; font-size: 18px; text-indent: 2em; font-stretch: normal; line-height: 32px; font-family: &quot;Microsoft Yahei&quot;; color: rgb(64, 64, 64); text-align: justify;\">武汉市市长 万勇：我们去年为吸引更多大学生留在武汉，出台了大学毕业生最低年薪指导标准，专科毕业生4万元，本科毕业生5万元，硕士毕业生6万元，博士毕业生8万元。</p><p class=\"f_center\" style=\"margin-top: 32px; margin-bottom: 0px; padding: 0px; font-size: 18px; font-stretch: normal; line-height: 32px; font-family: &quot;Microsoft Yahei&quot;; color: rgb(64, 64, 64); text-align: center;\"><img alt=\"大学生买房可以打8折 这座大城市为留人下血本\" src=\"http://cms-bucket.nosdn.127.net/bbbf0b97dc7e4bcd911380a2bfd67f2520180312003301.png?imageView&thumbnail=550x0\" style=\"vertical-align: top; border-width: 0px; border-style: initial; border-color: initial;\"/><br/></p><p style=\"margin-top: 32px; margin-bottom: 0px; padding: 0px; font-size: 18px; text-indent: 2em; font-stretch: normal; line-height: 32px; font-family: &quot;Microsoft Yahei&quot;; color: rgb(64, 64, 64); text-align: justify;\"><strong>不只有最低年薪，还能打折买房租房</strong></p><p style=\"margin-top: 32px; margin-bottom: 0px; padding: 0px; font-size: 18px; text-indent: 2em; font-stretch: normal; line-height: 32px; font-family: &quot;Microsoft Yahei&quot;; color: rgb(64, 64, 64); text-align: justify;\">武汉市市长 万勇：过去，一般少的时候只有几万大学毕业生留在武汉，多的时候也才十万多一点。去年，武汉市委市政府提出实施“百万大学生留汉创业就业工程”，但是怎么样把他们留下来呢?经过调查，有三个问题他们非常关注。</p><p style=\"margin-top: 32px; margin-bottom: 0px; padding: 0px; font-size: 18px; text-indent: 2em; font-stretch: normal; line-height: 32px; font-family: &quot;Microsoft Yahei&quot;; color: rgb(64, 64, 64); text-align: justify;\">首先是收入问题，再就是住房问题，还有一个就是落户问题。</p><p style=\"margin-top: 32px; margin-bottom: 0px; padding: 0px; font-size: 18px; text-indent: 2em; font-stretch: normal; line-height: 32px; font-family: &quot;Microsoft Yahei&quot;; color: rgb(64, 64, 64); text-align: justify;\">为了解决收入问题，我们研究制定了这么一个大学毕业生最低年薪指导标准。</p><p style=\"margin-top: 32px; margin-bottom: 0px; padding: 0px; font-size: 18px; text-indent: 2em; font-stretch: normal; line-height: 32px; font-family: &quot;Microsoft Yahei&quot;; color: rgb(64, 64, 64); text-align: justify;\">为了解决住房问题，我们研究出台政策，大学生可以低于市场价20%的价格买到安居房、租到租赁房。</p><p style=\"margin-top: 32px; margin-bottom: 0px; padding: 0px; font-size: 18px; text-indent: 2em; font-stretch: normal; line-height: 32px; font-family: &quot;Microsoft Yahei&quot;; color: rgb(64, 64, 64); text-align: justify;\">大学毕业生落户，我们是零门槛，只要凭毕业证就可以落户，本科生和大专生是40岁以下，硕士生和博士生不受年龄限制。</p><p style=\"margin-top: 32px; margin-bottom: 0px; padding: 0px; font-size: 18px; text-indent: 2em; font-stretch: normal; line-height: 32px; font-family: &quot;Microsoft Yahei&quot;; color: rgb(64, 64, 64); text-align: justify;\">去年有一位大学生叫蒋辉，他2010年就在武汉创业，但是在此之前，由于政策原因，他一直没有落户。去年我们出台政策后，他就在40岁生日的前一天向我们提出落户的申请，我们给他办理了。他非常开心，说这是武汉市送给他最好的一份生日礼物。</p><p class=\"f_center\" style=\"margin-top: 32px; margin-bottom: 0px; padding: 0px; font-size: 18px; font-stretch: normal; line-height: 32px; font-family: &quot;Microsoft Yahei&quot;; color: rgb(64, 64, 64); text-align: center;\"><img alt=\"大学生买房可以打8折 这座大城市为留人下血本\" src=\"http://cms-bucket.nosdn.127.net/d3fd919f23524a6f91afc64688ca2d0920180312003317.png?imageView&thumbnail=550x0\" style=\"vertical-align: top; border-width: 0px; border-style: initial; border-color: initial;\"/><br/></p><p style=\"margin-top: 32px; margin-bottom: 0px; padding: 0px; font-size: 18px; text-indent: 2em; font-stretch: normal; line-height: 32px; font-family: &quot;Microsoft Yahei&quot;; color: rgb(64, 64, 64); text-align: justify;\"><strong>创业，北上广深以外的城市选择是...</strong></p><p style=\"margin-top: 32px; margin-bottom: 0px; padding: 0px; font-size: 18px; text-indent: 2em; font-stretch: normal; line-height: 32px; font-family: &quot;Microsoft Yahei&quot;; color: rgb(64, 64, 64); text-align: justify;\">盘石董事长兼CEO 田宁：这个调查发放了十万个调查问卷。通过调查问卷显示，武汉市这一次出台大学毕业生最低年薪指导标准，引起了极大反响。很多学生表示愿意留在武汉创业，通过这个调查也发现，更多学生觉得，除了北上广一线城市以外，他们更多愿意留在两个城市创业，一个是武汉，一个是杭州。</p><p class=\"f_center\" style=\"margin-top: 32px; margin-bottom: 0px; padding: 0px; font-size: 18px; font-stretch: normal; line-height: 32px; font-family: &quot;Microsoft Yahei&quot;; color: rgb(64, 64, 64); text-align: center;\"><img alt=\"大学生买房可以打8折 这座大城市为留人下血本\" src=\"http://cms-bucket.nosdn.127.net/8ea5d4e348f249d3865943913e19b6c420180312003334.png?imageView&thumbnail=550x0\" style=\"vertical-align: top; border-width: 0px; border-style: initial; border-color: initial;\"/></p><p><br/></p>'),
(23, 23, 1, 1, 1520839882, 795357716, 1, 0, 0, 0, '<p><br/></p><p style=\"margin-top: 32px; margin-bottom: 0px; padding: 0px; font-size: 18px; text-indent: 2em; font-stretch: normal; line-height: 32px; font-family: &quot;Microsoft Yahei&quot;; color: rgb(64, 64, 64); text-align: justify;\">中国台湾网3月11日讯 据台湾《中时电子报》报道，台北果菜市场近期连续休市引发菜价暴跌，台北农产运销公司总经理吴音宁饱受批评。日前网络疯传吴音宁被质询影片，吴被爆是用年薪250万(新台币，下同)聘来的，却不是专业人士，不会看财务报表，不知道公司总营收，只会说自己要学习。对此，国民党发言人洪孟楷直言，原来民进党当局上任后最大的启示就是，只要颜色正确，不管什么样的“二百五”都有能到年薪250万的机会。</p><p style=\"margin-top: 32px; margin-bottom: 0px; padding: 0px; font-size: 18px; text-indent: 2em; font-stretch: normal; line-height: 32px; font-family: &quot;Microsoft Yahei&quot;; color: rgb(64, 64, 64); text-align: justify;\">据报道，去年国民党台北市议员徐世勋质询吴音宁的影片在网络疯传，影片中徐世勋问吴音宁是否能够看懂财务报表，以及如何领导北农？吴音宁都以“还在学习”作为回答，徐世勋当时就当着柯文哲的面质疑“用250万年薪聘用的总经理，是请他来学习的吗？”</p><p style=\"margin-top: 32px; margin-bottom: 0px; padding: 0px; font-size: 18px; text-indent: 2em; font-stretch: normal; line-height: 32px; font-family: &quot;Microsoft Yahei&quot;; color: rgb(64, 64, 64); text-align: justify;\">对此，洪孟楷指出，过去民进党上任后磨刀霍霍剑指各个位置，就是要把“前朝”人马换成自己人，不问专业、只看颜色，所以看到派系角力、又看到不断羞辱原本的专业人士，北农也在争议下换成毫无农业经验的吴音宁。如今在没有天灾的情况下也让高丽菜(包菜)价暴跌，这种外行领导内行所产生悲剧结果就是农民受苦、全民买单。</p><p style=\"margin-top: 32px; margin-bottom: 0px; padding: 0px; font-size: 18px; text-indent: 2em; font-stretch: normal; line-height: 32px; font-family: &quot;Microsoft Yahei&quot;; color: rgb(64, 64, 64); text-align: justify;\"></p><p style=\"margin-top: 32px; margin-bottom: 0px; padding: 0px; font-size: 18px; text-indent: 2em; font-stretch: normal; line-height: 32px; font-family: &quot;Microsoft Yahei&quot;; color: rgb(64, 64, 64); text-align: justify;\">“250万年薪是什么概念？”洪孟楷说，薪水不到三万元的社会新鲜人要不吃不喝六年十个月才能获得。他说，原来民进党当局上任后最大的启示就是，只要颜色正确，不管什么样的“二百五”都有能到年薪250万的机会!如此激励的故事，大家还不争先抢办民进党党证吗!“但人民已经无法再忍受，不把酬庸的二百五换掉、就等着人民来把你们淘汰!”</p><p><br/></p>', '<p><br/></p><p style=\"margin-top: 32px; margin-bottom: 0px; padding: 0px; font-size: 18px; text-indent: 2em; font-stretch: normal; line-height: 32px; font-family: &quot;Microsoft Yahei&quot;; color: rgb(64, 64, 64); text-align: justify;\">中国台湾网3月11日讯 据台湾《中时电子报》报道，台北果菜市场近期连续休市引发菜价暴跌，台北农产运销公司总经理吴音宁饱受批评。日前网络疯传吴音宁被质询影片，吴被爆是用年薪250万(新台币，下同)聘来的，却不是专业人士，不会看财务报表，不知道公司总营收，只会说自己要学习。对此，国民党发言人洪孟楷直言，原来民进党当局上任后最大的启示就是，只要颜色正确，不管什么样的“二百五”都有能到年薪250万的机会。</p><p style=\"margin-top: 32px; margin-bottom: 0px; padding: 0px; font-size: 18px; text-indent: 2em; font-stretch: normal; line-height: 32px; font-family: &quot;Microsoft Yahei&quot;; color: rgb(64, 64, 64); text-align: justify;\">据报道，去年国民党台北市议员徐世勋质询吴音宁的影片在网络疯传，影片中徐世勋问吴音宁是否能够看懂财务报表，以及如何领导北农？吴音宁都以“还在学习”作为回答，徐世勋当时就当着柯文哲的面质疑“用250万年薪聘用的总经理，是请他来学习的吗？”</p><p style=\"margin-top: 32px; margin-bottom: 0px; padding: 0px; font-size: 18px; text-indent: 2em; font-stretch: normal; line-height: 32px; font-family: &quot;Microsoft Yahei&quot;; color: rgb(64, 64, 64); text-align: justify;\">对此，洪孟楷指出，过去民进党上任后磨刀霍霍剑指各个位置，就是要把“前朝”人马换成自己人，不问专业、只看颜色，所以看到派系角力、又看到不断羞辱原本的专业人士，北农也在争议下换成毫无农业经验的吴音宁。如今在没有天灾的情况下也让高丽菜(包菜)价暴跌，这种外行领导内行所产生悲剧结果就是农民受苦、全民买单。</p><p style=\"margin-top: 32px; margin-bottom: 0px; padding: 0px; font-size: 18px; text-indent: 2em; font-stretch: normal; line-height: 32px; font-family: &quot;Microsoft Yahei&quot;; color: rgb(64, 64, 64); text-align: justify;\"></p><p style=\"margin-top: 32px; margin-bottom: 0px; padding: 0px; font-size: 18px; text-indent: 2em; font-stretch: normal; line-height: 32px; font-family: &quot;Microsoft Yahei&quot;; color: rgb(64, 64, 64); text-align: justify;\">“250万年薪是什么概念？”洪孟楷说，薪水不到三万元的社会新鲜人要不吃不喝六年十个月才能获得。他说，原来民进党当局上任后最大的启示就是，只要颜色正确，不管什么样的“二百五”都有能到年薪250万的机会!如此激励的故事，大家还不争先抢办民进党党证吗!“但人民已经无法再忍受，不把酬庸的二百五换掉、就等着人民来把你们淘汰!”</p><p><br/></p>'),
(24, 24, 1, 1, 1520839949, 795357716, 0, 0, 0, 0, '<p><br/></p><p style=\"margin-top: 32px; margin-bottom: 0px; padding: 0px; font-size: 18px; text-indent: 2em; font-stretch: normal; line-height: 32px; font-family: &quot;Microsoft Yahei&quot;; color: rgb(64, 64, 64); text-align: justify;\">立春过后，海军东海舰队又掀起练兵热潮，圈粉无数。长安街知事发现，除了保卫海疆的第一要务，他们还增加了一项特殊使命。</p><p style=\"margin-top: 32px; margin-bottom: 0px; padding: 0px; font-size: 18px; text-indent: 2em; font-stretch: normal; line-height: 32px; font-family: &quot;Microsoft Yahei&quot;; color: rgb(64, 64, 64); text-align: justify;\">据《浙江日报》报道，海军东海舰队计划在2020年前投入690万元，帮扶浙江宁波余姚市梁弄镇横坎头村居山村民搬迁、建设美丽乡村、开发红色旅游等。</p><p style=\"margin-top: 32px; margin-bottom: 0px; padding: 0px; font-size: 18px; text-indent: 2em; font-stretch: normal; line-height: 32px; font-family: &quot;Microsoft Yahei&quot;; color: rgb(64, 64, 64); text-align: justify;\">横坎头村可不是个普通的村子，抗日战争时期，这里曾是浙东抗日根据地的中心所在地，素有“浙江红村”之称。但多年来，“贫困”一直是横坎头村的标签，交通闭塞、经济薄弱。</p><p style=\"margin-top: 32px; margin-bottom: 0px; padding: 0px; font-size: 18px; text-indent: 2em; font-stretch: normal; line-height: 32px; font-family: &quot;Microsoft Yahei&quot;; color: rgb(64, 64, 64); text-align: justify;\">2003年春节前夕，刚刚担任浙江省委书记的习近平专程到梁弄镇和横坎头村考察调研，提出了建设“全国革命老区全面奔小康样板镇”的殷切期望。15年来，横坎头村调整产业结构，发挥资源优势，村民生活条件不断改善。</p><p style=\"margin-top: 32px; margin-bottom: 0px; padding: 0px; font-size: 18px; text-indent: 2em; font-stretch: normal; line-height: 32px; font-family: &quot;Microsoft Yahei&quot;; color: rgb(64, 64, 64); text-align: justify;\">前不久，横坎头村全体党员给总书记写信，汇报该村的发展变化情况。总书记回信勉励大家传承好红色基因，发挥好党组织战斗堡垒作用和党员先锋模范作用，同乡亲们一道，再接再厉、苦干实干，努力建设富裕、文明、宜居的美丽乡村。</p><p style=\"margin-top: 32px; margin-bottom: 0px; padding: 0px; font-size: 18px; text-indent: 2em; font-stretch: normal; line-height: 32px; font-family: &quot;Microsoft Yahei&quot;; color: rgb(64, 64, 64); text-align: justify;\">东海舰队怎么和横坎头村牵上了手，得从2016年说起。当年经宁波市委、市政府推荐，横坎头村成为东海舰队的定点帮扶对象。两年来，东海舰队利用人才、装备、技术等方面优势，比如修建道路管线、改造饮用供水设施、援助贫困学生、赠送医疗器械等，与乡亲们携手奋斗。</p><p class=\"f_center\" style=\"margin-top: 32px; margin-bottom: 0px; padding: 0px; font-size: 18px; font-stretch: normal; line-height: 32px; font-family: &quot;Microsoft Yahei&quot;; color: rgb(64, 64, 64); text-align: center;\"><img alt=\"东海舰队定期组织专家医疗队赴横坎头村进行医疗义诊服务\" src=\"http://cms-bucket.nosdn.127.net/catchpic/4/43/43c48ca83a8f72cab30b5547749e4770.jpg?imageView&thumbnail=550x0\" width=\"550\" height=\"366\" style=\"vertical-align: top; border-width: 0px; border-style: initial; border-color: initial;\"/><br/><span style=\"text-align: justify;\">东海舰队定期组织专家医疗队赴横坎头村进行医疗义诊服务　　</span></p><p style=\"margin-top: 32px; margin-bottom: 0px; padding: 0px; font-size: 18px; text-indent: 2em; font-stretch: normal; line-height: 32px; font-family: &quot;Microsoft Yahei&quot;; color: rgb(64, 64, 64); text-align: justify;\">值得一提的是，针对种植樱桃是横坎头村的支柱产业这一特点，东海舰队也进行了“精准帮扶”。两年来，东海舰队保障部物资供应处的联络员经常穿梭在横坎头村的田间地头，向种植户们传授种植技术。去年，他们帮扶村民建成25亩樱桃以及10亩猕猴桃大棚种植基地，并引入了喷滴管灌溉培育技术，赢得了村民们的好评。</p><p class=\"f_center\" style=\"margin-top: 32px; margin-bottom: 0px; padding: 0px; font-size: 18px; font-stretch: normal; line-height: 32px; font-family: &quot;Microsoft Yahei&quot;; color: rgb(64, 64, 64); text-align: center;\"><img alt=\"东海舰队官兵帮扶村民开垦荒地种植树苗，如今瓜果飘香枝繁叶茂\" src=\"http://cms-bucket.nosdn.127.net/catchpic/b/b5/b5ebb0c89cabdaeec771a777c31e79c7.jpg?imageView&thumbnail=550x0\" width=\"550\" height=\"366\" style=\"vertical-align: top; border-width: 0px; border-style: initial; border-color: initial;\"/><br/><span style=\"text-align: justify;\">东海舰队官兵帮扶村民开垦荒地种植树苗，如今瓜果飘香枝繁叶茂　　</span></p><p style=\"margin-top: 32px; margin-bottom: 0px; padding: 0px; font-size: 18px; text-indent: 2em; font-stretch: normal; line-height: 32px; font-family: &quot;Microsoft Yahei&quot;; color: rgb(64, 64, 64); text-align: justify;\">总书记的回信是对横坎头村党员的极大鼓励，人民子弟兵的积极帮扶则是对横坎头村美丽乡村建设的有力支持。横坎头村党委书记张志灿深有感触地说：“这些年，我们依托红色旅游、绿色资源，在大步走上全面小康道路的奋斗过程中，离不开人民子弟兵的真情帮扶。”</p><p style=\"margin-top: 32px; margin-bottom: 0px; padding: 0px; font-size: 18px; text-indent: 2em; font-stretch: normal; line-height: 32px; font-family: &quot;Microsoft Yahei&quot;; color: rgb(64, 64, 64); text-align: justify;\">长安街知事发现，除了东海舰队之外，中国海军另外两大舰队也有肩负着同样的帮扶使命。南海舰队在2016年确定广东湛江廉江市塘蓬镇六环村为舰队定点帮扶贫困村，去年更是投入1200余万帮助六环村困难群众脱贫致富;北海舰队机关的定点帮扶村则是青岛黄岛区黄岭村，帮扶工作自2016年7月启动，军地正合力打造三大扶贫工程。</p><p><br/></p>', '<p><br/></p><p style=\"margin-top: 32px; margin-bottom: 0px; padding: 0px; font-size: 18px; text-indent: 2em; font-stretch: normal; line-height: 32px; font-family: &quot;Microsoft Yahei&quot;; color: rgb(64, 64, 64); text-align: justify;\">立春过后，海军东海舰队又掀起练兵热潮，圈粉无数。长安街知事发现，除了保卫海疆的第一要务，他们还增加了一项特殊使命。</p><p style=\"margin-top: 32px; margin-bottom: 0px; padding: 0px; font-size: 18px; text-indent: 2em; font-stretch: normal; line-height: 32px; font-family: &quot;Microsoft Yahei&quot;; color: rgb(64, 64, 64); text-align: justify;\">据《浙江日报》报道，海军东海舰队计划在2020年前投入690万元，帮扶浙江宁波余姚市梁弄镇横坎头村居山村民搬迁、建设美丽乡村、开发红色旅游等。</p><p style=\"margin-top: 32px; margin-bottom: 0px; padding: 0px; font-size: 18px; text-indent: 2em; font-stretch: normal; line-height: 32px; font-family: &quot;Microsoft Yahei&quot;; color: rgb(64, 64, 64); text-align: justify;\">横坎头村可不是个普通的村子，抗日战争时期，这里曾是浙东抗日根据地的中心所在地，素有“浙江红村”之称。但多年来，“贫困”一直是横坎头村的标签，交通闭塞、经济薄弱。</p><p style=\"margin-top: 32px; margin-bottom: 0px; padding: 0px; font-size: 18px; text-indent: 2em; font-stretch: normal; line-height: 32px; font-family: &quot;Microsoft Yahei&quot;; color: rgb(64, 64, 64); text-align: justify;\">2003年春节前夕，刚刚担任浙江省委书记的习近平专程到梁弄镇和横坎头村考察调研，提出了建设“全国革命老区全面奔小康样板镇”的殷切期望。15年来，横坎头村调整产业结构，发挥资源优势，村民生活条件不断改善。</p><p style=\"margin-top: 32px; margin-bottom: 0px; padding: 0px; font-size: 18px; text-indent: 2em; font-stretch: normal; line-height: 32px; font-family: &quot;Microsoft Yahei&quot;; color: rgb(64, 64, 64); text-align: justify;\">前不久，横坎头村全体党员给总书记写信，汇报该村的发展变化情况。总书记回信勉励大家传承好红色基因，发挥好党组织战斗堡垒作用和党员先锋模范作用，同乡亲们一道，再接再厉、苦干实干，努力建设富裕、文明、宜居的美丽乡村。</p><p style=\"margin-top: 32px; margin-bottom: 0px; padding: 0px; font-size: 18px; text-indent: 2em; font-stretch: normal; line-height: 32px; font-family: &quot;Microsoft Yahei&quot;; color: rgb(64, 64, 64); text-align: justify;\">东海舰队怎么和横坎头村牵上了手，得从2016年说起。当年经宁波市委、市政府推荐，横坎头村成为东海舰队的定点帮扶对象。两年来，东海舰队利用人才、装备、技术等方面优势，比如修建道路管线、改造饮用供水设施、援助贫困学生、赠送医疗器械等，与乡亲们携手奋斗。</p><p class=\"f_center\" style=\"margin-top: 32px; margin-bottom: 0px; padding: 0px; font-size: 18px; font-stretch: normal; line-height: 32px; font-family: &quot;Microsoft Yahei&quot;; color: rgb(64, 64, 64); text-align: center;\"><img alt=\"东海舰队定期组织专家医疗队赴横坎头村进行医疗义诊服务\" src=\"http://cms-bucket.nosdn.127.net/catchpic/4/43/43c48ca83a8f72cab30b5547749e4770.jpg?imageView&thumbnail=550x0\" width=\"550\" height=\"366\" style=\"vertical-align: top; border-width: 0px; border-style: initial; border-color: initial;\"/><br/><span style=\"text-align: justify;\">东海舰队定期组织专家医疗队赴横坎头村进行医疗义诊服务　　</span></p><p style=\"margin-top: 32px; margin-bottom: 0px; padding: 0px; font-size: 18px; text-indent: 2em; font-stretch: normal; line-height: 32px; font-family: &quot;Microsoft Yahei&quot;; color: rgb(64, 64, 64); text-align: justify;\">值得一提的是，针对种植樱桃是横坎头村的支柱产业这一特点，东海舰队也进行了“精准帮扶”。两年来，东海舰队保障部物资供应处的联络员经常穿梭在横坎头村的田间地头，向种植户们传授种植技术。去年，他们帮扶村民建成25亩樱桃以及10亩猕猴桃大棚种植基地，并引入了喷滴管灌溉培育技术，赢得了村民们的好评。</p><p class=\"f_center\" style=\"margin-top: 32px; margin-bottom: 0px; padding: 0px; font-size: 18px; font-stretch: normal; line-height: 32px; font-family: &quot;Microsoft Yahei&quot;; color: rgb(64, 64, 64); text-align: center;\"><img alt=\"东海舰队官兵帮扶村民开垦荒地种植树苗，如今瓜果飘香枝繁叶茂\" src=\"http://cms-bucket.nosdn.127.net/catchpic/b/b5/b5ebb0c89cabdaeec771a777c31e79c7.jpg?imageView&thumbnail=550x0\" width=\"550\" height=\"366\" style=\"vertical-align: top; border-width: 0px; border-style: initial; border-color: initial;\"/><br/><span style=\"text-align: justify;\">东海舰队官兵帮扶村民开垦荒地种植树苗，如今瓜果飘香枝繁叶茂　　</span></p><p style=\"margin-top: 32px; margin-bottom: 0px; padding: 0px; font-size: 18px; text-indent: 2em; font-stretch: normal; line-height: 32px; font-family: &quot;Microsoft Yahei&quot;; color: rgb(64, 64, 64); text-align: justify;\">总书记的回信是对横坎头村党员的极大鼓励，人民子弟兵的积极帮扶则是对横坎头村美丽乡村建设的有力支持。横坎头村党委书记张志灿深有感触地说：“这些年，我们依托红色旅游、绿色资源，在大步走上全面小康道路的奋斗过程中，离不开人民子弟兵的真情帮扶。”</p><p style=\"margin-top: 32px; margin-bottom: 0px; padding: 0px; font-size: 18px; text-indent: 2em; font-stretch: normal; line-height: 32px; font-family: &quot;Microsoft Yahei&quot;; color: rgb(64, 64, 64); text-align: justify;\">长安街知事发现，除了东海舰队之外，中国海军另外两大舰队也有肩负着同样的帮扶使命。南海舰队在2016年确定广东湛江廉江市塘蓬镇六环村为舰队定点帮扶贫困村，去年更是投入1200余万帮助六环村困难群众脱贫致富;北海舰队机关的定点帮扶村则是青岛黄岛区黄岭村，帮扶工作自2016年7月启动，军地正合力打造三大扶贫工程。</p><p><br/></p>'),
(25, 25, 1, 1, 1520840073, 795357716, 1, 0, 0, 0, '<p><br/><span style=\"color: rgb(136, 136, 136); font-family: 宋体, Arial, sans-serif; font-size: 12px;\">2018年3月12日，北京，Angelababy杨颖回京。Baby素颜录制《奔跑吧》回京，深夜的皮肤状态依旧很好，见到粉丝边走边签名亲和力十足。</span></p>', '<p><br/><span style=\"color: rgb(136, 136, 136); font-family: 宋体, Arial, sans-serif; font-size: 12px;\">2018年3月12日，北京，Angelababy杨颖回京。Baby素颜录制《奔跑吧》回京，深夜的皮肤状态依旧很好，见到粉丝边走边签名亲和力十足。</span></p>'),
(26, 26, 1, 1, 1520840120, 795357716, 1, 0, 0, 0, '<p>日前，林志玲现身某活动。期间，她着一袭红色紧身露香肩裙亮相，下车时获2名保镖双人伸臂搭“伞”小心翼翼护头，同时女助理贴心整理女神露香肩处裙边防走光。现场，林志玲一路踩金色高跟鞋猫步慢行似T台走秀，频撩发、挥手、微笑女神范十足。</p>', '<p>日前，林志玲现身某活动。期间，她着一袭红色紧身露香肩裙亮相，下车时获2名保镖双人伸臂搭“伞”小心翼翼护头，同时女助理贴心整理女神露香肩处裙边防走光。现场，林志玲一路踩金色高跟鞋猫步慢行似T台走秀，频撩发、挥手、微笑女神范十足。</p>'),
(27, 27, 1, 1, 1520840192, 795357716, 1, 0, 0, 0, '<p><br/>近日，李若彤接拍了一则广告，再现小龙女经典造型。即便时隔23年，李若彤再次穿上这件衣服时，依旧是那个不食人间烟火的小龙女，让杨过如痴如醉的姑姑。</p>', '<p><br/>近日，李若彤接拍了一则广告，再现小龙女经典造型。即便时隔23年，李若彤再次穿上这件衣服时，依旧是那个不食人间烟火的小龙女，让杨过如痴如醉的姑姑。</p>'),
(28, 28, 1, 1, 1520840245, 795357716, 1, 0, 0, 0, '<p>网易娱乐3月12日报道 据台湾媒体报道，名模林志玲2月传出健康亮红灯，因感冒免疫系统失调停工休养，而终于在日前复工的林志玲，脸和手臂明显圆了一圈，丰腴身形引发热议，对此，林志玲则展现高EQ，要大家给她时间运动，而11日林志玲则晒出游泳照，美胸浮水面实在辣爆。</p><p>林志玲因打抗生素、身形变圆润，她还因此被疑有孕，对于自己发福，林志玲则展现高EQ，道歉要大家给她时间运动，而林志玲傍晚则晒出游泳照，穿白色泳衣的她在水中伸长手，美胸浮水面，火辣指数爆表。</p><p>林志玲现身被指发福后，今则火速晒出游泳照，不免让外界怀疑她是要运动甩肉，而网友也留言喊话：“其实胖了不重要，身体健康才好”、“适当调养是好的”、“太苛责自己了吧，自己开心就好了”。</p><p><br/></p>', '<p>网易娱乐3月12日报道 据台湾媒体报道，名模林志玲2月传出健康亮红灯，因感冒免疫系统失调停工休养，而终于在日前复工的林志玲，脸和手臂明显圆了一圈，丰腴身形引发热议，对此，林志玲则展现高EQ，要大家给她时间运动，而11日林志玲则晒出游泳照，美胸浮水面实在辣爆。</p><p>林志玲因打抗生素、身形变圆润，她还因此被疑有孕，对于自己发福，林志玲则展现高EQ，道歉要大家给她时间运动，而林志玲傍晚则晒出游泳照，穿白色泳衣的她在水中伸长手，美胸浮水面，火辣指数爆表。</p><p>林志玲现身被指发福后，今则火速晒出游泳照，不免让外界怀疑她是要运动甩肉，而网友也留言喊话：“其实胖了不重要，身体健康才好”、“适当调养是好的”、“太苛责自己了吧，自己开心就好了”。</p><p><br/></p>'),
(29, 29, 1, 1, 1520840304, 795357716, 1, 0, 0, 0, '<p>网易娱乐3月12日报道 据台湾媒体报道，金曲乐团苏打绿2017年初开始休团3年，团员各自有工作计划，但6日爆出主唱青峰将单飞，团体可能会解散，虽经纪人林暐哲否认解散，但12日传出有内幕，乐团界爆料电吉他手家凯技术达不到经纪人要求，因此有意让青峰单飞，最后演变成解散传闻。<br/></p><p>有香港媒体报导称据乐团界爆料，家凯颜值高，但吉他技能跟不上乐团成长脚步，因此当团体走红，团员间却面临音乐程度不同，“镇不住场”的问题随之出现，据悉经纪人林暐哲曾为此在演唱会上额外请来一名吉他手帮忙。</p><p>面对技术跟不上这方面的问题，据悉家凯有意愿提升技能，不过这几年他升格为人父，加上父亲健康因素以及苏打绿工作量庞大，导致苦无时间加强能力，直到休团才有机会、时间进行，不过针对团员技术达不到要求的爆料，经纪人林暐哲方面表示：“对传言不回应。”</p>', '<p>网易娱乐3月12日报道 据台湾媒体报道，金曲乐团苏打绿2017年初开始休团3年，团员各自有工作计划，但6日爆出主唱青峰将单飞，团体可能会解散，虽经纪人林暐哲否认解散，但12日传出有内幕，乐团界爆料电吉他手家凯技术达不到经纪人要求，因此有意让青峰单飞，最后演变成解散传闻。<br/></p><p>有香港媒体报导称据乐团界爆料，家凯颜值高，但吉他技能跟不上乐团成长脚步，因此当团体走红，团员间却面临音乐程度不同，“镇不住场”的问题随之出现，据悉经纪人林暐哲曾为此在演唱会上额外请来一名吉他手帮忙。</p><p>面对技术跟不上这方面的问题，据悉家凯有意愿提升技能，不过这几年他升格为人父，加上父亲健康因素以及苏打绿工作量庞大，导致苦无时间加强能力，直到休团才有机会、时间进行，不过针对团员技术达不到要求的爆料，经纪人林暐哲方面表示：“对传言不回应。”</p>'),
(30, 30, 1, 1, 1520840376, 795357716, 1, 0, 0, 0, '<p>网易娱乐3月12日报道 据台湾媒体报道，罗志祥和大陆网红周扬青交往2年多，感情稳定、小两口也越爱越大方，不过周扬青因男友关系，一举一动备受瞩目，常分享美妆穿搭照的她，更常惹来网友呛“不知道你素颜长怎样”，对此，周扬青则霸气曝光素颜照，超近自拍更是让毛孔黑头全现形。<br/></p><p>周扬青日前霸气晒素颜自拍照，她自招鼻子有毛孔、脸上有痘印，而在周扬青超近距离的自拍中，更是连黑头、毛孔也都看得一清二楚，而周扬青浓密纤长的睫毛看得出是接的，她也提到：“这真的没办法，我总不能为了给你拍素颜把睫毛都拔了吧”。</p><p>对于自己大方曝光素颜，周扬青还不忘自嘲：“我应该也就发这一次素颜了，因为谁都愿意自己打扮好的、漂漂亮亮的样子给大家看对吧？”她大方态度更是获网友狂赞。</p>', '<p>网易娱乐3月12日报道 据台湾媒体报道，罗志祥和大陆网红周扬青交往2年多，感情稳定、小两口也越爱越大方，不过周扬青因男友关系，一举一动备受瞩目，常分享美妆穿搭照的她，更常惹来网友呛“不知道你素颜长怎样”，对此，周扬青则霸气曝光素颜照，超近自拍更是让毛孔黑头全现形。<br/></p><p>周扬青日前霸气晒素颜自拍照，她自招鼻子有毛孔、脸上有痘印，而在周扬青超近距离的自拍中，更是连黑头、毛孔也都看得一清二楚，而周扬青浓密纤长的睫毛看得出是接的，她也提到：“这真的没办法，我总不能为了给你拍素颜把睫毛都拔了吧”。</p><p>对于自己大方曝光素颜，周扬青还不忘自嘲：“我应该也就发这一次素颜了，因为谁都愿意自己打扮好的、漂漂亮亮的样子给大家看对吧？”她大方态度更是获网友狂赞。</p>'),
(31, 31, 1, 1, 1520840434, 795357716, 1, 0, 0, 0, '<p>新京报3月12日报道 与其说马伊琍讽刺的是女考生个人，不如说她素来反抗的是庸俗化倾向明显的演艺圈畸形审美——不仅关乎外形，更关乎对专业的认知。<br/></p><p>最近，马伊琍担任上戏三试的考官。据现场考生的爆料，在考试现场，马伊琍直接问一个女考生鼻子整得疼不疼。尽管马伊琍本人至截稿前没有直接回应此事，但其实去年马伊琍做考官的时候，就已经强调这一点了：“但凡整容的孩子不能收，如果你收了这样的学生，其实对年轻人来说不是一个好的榜样。”马伊琍表示连文眉毛都算违反规定。</p><p>尽管所谓的“规定”尚有争议，但实际上，不仅马伊琍介意年纪轻轻的艺考生在脸上动刀子，现在许多知名导演挑选演员，尤其是电影演员，“不要整容脸”也成为最抓眼球的一条规则。此前冯小刚为《芳华》挑选女主角时，也曾在这个问题上大做文章。更早的在姜文还在筹备《一步之遥》的时候，就将炮火对准了候选女演员：“你们能不整容吗？在我眼里，从来没有一个人因为整容变漂亮！”</p><p>业界前辈拒绝“整容脸”，与近年来大小屏幕充斥着的相似面孔有直接关系。尤其在大部分平庸俗套的宫斗剧、大女主剧中，女演员一多，观众就容易脸盲。加上大部分此类剧集和整容工业一样，是流水线生产，妆容、服饰接近，更让观众难以辨认。</p><p>其实，放眼国内演艺圈，一线明星里专业口碑好的，少见整容脸。比如最近凭借《红海行动》又刷了一波好感的两位主演张译和海清，前者曾经因为容貌问题连入行都是问题，但时间会证明演员的生命力在于专业；海清当年艺考“打败”了范冰冰，事实证明表演系老师的选择自有其道理，尽管成不了流量明星，但她是大写的“演员”。</p>', '<p>新京报3月12日报道 与其说马伊琍讽刺的是女考生个人，不如说她素来反抗的是庸俗化倾向明显的演艺圈畸形审美——不仅关乎外形，更关乎对专业的认知。<br/></p><p>最近，马伊琍担任上戏三试的考官。据现场考生的爆料，在考试现场，马伊琍直接问一个女考生鼻子整得疼不疼。尽管马伊琍本人至截稿前没有直接回应此事，但其实去年马伊琍做考官的时候，就已经强调这一点了：“但凡整容的孩子不能收，如果你收了这样的学生，其实对年轻人来说不是一个好的榜样。”马伊琍表示连文眉毛都算违反规定。</p><p>尽管所谓的“规定”尚有争议，但实际上，不仅马伊琍介意年纪轻轻的艺考生在脸上动刀子，现在许多知名导演挑选演员，尤其是电影演员，“不要整容脸”也成为最抓眼球的一条规则。此前冯小刚为《芳华》挑选女主角时，也曾在这个问题上大做文章。更早的在姜文还在筹备《一步之遥》的时候，就将炮火对准了候选女演员：“你们能不整容吗？在我眼里，从来没有一个人因为整容变漂亮！”</p><p>业界前辈拒绝“整容脸”，与近年来大小屏幕充斥着的相似面孔有直接关系。尤其在大部分平庸俗套的宫斗剧、大女主剧中，女演员一多，观众就容易脸盲。加上大部分此类剧集和整容工业一样，是流水线生产，妆容、服饰接近，更让观众难以辨认。</p><p>其实，放眼国内演艺圈，一线明星里专业口碑好的，少见整容脸。比如最近凭借《红海行动》又刷了一波好感的两位主演张译和海清，前者曾经因为容貌问题连入行都是问题，但时间会证明演员的生命力在于专业；海清当年艺考“打败”了范冰冰，事实证明表演系老师的选择自有其道理，尽管成不了流量明星，但她是大写的“演员”。</p>'),
(32, 32, 1, 1, 1520840493, 795357716, 1, 0, 0, 0, '<p>网易娱乐3月12日报道 3月12号是植树节，有网友发文：“今天转发这个江直树，你就会立马得到像江直树……一样的智慧。”并附上一张郑元畅在剧中扮演江直树的照片。<br/></p><p>随后有网友表示：“ 比较想得到这个人。”江直树本尊也是亲自出面：“好的，我觉得可以。”甜到网友。“有没有觉得植树节已经快成为你的节日了。”“机智如你了！我们家专属节日快乐。”</p>', '<p>网易娱乐3月12日报道 3月12号是植树节，有网友发文：“今天转发这个江直树，你就会立马得到像江直树……一样的智慧。”并附上一张郑元畅在剧中扮演江直树的照片。<br/></p><p>随后有网友表示：“ 比较想得到这个人。”江直树本尊也是亲自出面：“好的，我觉得可以。”甜到网友。“有没有觉得植树节已经快成为你的节日了。”“机智如你了！我们家专属节日快乐。”</p>'),
(33, 33, 1, 1, 1520840563, 795357716, 1, 0, 0, 0, '<p>网易娱乐3月12日报道 3月12日，朱丹在微博上晒出一张自拍，自我调侃道：“圆润妈妈出门工作，久久不自拍，都虚了。”照片中朱丹长发披散，脸部较之前有些许圆润，整个人气场温和，带着淡淡笑容，气色颇好，女人味十足。网友评论：“我的天，好好看，当妈妈后更有女人味了。”</p>', '<p>网易娱乐3月12日报道 3月12日，朱丹在微博上晒出一张自拍，自我调侃道：“圆润妈妈出门工作，久久不自拍，都虚了。”照片中朱丹长发披散，脸部较之前有些许圆润，整个人气场温和，带着淡淡笑容，气色颇好，女人味十足。网友评论：“我的天，好好看，当妈妈后更有女人味了。”</p>'),
(34, 34, 1, 1, 1520840631, 795357716, 1, 0, 0, 0, '<p>网易娱乐3月12日报道 据台湾媒体报道，“不老男神”林志颖和妻子陈若仪结婚8年，育有长子Kimi与双胞胎儿子Jenson、Kyson，一家五口幸福美满，陈若仪婚后虽专心在家相夫教子，仍不时会在社群网站分享生活近况。近日她晒出参加朋友婚礼照片，身材保养得宜，完全不像三个孩子的妈，网友大赞她笑起来太美了，就像少女一样。<br/></p><p>模特出身的陈若仪，因外型神似林志玲，有“小林志玲”之称，婚后就专心在家相夫教子，鲜少出现公开场合，但她仍会在社交网站分享近况，近日她和林志颖参加朋友婚礼，她也开心晒出照片，穿着白色洋装的她，秀出香肩、笔直铅笔腿，即使生了三个孩子，依旧拥有曼妙身材。</p><p>另外，她发了张集体在沙滩的合照，网友也放大看，发现她甜笑挽着林志颖，看上去相当幸福，网友大赞：“林太太好漂亮！你们要一直幸福！”、“羡慕嫂子，嫁给爱情。”、“美到逆天。”</p>', '<p>网易娱乐3月12日报道 据台湾媒体报道，“不老男神”林志颖和妻子陈若仪结婚8年，育有长子Kimi与双胞胎儿子Jenson、Kyson，一家五口幸福美满，陈若仪婚后虽专心在家相夫教子，仍不时会在社群网站分享生活近况。近日她晒出参加朋友婚礼照片，身材保养得宜，完全不像三个孩子的妈，网友大赞她笑起来太美了，就像少女一样。<br/></p><p>模特出身的陈若仪，因外型神似林志玲，有“小林志玲”之称，婚后就专心在家相夫教子，鲜少出现公开场合，但她仍会在社交网站分享近况，近日她和林志颖参加朋友婚礼，她也开心晒出照片，穿着白色洋装的她，秀出香肩、笔直铅笔腿，即使生了三个孩子，依旧拥有曼妙身材。</p><p>另外，她发了张集体在沙滩的合照，网友也放大看，发现她甜笑挽着林志颖，看上去相当幸福，网友大赞：“林太太好漂亮！你们要一直幸福！”、“羡慕嫂子，嫁给爱情。”、“美到逆天。”</p>'),
(35, 35, 1, 1, 1520840679, 795357716, 1, 0, 0, 0, '<p>网易娱乐3月12日报道 3月12日，马伊琍微博发文分享女儿成长的烦恼，“周日下午回家的车上，姐姐趴着睡着了，妹妹坐在安全椅里一反常态地没睡，耳边传来她幽幽的话语：今天玩得好开心，我曾想一直在那里玩下去，可四明天又要桑学了…姐姐抬起眼皮瞄一眼妹妹忍不住笑，那小东西微扬下巴望着窗外…4岁的小姑娘，已经初初感受到了成长的忧伤。”<br/></p><p>随后，马伊琍这段文字引来不少网友调侃：“可四明天又要桑学了…这句好萌炸了！！！！！”、“小马姐你文笔太好了，成长的忧伤尽在眼前啊。”</p>', '<p>网易娱乐3月12日报道 3月12日，马伊琍微博发文分享女儿成长的烦恼，“周日下午回家的车上，姐姐趴着睡着了，妹妹坐在安全椅里一反常态地没睡，耳边传来她幽幽的话语：今天玩得好开心，我曾想一直在那里玩下去，可四明天又要桑学了…姐姐抬起眼皮瞄一眼妹妹忍不住笑，那小东西微扬下巴望着窗外…4岁的小姑娘，已经初初感受到了成长的忧伤。”<br/></p><p>随后，马伊琍这段文字引来不少网友调侃：“可四明天又要桑学了…这句好萌炸了！！！！！”、“小马姐你文笔太好了，成长的忧伤尽在眼前啊。”</p>'),
(36, 36, 1, 1, 1520840770, 795357716, 1, 0, 0, 0, '<p>网易娱乐3月12日报道 3月12日，钟丽缇晒出自拍，颇为骄傲地写道：“HIIT一分钟快跑速度：10.5。一分钟休息，重复10组，好爽啊~I’m loving it。”<br/></p><p>照片中刚刚运动完的钟丽缇面色红润，额前秀发微微凌乱，脸上香汗淋漓，但气色十分健康，整个人焕发着运动的活力美。</p>', '<p>网易娱乐3月12日报道 3月12日，钟丽缇晒出自拍，颇为骄傲地写道：“HIIT一分钟快跑速度：10.5。一分钟休息，重复10组，好爽啊~I’m loving it。”<br/></p><p>照片中刚刚运动完的钟丽缇面色红润，额前秀发微微凌乱，脸上香汗淋漓，但气色十分健康，整个人焕发着运动的活力美。</p>'),
(37, 37, 1, 1, 1520840985, 795357716, 1, 0, 0, 0, '<p>继王健林两年前宣布进军区块链业务之后，再次和一家区块链公司合作。<br/></p><p>3月12日，总部位于新西兰的区块链公司Centrality NZ公司宣布，万达网络科技集团与Centrality NZ公司开展了战略技术合作。此次合作不涉及投融资，第一阶段主要是双方的技术合作，研发推广Centrality的开源公链技术PL^G在主要场景的应用落地；在技术集成后会双方期望会有更多的开展用户圈、商圈的合作，即生态系统的打造。</p><p>值得注意的是，万达方面表示，此次合作不涉及任何ICO（Initial Coin Offering，首次代币发行），是双方在区块链技术、社区和人才的合作，以及后期的商业应用落地合作。</p><p>事实上，万达在2016年5月份就启动了超级账本研究，同年6月启动自主区块链技术研究平台。三个月之后，9月8日，万达正式宣布加入国际Linux基金会超级账本（Hyperledger）项目，成为该项目第一个来自中国的核心董事会成员。9月中旬完成基于腾讯BaaS（区块即服务）两个DAPP去中心应用的POC概念验证，10月上线区块链金融资产交易所应用、同时完成开源操作系统北极星Polaris区块链技术平台架构设计。</p><p>2016年10月，万达集团将万达网络科技集团从万达金融集团中分拆独立出来，分拆之后，原万达金融集团旗下的保险、投资业务归于新万达金融集团，而旗下的飞凡信息公司、快钱支付公司、征信公司、网络数据中心、海鼎公司、网络信贷公司归于万达网络科技集团。</p>', '<p>继王健林两年前宣布进军区块链业务之后，再次和一家区块链公司合作。<br/></p><p>3月12日，总部位于新西兰的区块链公司Centrality NZ公司宣布，万达网络科技集团与Centrality NZ公司开展了战略技术合作。此次合作不涉及投融资，第一阶段主要是双方的技术合作，研发推广Centrality的开源公链技术PL^G在主要场景的应用落地；在技术集成后会双方期望会有更多的开展用户圈、商圈的合作，即生态系统的打造。</p><p>值得注意的是，万达方面表示，此次合作不涉及任何ICO（Initial Coin Offering，首次代币发行），是双方在区块链技术、社区和人才的合作，以及后期的商业应用落地合作。</p><p>事实上，万达在2016年5月份就启动了超级账本研究，同年6月启动自主区块链技术研究平台。三个月之后，9月8日，万达正式宣布加入国际Linux基金会超级账本（Hyperledger）项目，成为该项目第一个来自中国的核心董事会成员。9月中旬完成基于腾讯BaaS（区块即服务）两个DAPP去中心应用的POC概念验证，10月上线区块链金融资产交易所应用、同时完成开源操作系统北极星Polaris区块链技术平台架构设计。</p><p>2016年10月，万达集团将万达网络科技集团从万达金融集团中分拆独立出来，分拆之后，原万达金融集团旗下的保险、投资业务归于新万达金融集团，而旗下的飞凡信息公司、快钱支付公司、征信公司、网络数据中心、海鼎公司、网络信贷公司归于万达网络科技集团。</p>'),
(38, 38, 1, 1, 1520841042, 795357716, 1, 0, 0, 0, '<p style=\"margin-top: 32px; margin-bottom: 0px; padding: 0px; font-size: 18px; text-indent: 2em; font-stretch: normal; line-height: 32px; font-family: &quot;Microsoft Yahei&quot;; color: rgb(64, 64, 64); text-align: justify;\">【网易科技讯 3月12日消息】据GeekWire报道，在德克萨斯州奥斯汀举行的SXSW科技文化节上，美国太空探索技术公司SpaceX创始人伊隆·马斯克(Elon Musk)表示，SpaceX正在建造首艘火星飞船（也就是BFR），目前进展顺利，有望在明年中期进行短途测试飞行。</p><p style=\"margin-top: 32px; margin-bottom: 0px; padding: 0px; font-size: 18px; text-indent: 2em; font-stretch: normal; line-height: 32px; font-family: &quot;Microsoft Yahei&quot;; color: rgb(64, 64, 64); text-align: justify;\">在接受HBO剧集《西部世界》(Westworld)的联合导演乔纳森·诺兰(Jonathan Nolan)的采访中，马斯克表示：“事实上，我们现在正在建造这艘飞船。”</p><p style=\"margin-top: 32px; margin-bottom: 0px; padding: 0px; font-size: 18px; text-indent: 2em; font-stretch: normal; line-height: 32px; font-family: &quot;Microsoft Yahei&quot;; color: rgb(64, 64, 64); text-align: justify;\">当天的话题涵盖了有关马斯克的所有业务，从SpaceX到特斯拉电动汽车公司、隧道挖掘公司The Boring Company、人机界面公司Neuralink以及他对人工智能（AI）的担忧。</p><p style=\"margin-top: 32px; margin-bottom: 0px; padding: 0px; font-size: 18px; text-indent: 2em; font-stretch: normal; line-height: 32px; font-family: &quot;Microsoft Yahei&quot;; color: rgb(64, 64, 64); text-align: justify;\">马斯克和诺兰展示了上个月SpaceX猎鹰重型火箭首次发射的视频，其中包括身穿太空服、驾驶特斯拉跑车的假人场景，以及首次公开发布的火箭核心助推器飞溅到海中的照片。</p><p style=\"margin-top: 32px; margin-bottom: 0px; padding: 0px; font-size: 18px; text-indent: 2em; font-stretch: normal; line-height: 32px; font-family: &quot;Microsoft Yahei&quot;; color: rgb(64, 64, 64); text-align: justify;\">马斯克的长期计划是将人类送上火星定居，这引发了大多数人的关注。他说，他开始努力帮助人类成为多星球物种，部分原因是他对当前太空探索的步伐感到不满意。</p><p style=\"margin-top: 32px; margin-bottom: 0px; padding: 0px; font-size: 18px; text-indent: 2em; font-stretch: normal; line-height: 32px; font-family: &quot;Microsoft Yahei&quot;; color: rgb(64, 64, 64); text-align: justify;\">马斯克质问道：“《2001太空漫游》（2001: A Space Odyssey）电影中承诺的太空旅馆在哪里？年复一年，这一切都没有发生。这让我感到很沮丧。”</p><p class=\"f_center\" style=\"margin-top: 32px; margin-bottom: 0px; padding: 0px; font-size: 18px; font-stretch: normal; line-height: 32px; font-family: &quot;Microsoft Yahei&quot;; color: rgb(64, 64, 64); text-align: center;\"><img alt=\"马斯克：人类2064年定居月球 AI比核武器危险\" src=\"http://cms-bucket.nosdn.127.net/00e2e604a7fb4c669cb8f02932a5b2d320180312093530.jpeg?imageView&thumbnail=550x0\" style=\"vertical-align: top; border-width: 0px; border-style: initial; border-color: initial;\"/><br/></p><p style=\"margin-top: 32px; margin-bottom: 0px; padding: 0px; font-size: 18px; text-indent: 2em; font-stretch: normal; line-height: 32px; font-family: &quot;Microsoft Yahei&quot;; color: rgb(64, 64, 64); text-align: justify;\">马斯克对太空感兴趣的另一个动机是，确保人类在地球发生灾难的情况下生存下去。今天，他特别提到了第三次世界大战及其后果的可能。他说，在火星上定居可以“缩短黑暗时代的长度”。</p><p style=\"margin-top: 32px; margin-bottom: 0px; padding: 0px; font-size: 18px; text-indent: 2em; font-stretch: normal; line-height: 32px; font-family: &quot;Microsoft Yahei&quot;; color: rgb(64, 64, 64); text-align: justify;\">为了实现这一目标，马斯克将他的注意力转移到开发BFR上，它代表着“大型猎鹰火箭”。SpaceX的时间表要求第一艘BFR货运飞船于2022年前往火星，但马斯克承认，他被告知：“有时我的时间表似乎显得过于乐观。在某种程度上，我正试图重新校准。”</p><p style=\"margin-top: 32px; margin-bottom: 0px; padding: 0px; font-size: 18px; text-indent: 2em; font-stretch: normal; line-height: 32px; font-family: &quot;Microsoft Yahei&quot;; color: rgb(64, 64, 64); text-align: justify;\">如果完全可重复使用的BFR像马斯克所期望的那样便宜，那将会大大降低太空飞行的成本，并为超级火箭的使用方式，即向月球和其他目的地发射载人飞船和有效载荷铺平了道路。</p><p style=\"margin-top: 32px; margin-bottom: 0px; padding: 0px; font-size: 18px; text-indent: 2em; font-stretch: normal; line-height: 32px; font-family: &quot;Microsoft Yahei&quot;; color: rgb(64, 64, 64); text-align: justify;\">马斯克表示，他预计创造BFR将导致其他火箭项目“升级”，并释放在红色星球上创建城市所需的创业精神，包括建立铸铁铸造厂、披萨店和火星酒吧等。</p><p style=\"margin-top: 32px; margin-bottom: 0px; padding: 0px; font-size: 18px; text-indent: 2em; font-stretch: normal; line-height: 32px; font-family: &quot;Microsoft Yahei&quot;; color: rgb(64, 64, 64); text-align: justify;\">当诺兰问他的粉丝们能做些什么来让这些殖民火星的梦想成真时，马斯克回答说，他现在需要他们的“普遍支持、鼓励以及善意”，这让参加SXSW的人群雀跃不已。</p><p class=\"f_center\" style=\"margin-top: 32px; margin-bottom: 0px; padding: 0px; font-size: 18px; font-stretch: normal; line-height: 32px; font-family: &quot;Microsoft Yahei&quot;; color: rgb(64, 64, 64); text-align: center;\"><img alt=\"马斯克：人类2064年定居月球 AI比核武器危险\" src=\"http://cms-bucket.nosdn.127.net/05097b6e45054c2d9323a8994f2d634b20180312093517.jpeg?imageView&thumbnail=550x0\" style=\"vertical-align: top; border-width: 0px; border-style: initial; border-color: initial;\"/><br/></p><p style=\"margin-top: 32px; margin-bottom: 0px; padding: 0px; font-size: 18px; text-indent: 2em; font-stretch: normal; line-height: 32px; font-family: &quot;Microsoft Yahei&quot;; color: rgb(64, 64, 64); text-align: justify;\">但马斯克也他警告说，第一批前往火星的人将面临比以往解决方案“更危险”的情况，“很有可能你会死去，但我们为那些幸存下来的人感到兴奋。”</p><p style=\"margin-top: 32px; margin-bottom: 0px; padding: 0px; font-size: 18px; text-indent: 2em; font-stretch: normal; line-height: 32px; font-family: &quot;Microsoft Yahei&quot;; color: rgb(64, 64, 64); text-align: justify;\">马斯克的这次演讲包括了许多人最关心的问题：比如有多少人会前往火星?马斯克回答说：“事实上，顺便提一下，没有多少人能去。”</p><p style=\"margin-top: 32px; margin-bottom: 0px; padding: 0px; font-size: 18px; text-indent: 2em; font-stretch: normal; line-height: 32px; font-family: &quot;Microsoft Yahei&quot;; color: rgb(64, 64, 64); text-align: justify;\"><strong>马斯克收到的其他提问：</strong></p><p style=\"margin-top: 32px; margin-bottom: 0px; padding: 0px; font-size: 18px; text-indent: 2em; font-stretch: normal; line-height: 32px; font-family: &quot;Microsoft Yahei&quot;; color: rgb(64, 64, 64); text-align: justify;\">1）马斯克再次讲述了他在2008年差点儿破产的故事。他说，如果他能给最赚钱的商业机遇排名，他就会把“制造火箭和汽车放在榜单底部”。他还承认，对于他目前的事业来说，他并没有真正的商业计划。尽管如此，马斯克仍然会坚持下去。马斯克的净资产现在估计超过200亿美元。</p><p style=\"margin-top: 32px; margin-bottom: 0px; padding: 0px; font-size: 18px; text-indent: 2em; font-stretch: normal; line-height: 32px; font-family: &quot;Microsoft Yahei&quot;; color: rgb(64, 64, 64); text-align: justify;\">2）这位特斯拉首席执行官预计，到2019年底，“无人驾驶将涵盖所有驾驶模式”，至少比人控的驾驶安全一到两倍。</p><p style=\"margin-top: 32px; margin-bottom: 0px; padding: 0px; font-size: 18px; text-indent: 2em; font-stretch: normal; line-height: 32px; font-family: &quot;Microsoft Yahei&quot;; color: rgb(64, 64, 64); text-align: justify;\">3）马斯克重申了他对超级AI潜在崛起的担忧。他说：“请记住我的话：AI比核武器危险得多。”当诺兰提醒他，有些AI专家认为他的担忧被夸大了，马斯克回复说，这些专家认为他们比实际更聪明。他还称：“我非常接近AI领域的前沿，这让我很害怕。”他的建议是，政府应该对AI的使用施加更多的监管和监督。</p><p style=\"margin-top: 32px; margin-bottom: 0px; padding: 0px; font-size: 18px; text-indent: 2em; font-stretch: normal; line-height: 32px; font-family: &quot;Microsoft Yahei&quot;; color: rgb(64, 64, 64); text-align: justify;\">4）马斯克表示，The Boring Company长期以来的重要技术目标是，降低挖掘隧道的成本。他说：“我们通过销售商品为公司提供资金。所以，谢谢你们买了我们的火焰喷射器。”</p><p class=\"f_center\" style=\"margin-top: 32px; margin-bottom: 0px; padding: 0px; font-size: 18px; font-stretch: normal; line-height: 32px; font-family: &quot;Microsoft Yahei&quot;; color: rgb(64, 64, 64); text-align: center;\"><img alt=\"马斯克：人类2064年定居月球 AI比核武器危险\" src=\"http://cms-bucket.nosdn.127.net/c450180ce2584cdfa0259ca3097d369520180312093538.jpeg?imageView&thumbnail=550x0\" style=\"vertical-align: top; border-width: 0px; border-style: initial; border-color: initial;\"/><br/></p><p style=\"margin-top: 32px; margin-bottom: 0px; padding: 0px; font-size: 18px; text-indent: 2em; font-stretch: normal; line-height: 32px; font-family: &quot;Microsoft Yahei&quot;; color: rgb(64, 64, 64); text-align: justify;\">5）诺兰问马斯克：当今天出生的人到了他这个年龄（46岁）时，世界会变成什么样子？马斯克说，他希望2064年的世界将有可持续使用的发电和消耗电力系统，以稳定气候变化的影响。人类将在月球和火星上建立基地。多亏了Neuralink所研究的高带宽大脑接口，“良性AI”将与人类共生。</p><p><br/></p>', '<p style=\"margin-top: 32px; margin-bottom: 0px; padding: 0px; font-size: 18px; text-indent: 2em; font-stretch: normal; line-height: 32px; font-family: &quot;Microsoft Yahei&quot;; color: rgb(64, 64, 64); text-align: justify;\">【网易科技讯 3月12日消息】据GeekWire报道，在德克萨斯州奥斯汀举行的SXSW科技文化节上，美国太空探索技术公司SpaceX创始人伊隆·马斯克(Elon Musk)表示，SpaceX正在建造首艘火星飞船（也就是BFR），目前进展顺利，有望在明年中期进行短途测试飞行。</p><p style=\"margin-top: 32px; margin-bottom: 0px; padding: 0px; font-size: 18px; text-indent: 2em; font-stretch: normal; line-height: 32px; font-family: &quot;Microsoft Yahei&quot;; color: rgb(64, 64, 64); text-align: justify;\">在接受HBO剧集《西部世界》(Westworld)的联合导演乔纳森·诺兰(Jonathan Nolan)的采访中，马斯克表示：“事实上，我们现在正在建造这艘飞船。”</p><p style=\"margin-top: 32px; margin-bottom: 0px; padding: 0px; font-size: 18px; text-indent: 2em; font-stretch: normal; line-height: 32px; font-family: &quot;Microsoft Yahei&quot;; color: rgb(64, 64, 64); text-align: justify;\">当天的话题涵盖了有关马斯克的所有业务，从SpaceX到特斯拉电动汽车公司、隧道挖掘公司The Boring Company、人机界面公司Neuralink以及他对人工智能（AI）的担忧。</p><p style=\"margin-top: 32px; margin-bottom: 0px; padding: 0px; font-size: 18px; text-indent: 2em; font-stretch: normal; line-height: 32px; font-family: &quot;Microsoft Yahei&quot;; color: rgb(64, 64, 64); text-align: justify;\">马斯克和诺兰展示了上个月SpaceX猎鹰重型火箭首次发射的视频，其中包括身穿太空服、驾驶特斯拉跑车的假人场景，以及首次公开发布的火箭核心助推器飞溅到海中的照片。</p><p style=\"margin-top: 32px; margin-bottom: 0px; padding: 0px; font-size: 18px; text-indent: 2em; font-stretch: normal; line-height: 32px; font-family: &quot;Microsoft Yahei&quot;; color: rgb(64, 64, 64); text-align: justify;\">马斯克的长期计划是将人类送上火星定居，这引发了大多数人的关注。他说，他开始努力帮助人类成为多星球物种，部分原因是他对当前太空探索的步伐感到不满意。</p><p style=\"margin-top: 32px; margin-bottom: 0px; padding: 0px; font-size: 18px; text-indent: 2em; font-stretch: normal; line-height: 32px; font-family: &quot;Microsoft Yahei&quot;; color: rgb(64, 64, 64); text-align: justify;\">马斯克质问道：“《2001太空漫游》（2001: A Space Odyssey）电影中承诺的太空旅馆在哪里？年复一年，这一切都没有发生。这让我感到很沮丧。”</p><p class=\"f_center\" style=\"margin-top: 32px; margin-bottom: 0px; padding: 0px; font-size: 18px; font-stretch: normal; line-height: 32px; font-family: &quot;Microsoft Yahei&quot;; color: rgb(64, 64, 64); text-align: center;\"><img alt=\"马斯克：人类2064年定居月球 AI比核武器危险\" src=\"http://cms-bucket.nosdn.127.net/00e2e604a7fb4c669cb8f02932a5b2d320180312093530.jpeg?imageView&thumbnail=550x0\" style=\"vertical-align: top; border-width: 0px; border-style: initial; border-color: initial;\"/><br/></p><p style=\"margin-top: 32px; margin-bottom: 0px; padding: 0px; font-size: 18px; text-indent: 2em; font-stretch: normal; line-height: 32px; font-family: &quot;Microsoft Yahei&quot;; color: rgb(64, 64, 64); text-align: justify;\">马斯克对太空感兴趣的另一个动机是，确保人类在地球发生灾难的情况下生存下去。今天，他特别提到了第三次世界大战及其后果的可能。他说，在火星上定居可以“缩短黑暗时代的长度”。</p><p style=\"margin-top: 32px; margin-bottom: 0px; padding: 0px; font-size: 18px; text-indent: 2em; font-stretch: normal; line-height: 32px; font-family: &quot;Microsoft Yahei&quot;; color: rgb(64, 64, 64); text-align: justify;\">为了实现这一目标，马斯克将他的注意力转移到开发BFR上，它代表着“大型猎鹰火箭”。SpaceX的时间表要求第一艘BFR货运飞船于2022年前往火星，但马斯克承认，他被告知：“有时我的时间表似乎显得过于乐观。在某种程度上，我正试图重新校准。”</p><p style=\"margin-top: 32px; margin-bottom: 0px; padding: 0px; font-size: 18px; text-indent: 2em; font-stretch: normal; line-height: 32px; font-family: &quot;Microsoft Yahei&quot;; color: rgb(64, 64, 64); text-align: justify;\">如果完全可重复使用的BFR像马斯克所期望的那样便宜，那将会大大降低太空飞行的成本，并为超级火箭的使用方式，即向月球和其他目的地发射载人飞船和有效载荷铺平了道路。</p><p style=\"margin-top: 32px; margin-bottom: 0px; padding: 0px; font-size: 18px; text-indent: 2em; font-stretch: normal; line-height: 32px; font-family: &quot;Microsoft Yahei&quot;; color: rgb(64, 64, 64); text-align: justify;\">马斯克表示，他预计创造BFR将导致其他火箭项目“升级”，并释放在红色星球上创建城市所需的创业精神，包括建立铸铁铸造厂、披萨店和火星酒吧等。</p><p style=\"margin-top: 32px; margin-bottom: 0px; padding: 0px; font-size: 18px; text-indent: 2em; font-stretch: normal; line-height: 32px; font-family: &quot;Microsoft Yahei&quot;; color: rgb(64, 64, 64); text-align: justify;\">当诺兰问他的粉丝们能做些什么来让这些殖民火星的梦想成真时，马斯克回答说，他现在需要他们的“普遍支持、鼓励以及善意”，这让参加SXSW的人群雀跃不已。</p><p class=\"f_center\" style=\"margin-top: 32px; margin-bottom: 0px; padding: 0px; font-size: 18px; font-stretch: normal; line-height: 32px; font-family: &quot;Microsoft Yahei&quot;; color: rgb(64, 64, 64); text-align: center;\"><img alt=\"马斯克：人类2064年定居月球 AI比核武器危险\" src=\"http://cms-bucket.nosdn.127.net/05097b6e45054c2d9323a8994f2d634b20180312093517.jpeg?imageView&thumbnail=550x0\" style=\"vertical-align: top; border-width: 0px; border-style: initial; border-color: initial;\"/><br/></p><p style=\"margin-top: 32px; margin-bottom: 0px; padding: 0px; font-size: 18px; text-indent: 2em; font-stretch: normal; line-height: 32px; font-family: &quot;Microsoft Yahei&quot;; color: rgb(64, 64, 64); text-align: justify;\">但马斯克也他警告说，第一批前往火星的人将面临比以往解决方案“更危险”的情况，“很有可能你会死去，但我们为那些幸存下来的人感到兴奋。”</p><p style=\"margin-top: 32px; margin-bottom: 0px; padding: 0px; font-size: 18px; text-indent: 2em; font-stretch: normal; line-height: 32px; font-family: &quot;Microsoft Yahei&quot;; color: rgb(64, 64, 64); text-align: justify;\">马斯克的这次演讲包括了许多人最关心的问题：比如有多少人会前往火星?马斯克回答说：“事实上，顺便提一下，没有多少人能去。”</p><p style=\"margin-top: 32px; margin-bottom: 0px; padding: 0px; font-size: 18px; text-indent: 2em; font-stretch: normal; line-height: 32px; font-family: &quot;Microsoft Yahei&quot;; color: rgb(64, 64, 64); text-align: justify;\"><strong>马斯克收到的其他提问：</strong></p><p style=\"margin-top: 32px; margin-bottom: 0px; padding: 0px; font-size: 18px; text-indent: 2em; font-stretch: normal; line-height: 32px; font-family: &quot;Microsoft Yahei&quot;; color: rgb(64, 64, 64); text-align: justify;\">1）马斯克再次讲述了他在2008年差点儿破产的故事。他说，如果他能给最赚钱的商业机遇排名，他就会把“制造火箭和汽车放在榜单底部”。他还承认，对于他目前的事业来说，他并没有真正的商业计划。尽管如此，马斯克仍然会坚持下去。马斯克的净资产现在估计超过200亿美元。</p><p style=\"margin-top: 32px; margin-bottom: 0px; padding: 0px; font-size: 18px; text-indent: 2em; font-stretch: normal; line-height: 32px; font-family: &quot;Microsoft Yahei&quot;; color: rgb(64, 64, 64); text-align: justify;\">2）这位特斯拉首席执行官预计，到2019年底，“无人驾驶将涵盖所有驾驶模式”，至少比人控的驾驶安全一到两倍。</p><p style=\"margin-top: 32px; margin-bottom: 0px; padding: 0px; font-size: 18px; text-indent: 2em; font-stretch: normal; line-height: 32px; font-family: &quot;Microsoft Yahei&quot;; color: rgb(64, 64, 64); text-align: justify;\">3）马斯克重申了他对超级AI潜在崛起的担忧。他说：“请记住我的话：AI比核武器危险得多。”当诺兰提醒他，有些AI专家认为他的担忧被夸大了，马斯克回复说，这些专家认为他们比实际更聪明。他还称：“我非常接近AI领域的前沿，这让我很害怕。”他的建议是，政府应该对AI的使用施加更多的监管和监督。</p><p style=\"margin-top: 32px; margin-bottom: 0px; padding: 0px; font-size: 18px; text-indent: 2em; font-stretch: normal; line-height: 32px; font-family: &quot;Microsoft Yahei&quot;; color: rgb(64, 64, 64); text-align: justify;\">4）马斯克表示，The Boring Company长期以来的重要技术目标是，降低挖掘隧道的成本。他说：“我们通过销售商品为公司提供资金。所以，谢谢你们买了我们的火焰喷射器。”</p><p class=\"f_center\" style=\"margin-top: 32px; margin-bottom: 0px; padding: 0px; font-size: 18px; font-stretch: normal; line-height: 32px; font-family: &quot;Microsoft Yahei&quot;; color: rgb(64, 64, 64); text-align: center;\"><img alt=\"马斯克：人类2064年定居月球 AI比核武器危险\" src=\"http://cms-bucket.nosdn.127.net/c450180ce2584cdfa0259ca3097d369520180312093538.jpeg?imageView&thumbnail=550x0\" style=\"vertical-align: top; border-width: 0px; border-style: initial; border-color: initial;\"/><br/></p><p style=\"margin-top: 32px; margin-bottom: 0px; padding: 0px; font-size: 18px; text-indent: 2em; font-stretch: normal; line-height: 32px; font-family: &quot;Microsoft Yahei&quot;; color: rgb(64, 64, 64); text-align: justify;\">5）诺兰问马斯克：当今天出生的人到了他这个年龄（46岁）时，世界会变成什么样子？马斯克说，他希望2064年的世界将有可持续使用的发电和消耗电力系统，以稳定气候变化的影响。人类将在月球和火星上建立基地。多亏了Neuralink所研究的高带宽大脑接口，“良性AI”将与人类共生。</p><p><br/></p>');
INSERT INTO `bbs_post` (`tid`, `pid`, `uid`, `isfirst`, `create_date`, `userip`, `images`, `files`, `doctype`, `quotepid`, `message`, `message_fmt`) VALUES
(39, 39, 1, 1, 1520841112, 795357716, 1, 0, 0, 0, '<p style=\"margin-top: 32px; margin-bottom: 0px; padding: 0px; font-size: 18px; text-indent: 2em; font-stretch: normal; line-height: 32px; font-family: &quot;Microsoft Yahei&quot;; color: rgb(64, 64, 64); text-align: justify;\">网易科技讯 3月12日消息，据CNBC报道，美国连续创业家伊隆·马斯克（Elon Musk）周日在德克萨斯州奥斯汀举行的SXSW科技文化节上，出乎意料地参加了问答环节。这位亿万富翁说，美国太空探索技术公司SpaceX有望在2019年之前向火星发射飞船，但他戏称可能会推迟。</p><p class=\"f_center\" style=\"margin-top: 32px; margin-bottom: 0px; padding: 0px; font-size: 18px; font-stretch: normal; line-height: 32px; font-family: &quot;Microsoft Yahei&quot;; color: rgb(64, 64, 64); text-align: center;\"><img alt=\"马斯克：火星飞船将在2019年上半年完成短途旅行\" src=\"http://cms-bucket.nosdn.127.net/catchpic/c/c7/c78bdabec81d0afd6ebaea2943cbbebf.jpg?imageView&thumbnail=550x0\" style=\"border-width: 0px; border-style: initial; border-color: initial; display: block; margin: 0px auto;\"/>图：SpaceX和特斯拉创始人伊隆·马斯克（Elon Musk）</p><p style=\"margin-top: 32px; margin-bottom: 0px; padding: 0px; font-size: 18px; text-indent: 2em; font-stretch: normal; line-height: 32px; font-family: &quot;Microsoft Yahei&quot;; color: rgb(64, 64, 64); text-align: justify;\">马斯克表示，他计划在明年年初向火星发射太空飞行器，这可能是明年取得的第一个里程碑。这家私营企业曾于2017年9月宣布，计划在2022年之前向这颗红色星球运送货物。SpaceX的最终目标是在火星上建立人类殖民地。</p><p style=\"margin-top: 32px; margin-bottom: 0px; padding: 0px; font-size: 18px; text-indent: 2em; font-stretch: normal; line-height: 32px; font-family: &quot;Microsoft Yahei&quot;; color: rgb(64, 64, 64); text-align: justify;\">马斯克告诉与会者：“我们正在建造第一个火星或星际飞船，我认为我们可以在明年上半年完成短途飞行。”也许意识到期望过高，马斯克有点儿犹豫地表示:“虽然有时候，我的时间表有点儿拖后，你们知道……”</p><p style=\"margin-top: 32px; margin-bottom: 0px; padding: 0px; font-size: 18px; text-indent: 2em; font-stretch: normal; line-height: 32px; font-family: &quot;Microsoft Yahei&quot;; color: rgb(64, 64, 64); text-align: justify;\">SpaceX的BFR火箭系统预计将具备星际旅行的能力，并且可以完全重复使用。此次飞行的成本将低于最初的猎鹰1号，后者的成本在500万至600万美元之间。</p><p style=\"margin-top: 32px; margin-bottom: 0px; padding: 0px; font-size: 18px; text-indent: 2em; font-stretch: normal; line-height: 32px; font-family: &quot;Microsoft Yahei&quot;; color: rgb(64, 64, 64); text-align: justify;\">马斯克认为，如果BRF发射成功，其他人就会相信火星旅行是可能的，并跟随他的脚步。马斯克说:“最重要的是要有广泛的支持、鼓励和善意。我认为成功发射BRF，我们就能向其他公司和国家证明，它们认为不可能的事情可以做到。”</p><p><br/></p>', '<p style=\"margin-top: 32px; margin-bottom: 0px; padding: 0px; font-size: 18px; text-indent: 2em; font-stretch: normal; line-height: 32px; font-family: &quot;Microsoft Yahei&quot;; color: rgb(64, 64, 64); text-align: justify;\">网易科技讯 3月12日消息，据CNBC报道，美国连续创业家伊隆·马斯克（Elon Musk）周日在德克萨斯州奥斯汀举行的SXSW科技文化节上，出乎意料地参加了问答环节。这位亿万富翁说，美国太空探索技术公司SpaceX有望在2019年之前向火星发射飞船，但他戏称可能会推迟。</p><p class=\"f_center\" style=\"margin-top: 32px; margin-bottom: 0px; padding: 0px; font-size: 18px; font-stretch: normal; line-height: 32px; font-family: &quot;Microsoft Yahei&quot;; color: rgb(64, 64, 64); text-align: center;\"><img alt=\"马斯克：火星飞船将在2019年上半年完成短途旅行\" src=\"http://cms-bucket.nosdn.127.net/catchpic/c/c7/c78bdabec81d0afd6ebaea2943cbbebf.jpg?imageView&thumbnail=550x0\" style=\"border-width: 0px; border-style: initial; border-color: initial; display: block; margin: 0px auto;\"/>图：SpaceX和特斯拉创始人伊隆·马斯克（Elon Musk）</p><p style=\"margin-top: 32px; margin-bottom: 0px; padding: 0px; font-size: 18px; text-indent: 2em; font-stretch: normal; line-height: 32px; font-family: &quot;Microsoft Yahei&quot;; color: rgb(64, 64, 64); text-align: justify;\">马斯克表示，他计划在明年年初向火星发射太空飞行器，这可能是明年取得的第一个里程碑。这家私营企业曾于2017年9月宣布，计划在2022年之前向这颗红色星球运送货物。SpaceX的最终目标是在火星上建立人类殖民地。</p><p style=\"margin-top: 32px; margin-bottom: 0px; padding: 0px; font-size: 18px; text-indent: 2em; font-stretch: normal; line-height: 32px; font-family: &quot;Microsoft Yahei&quot;; color: rgb(64, 64, 64); text-align: justify;\">马斯克告诉与会者：“我们正在建造第一个火星或星际飞船，我认为我们可以在明年上半年完成短途飞行。”也许意识到期望过高，马斯克有点儿犹豫地表示:“虽然有时候，我的时间表有点儿拖后，你们知道……”</p><p style=\"margin-top: 32px; margin-bottom: 0px; padding: 0px; font-size: 18px; text-indent: 2em; font-stretch: normal; line-height: 32px; font-family: &quot;Microsoft Yahei&quot;; color: rgb(64, 64, 64); text-align: justify;\">SpaceX的BFR火箭系统预计将具备星际旅行的能力，并且可以完全重复使用。此次飞行的成本将低于最初的猎鹰1号，后者的成本在500万至600万美元之间。</p><p style=\"margin-top: 32px; margin-bottom: 0px; padding: 0px; font-size: 18px; text-indent: 2em; font-stretch: normal; line-height: 32px; font-family: &quot;Microsoft Yahei&quot;; color: rgb(64, 64, 64); text-align: justify;\">马斯克认为，如果BRF发射成功，其他人就会相信火星旅行是可能的，并跟随他的脚步。马斯克说:“最重要的是要有广泛的支持、鼓励和善意。我认为成功发射BRF，我们就能向其他公司和国家证明，它们认为不可能的事情可以做到。”</p><p><br/></p>'),
(40, 40, 1, 1, 1520841218, 795357716, 1, 0, 0, 0, '<p>赵陈婷<br/></p><p>李国庆俞渝夫妇终于下定决心要把当当卖掉了。</p><p>海航系旗下天海投资3月9日发公告称正与当当谈股权购买事宜，但具体方案仍在沟通协商中。</p><p>海航洽谈收购当当的过程并不顺利。早在去年10月就有消息称海航正在洽谈收购当当九成以上股权，估值超过10亿美元，只是当时李国庆称该消息不属实。</p><p>而背后最为主要的原因是，李国庆夫妇意见不统一。李国庆想让当当独立上市，但是俞渝想卖掉。</p><p>和阿里巴巴同为1999年成立的当当曾先后被亚马逊、百度和腾讯看上，但每一次都被不愿意失去绝对控制权的李氏夫妇拒绝了。</p><p>但这一次，李国庆和俞渝应该终于是累了，想放手了。</p><p>当然，在拒绝了一堆“绣球”之后，如今市场上对当当这个盘子感兴趣并且能买得起的玩家也没几个了，再坚持下去当当很可能得愁嫁。毕竟如今电商格局已经稳定，当当已经没有多少机会。</p><p>摆脱不了的图书标签</p><p>曾几何时，作为电商圈一哥的李国庆是何等风光。北大才子出身的李大嘴，以敢说出名，怼天怼地怼一切。2011年当当刚上市的时候，李国庆与初恋女友的往事、李国庆舌战“大摩女”那都是天天上新闻的节奏，曝光度毫不逊色如今的京东创始人刘强东。</p><p>只是随着当当逐步被边缘化之后，李国庆即使现在仍然不时在微博发表犀利观点，但已没多少人捧场了。</p><p>当当创立的时候，因为李国庆图书出版行业的背景，李氏夫妇决定从图书切入电商领域。但是当后来者京东已经做起来之后，当当优势还是集中在图书。</p><p>对于当当总被打上图书标签，李国庆自己也很无奈。毕竟，相比服装、3C等其他品类，图书的购买频次、客单价以及利润都不占优势。</p><p>京东、聚美和阿里集中上市的2014年，李国庆决定押宝包括服装、美妆在内的时尚板块。</p><p>那个时间点，当当招聘了一大批时尚编辑团队、买手团队、视觉体验和用户体验团队，这些着装与互联网员工相距甚远的潮流人士被李国庆认为是当当的时尚趋势的温度计和顾问向导。为了表明转型时尚的姿态，当当还在内部颁布了22条军规，指引提升员工的时尚意识。</p><p>只是，当当的转型已经不能明显改善市场格局。更何况，那个时间点，天猫和京东也都在布局时尚业务，而且两家的手笔要比当当大得多。</p><p>不敢烧钱</p><p>对于当当而言，很多时候还是格局限制了发展。</p><p>这一点上，影响当当的不仅仅是时尚业务。</p><p>当当上市之后，除了讲初恋故事和与“大摩女”骂战，李国庆还和京东、当时的卓越亚马逊打了一场价格战。</p><p>起因是当当上市前的招股说明书披露募资将用于百货类电子商务的发展，这直接就动了中国第一大B2C电商京东的盘子。刘强东的回应是随即宣布将对图书降价20%，针对当当发起价格战。</p><p>一开始李国庆也很硬气，宣布斥资4000万元对电子商品及百货类商品降价。但随后京东商城宣布8000万元跟进降价，卓越亚马逊则再次宣布将以1亿元跟进此次百货降价，淘宝商城也发起了年终大促销。</p><p>资本市场对于这场价格战最直接的反应是，6天时间，当当的市值蒸发了超过30%。从此之后，电商价格战中，当当再也没有当过主角。</p><p>事实上，在以烧钱著称的电商市场上，当当一直被认为是在烧钱上力度最小的一个。</p><p>相比京东此前的常年巨亏，当当上市之后经常能实现盈利，还创下过毛利率连续六个季度稳定在17%以上的纪录。</p><p>而保守稳健的战略也被业界解读为李国庆夫妇的性格决定了当当的发展，使当当错过了做大的机会。</p><p>对于当当和李国庆，《创业家》杂志前执行主编申音发过这样一条微博：战略决定战术，性格决定命运。</p><p><br/></p>', '<p>赵陈婷<br/></p><p>李国庆俞渝夫妇终于下定决心要把当当卖掉了。</p><p>海航系旗下天海投资3月9日发公告称正与当当谈股权购买事宜，但具体方案仍在沟通协商中。</p><p>海航洽谈收购当当的过程并不顺利。早在去年10月就有消息称海航正在洽谈收购当当九成以上股权，估值超过10亿美元，只是当时李国庆称该消息不属实。</p><p>而背后最为主要的原因是，李国庆夫妇意见不统一。李国庆想让当当独立上市，但是俞渝想卖掉。</p><p>和阿里巴巴同为1999年成立的当当曾先后被亚马逊、百度和腾讯看上，但每一次都被不愿意失去绝对控制权的李氏夫妇拒绝了。</p><p>但这一次，李国庆和俞渝应该终于是累了，想放手了。</p><p>当然，在拒绝了一堆“绣球”之后，如今市场上对当当这个盘子感兴趣并且能买得起的玩家也没几个了，再坚持下去当当很可能得愁嫁。毕竟如今电商格局已经稳定，当当已经没有多少机会。</p><p>摆脱不了的图书标签</p><p>曾几何时，作为电商圈一哥的李国庆是何等风光。北大才子出身的李大嘴，以敢说出名，怼天怼地怼一切。2011年当当刚上市的时候，李国庆与初恋女友的往事、李国庆舌战“大摩女”那都是天天上新闻的节奏，曝光度毫不逊色如今的京东创始人刘强东。</p><p>只是随着当当逐步被边缘化之后，李国庆即使现在仍然不时在微博发表犀利观点，但已没多少人捧场了。</p><p>当当创立的时候，因为李国庆图书出版行业的背景，李氏夫妇决定从图书切入电商领域。但是当后来者京东已经做起来之后，当当优势还是集中在图书。</p><p>对于当当总被打上图书标签，李国庆自己也很无奈。毕竟，相比服装、3C等其他品类，图书的购买频次、客单价以及利润都不占优势。</p><p>京东、聚美和阿里集中上市的2014年，李国庆决定押宝包括服装、美妆在内的时尚板块。</p><p>那个时间点，当当招聘了一大批时尚编辑团队、买手团队、视觉体验和用户体验团队，这些着装与互联网员工相距甚远的潮流人士被李国庆认为是当当的时尚趋势的温度计和顾问向导。为了表明转型时尚的姿态，当当还在内部颁布了22条军规，指引提升员工的时尚意识。</p><p>只是，当当的转型已经不能明显改善市场格局。更何况，那个时间点，天猫和京东也都在布局时尚业务，而且两家的手笔要比当当大得多。</p><p>不敢烧钱</p><p>对于当当而言，很多时候还是格局限制了发展。</p><p>这一点上，影响当当的不仅仅是时尚业务。</p><p>当当上市之后，除了讲初恋故事和与“大摩女”骂战，李国庆还和京东、当时的卓越亚马逊打了一场价格战。</p><p>起因是当当上市前的招股说明书披露募资将用于百货类电子商务的发展，这直接就动了中国第一大B2C电商京东的盘子。刘强东的回应是随即宣布将对图书降价20%，针对当当发起价格战。</p><p>一开始李国庆也很硬气，宣布斥资4000万元对电子商品及百货类商品降价。但随后京东商城宣布8000万元跟进降价，卓越亚马逊则再次宣布将以1亿元跟进此次百货降价，淘宝商城也发起了年终大促销。</p><p>资本市场对于这场价格战最直接的反应是，6天时间，当当的市值蒸发了超过30%。从此之后，电商价格战中，当当再也没有当过主角。</p><p>事实上，在以烧钱著称的电商市场上，当当一直被认为是在烧钱上力度最小的一个。</p><p>相比京东此前的常年巨亏，当当上市之后经常能实现盈利，还创下过毛利率连续六个季度稳定在17%以上的纪录。</p><p>而保守稳健的战略也被业界解读为李国庆夫妇的性格决定了当当的发展，使当当错过了做大的机会。</p><p>对于当当和李国庆，《创业家》杂志前执行主编申音发过这样一条微博：战略决定战术，性格决定命运。</p><p><br/></p>'),
(41, 41, 1, 1, 1520841285, 795357716, 1, 0, 0, 0, '<p><br/></p><p class=\"f_center\" style=\"margin-top: 32px; margin-bottom: 0px; padding: 0px; font-size: 18px; font-stretch: normal; line-height: 32px; font-family: &quot;Microsoft Yahei&quot;; color: rgb(64, 64, 64); text-align: center;\"><img alt=\"Android P六大亮点：可室内定位 支持刘海屏\" src=\"http://cms-bucket.nosdn.127.net/catchpic/8/8c/8c7aa75b5ad0b10d974b80876f684975.jpg?imageView&thumbnail=550x0\" style=\"border-width: 0px; border-style: initial; border-color: initial; display: block; margin: 0px auto;\"/></p><p style=\"margin-top: 32px; margin-bottom: 0px; padding: 0px; font-size: 18px; text-indent: 2em; font-stretch: normal; line-height: 32px; font-family: &quot;Microsoft Yahei&quot;; color: rgb(64, 64, 64); text-align: justify;\">网易科技讯 3月12日消息，据《福布斯》网站报道，谷歌已发布Android P首个开发者预览版。新功能中有哪些亮点呢？</p><p style=\"margin-top: 32px; margin-bottom: 0px; padding: 0px; font-size: 18px; text-indent: 2em; font-stretch: normal; line-height: 32px; font-family: &quot;Microsoft Yahei&quot;; color: rgb(64, 64, 64); text-align: justify;\"><strong style=\"font-weight: bold;\">室内定位设备位置</strong></p><p style=\"margin-top: 32px; margin-bottom: 0px; padding: 0px; font-size: 18px; text-indent: 2em; font-stretch: normal; line-height: 32px; font-family: &quot;Microsoft Yahei&quot;; color: rgb(64, 64, 64); text-align: justify;\">Android P支持IEEE 802.11协议，即WiFi RTT（Round-Trip-Time）协议。如果app能够连接三个WiFi接入点，该协议可允许app在一两米范围内对设备位置进行三角测量。用户的位置对接入点而言是不可见的，因为app在测算距离时不需要与它们连接。</p><p style=\"margin-top: 32px; margin-bottom: 0px; padding: 0px; font-size: 18px; text-indent: 2em; font-stretch: normal; line-height: 32px; font-family: &quot;Microsoft Yahei&quot;; color: rgb(64, 64, 64); text-align: justify;\">开发者还可通过WiFi RTT开发带有路由功能的地图，这种地图可在混乱的室内环境中为用户定位。谷歌指出，WiFi RTT技术也可实现基于位置的语音指令（如，“打开这盏灯”）或信息检索（如，“找找这件商品有打折的网店”）。</p><p style=\"margin-top: 32px; margin-bottom: 0px; padding: 0px; font-size: 18px; text-indent: 2em; font-stretch: normal; line-height: 32px; font-family: &quot;Microsoft Yahei&quot;; color: rgb(64, 64, 64); text-align: justify;\"><strong style=\"font-weight: bold;\">更有力地保障用户隐私</strong></p><p style=\"margin-top: 32px; margin-bottom: 0px; padding: 0px; font-size: 18px; text-indent: 2em; font-stretch: normal; line-height: 32px; font-family: &quot;Microsoft Yahei&quot;; color: rgb(64, 64, 64); text-align: justify;\">当app未运行时，将不能访问使用SensorManager的麦克风、摄像机或传感器。也就是说，麦克风将无法接受到语音信号，传感器不再汇报感应结果，摄像头中断连接。如果一个app想要访问摄像头，会出现错误提示信息。如果实现这项功能，用户就可以不必担心后台app监测或记录音频、视频等信息。</p><p style=\"margin-top: 32px; margin-bottom: 0px; padding: 0px; font-size: 18px; text-indent: 2em; font-stretch: normal; line-height: 32px; font-family: &quot;Microsoft Yahei&quot;; color: rgb(64, 64, 64); text-align: justify;\"><strong style=\"font-weight: bold;\">支持“刘海屏”</strong></p><p style=\"margin-top: 32px; margin-bottom: 0px; padding: 0px; font-size: 18px; text-indent: 2em; font-stretch: normal; line-height: 32px; font-family: &quot;Microsoft Yahei&quot;; color: rgb(64, 64, 64); text-align: justify;\">对于采用类似iPhone X“刘海屏”的智能手机，凹槽位置的内容显示势必会受影响。Android P允许app开发者调整这类屏幕的内容显示方式，内容可围绕凹槽布局或显示在凹槽下方。</p><p style=\"margin-top: 32px; margin-bottom: 0px; padding: 0px; font-size: 18px; text-indent: 2em; font-stretch: normal; line-height: 32px; font-family: &quot;Microsoft Yahei&quot;; color: rgb(64, 64, 64); text-align: justify;\"><strong class=\"f_center\" style=\"font-weight: bold; text-align: center; text-indent: 0px;\"><img alt=\"Android P六大亮点：可室内定位 支持刘海屏\" src=\"http://cms-bucket.nosdn.127.net/catchpic/b/bc/bca2aa2b9e842ba6f4a80342ebdcb371.jpg?imageView&thumbnail=550x0\" style=\"border-width: 0px; border-style: initial; border-color: initial; display: block; margin: 0px auto;\"/><br/></strong></p><p style=\"margin-top: 32px; margin-bottom: 0px; padding: 0px; font-size: 18px; text-indent: 2em; font-stretch: normal; line-height: 32px; font-family: &quot;Microsoft Yahei&quot;; color: rgb(64, 64, 64); text-align: justify;\"><strong style=\"font-weight: bold;\">信息通知得到改进</strong></p><p style=\"margin-top: 32px; margin-bottom: 0px; padding: 0px; font-size: 18px; text-indent: 2em; font-stretch: normal; line-height: 32px; font-family: &quot;Microsoft Yahei&quot;; color: rgb(64, 64, 64); text-align: justify;\">在信息推送通知中，可显示发送者和手机用户的头像，手机用户回复时还可添加图片。另外，还支持智能回复功能。</p><p style=\"margin-top: 32px; margin-bottom: 0px; padding: 0px; font-size: 18px; text-indent: 2em; font-stretch: normal; line-height: 32px; font-family: &quot;Microsoft Yahei&quot;; color: rgb(64, 64, 64); text-align: justify;\"><strong style=\"font-weight: bold;\">设备自带的神经网络处理功能得到改进</strong></p><p style=\"margin-top: 32px; margin-bottom: 0px; padding: 0px; font-size: 18px; text-indent: 2em; font-stretch: normal; line-height: 32px; font-family: &quot;Microsoft Yahei&quot;; color: rgb(64, 64, 64); text-align: justify;\">设备自带机器学习功能就可免去把用户数据发送到云端以供处理的必要性。这直接为用户带来两个好处。第一，设备上的神经网络能够更容易地学习和适应用户的操作习惯。第二，由于用户的操作数据不必发送到云端，可更好地保障隐私。基于所有用户数据展开学习的神经主网络的运行模式因此而改变，它将读取的是用户网络的变化数据，而不是让数据影响用户网络进而产生变化。</p><p><br/></p>', '<p><br/></p><p class=\"f_center\" style=\"margin-top: 32px; margin-bottom: 0px; padding: 0px; font-size: 18px; font-stretch: normal; line-height: 32px; font-family: &quot;Microsoft Yahei&quot;; color: rgb(64, 64, 64); text-align: center;\"><img alt=\"Android P六大亮点：可室内定位 支持刘海屏\" src=\"http://cms-bucket.nosdn.127.net/catchpic/8/8c/8c7aa75b5ad0b10d974b80876f684975.jpg?imageView&thumbnail=550x0\" style=\"border-width: 0px; border-style: initial; border-color: initial; display: block; margin: 0px auto;\"/></p><p style=\"margin-top: 32px; margin-bottom: 0px; padding: 0px; font-size: 18px; text-indent: 2em; font-stretch: normal; line-height: 32px; font-family: &quot;Microsoft Yahei&quot;; color: rgb(64, 64, 64); text-align: justify;\">网易科技讯 3月12日消息，据《福布斯》网站报道，谷歌已发布Android P首个开发者预览版。新功能中有哪些亮点呢？</p><p style=\"margin-top: 32px; margin-bottom: 0px; padding: 0px; font-size: 18px; text-indent: 2em; font-stretch: normal; line-height: 32px; font-family: &quot;Microsoft Yahei&quot;; color: rgb(64, 64, 64); text-align: justify;\"><strong style=\"font-weight: bold;\">室内定位设备位置</strong></p><p style=\"margin-top: 32px; margin-bottom: 0px; padding: 0px; font-size: 18px; text-indent: 2em; font-stretch: normal; line-height: 32px; font-family: &quot;Microsoft Yahei&quot;; color: rgb(64, 64, 64); text-align: justify;\">Android P支持IEEE 802.11协议，即WiFi RTT（Round-Trip-Time）协议。如果app能够连接三个WiFi接入点，该协议可允许app在一两米范围内对设备位置进行三角测量。用户的位置对接入点而言是不可见的，因为app在测算距离时不需要与它们连接。</p><p style=\"margin-top: 32px; margin-bottom: 0px; padding: 0px; font-size: 18px; text-indent: 2em; font-stretch: normal; line-height: 32px; font-family: &quot;Microsoft Yahei&quot;; color: rgb(64, 64, 64); text-align: justify;\">开发者还可通过WiFi RTT开发带有路由功能的地图，这种地图可在混乱的室内环境中为用户定位。谷歌指出，WiFi RTT技术也可实现基于位置的语音指令（如，“打开这盏灯”）或信息检索（如，“找找这件商品有打折的网店”）。</p><p style=\"margin-top: 32px; margin-bottom: 0px; padding: 0px; font-size: 18px; text-indent: 2em; font-stretch: normal; line-height: 32px; font-family: &quot;Microsoft Yahei&quot;; color: rgb(64, 64, 64); text-align: justify;\"><strong style=\"font-weight: bold;\">更有力地保障用户隐私</strong></p><p style=\"margin-top: 32px; margin-bottom: 0px; padding: 0px; font-size: 18px; text-indent: 2em; font-stretch: normal; line-height: 32px; font-family: &quot;Microsoft Yahei&quot;; color: rgb(64, 64, 64); text-align: justify;\">当app未运行时，将不能访问使用SensorManager的麦克风、摄像机或传感器。也就是说，麦克风将无法接受到语音信号，传感器不再汇报感应结果，摄像头中断连接。如果一个app想要访问摄像头，会出现错误提示信息。如果实现这项功能，用户就可以不必担心后台app监测或记录音频、视频等信息。</p><p style=\"margin-top: 32px; margin-bottom: 0px; padding: 0px; font-size: 18px; text-indent: 2em; font-stretch: normal; line-height: 32px; font-family: &quot;Microsoft Yahei&quot;; color: rgb(64, 64, 64); text-align: justify;\"><strong style=\"font-weight: bold;\">支持“刘海屏”</strong></p><p style=\"margin-top: 32px; margin-bottom: 0px; padding: 0px; font-size: 18px; text-indent: 2em; font-stretch: normal; line-height: 32px; font-family: &quot;Microsoft Yahei&quot;; color: rgb(64, 64, 64); text-align: justify;\">对于采用类似iPhone X“刘海屏”的智能手机，凹槽位置的内容显示势必会受影响。Android P允许app开发者调整这类屏幕的内容显示方式，内容可围绕凹槽布局或显示在凹槽下方。</p><p style=\"margin-top: 32px; margin-bottom: 0px; padding: 0px; font-size: 18px; text-indent: 2em; font-stretch: normal; line-height: 32px; font-family: &quot;Microsoft Yahei&quot;; color: rgb(64, 64, 64); text-align: justify;\"><strong class=\"f_center\" style=\"font-weight: bold; text-align: center; text-indent: 0px;\"><img alt=\"Android P六大亮点：可室内定位 支持刘海屏\" src=\"http://cms-bucket.nosdn.127.net/catchpic/b/bc/bca2aa2b9e842ba6f4a80342ebdcb371.jpg?imageView&thumbnail=550x0\" style=\"border-width: 0px; border-style: initial; border-color: initial; display: block; margin: 0px auto;\"/><br/></strong></p><p style=\"margin-top: 32px; margin-bottom: 0px; padding: 0px; font-size: 18px; text-indent: 2em; font-stretch: normal; line-height: 32px; font-family: &quot;Microsoft Yahei&quot;; color: rgb(64, 64, 64); text-align: justify;\"><strong style=\"font-weight: bold;\">信息通知得到改进</strong></p><p style=\"margin-top: 32px; margin-bottom: 0px; padding: 0px; font-size: 18px; text-indent: 2em; font-stretch: normal; line-height: 32px; font-family: &quot;Microsoft Yahei&quot;; color: rgb(64, 64, 64); text-align: justify;\">在信息推送通知中，可显示发送者和手机用户的头像，手机用户回复时还可添加图片。另外，还支持智能回复功能。</p><p style=\"margin-top: 32px; margin-bottom: 0px; padding: 0px; font-size: 18px; text-indent: 2em; font-stretch: normal; line-height: 32px; font-family: &quot;Microsoft Yahei&quot;; color: rgb(64, 64, 64); text-align: justify;\"><strong style=\"font-weight: bold;\">设备自带的神经网络处理功能得到改进</strong></p><p style=\"margin-top: 32px; margin-bottom: 0px; padding: 0px; font-size: 18px; text-indent: 2em; font-stretch: normal; line-height: 32px; font-family: &quot;Microsoft Yahei&quot;; color: rgb(64, 64, 64); text-align: justify;\">设备自带机器学习功能就可免去把用户数据发送到云端以供处理的必要性。这直接为用户带来两个好处。第一，设备上的神经网络能够更容易地学习和适应用户的操作习惯。第二，由于用户的操作数据不必发送到云端，可更好地保障隐私。基于所有用户数据展开学习的神经主网络的运行模式因此而改变，它将读取的是用户网络的变化数据，而不是让数据影响用户网络进而产生变化。</p><p><br/></p>'),
(42, 42, 1, 1, 1520841339, 795357716, 1, 0, 0, 0, '<p>网易科技讯 3月12日消息，据国外媒体appleinsider报道，2010年初谷歌对Android的前景充满信心，自认为Android产品将完胜苹果iPhone，重现当年微软Windows力压Mac的辉煌（20世纪90年代末，Windows把Mac的市场份额碾压至微不足道的2%）。然而，苹果iPad横空出世，扭转了整个局面。此后，奋力赶上的谷歌把重心分散在平板、手机、机顶盒等诸多产品种类上，但八年屡战屡败的心酸史表明，要集结PC和手机制造商、形成一股抗衡苹果的创新合力，Android难担大任。如今谷歌似乎有意全线退出平板市场。<br/></p><p>谷歌发布了Android P的开发者预览版，这个新系统已不再支持Pixel C和Nexus 5X/6P。事实上，Android P支持的只有谷歌的两款Pixel手机（它们本身也卖得不好），这表明谷歌在平板等硬件领域追赶苹果的雄心已成过眼云烟。</p><p>谷歌推出Chromebook和电视盒子Nexus Player等产品只是试水市场。不过打造一款自主品牌平板却是谷歌的重要战略，既为了与苹果iPad展开竞争，又可向Android厂商示范如何打造一款好平板。</p><p>微软也曾推出Zune音乐播放器，希望借此抗衡苹果的iPod，但以失败告终。相较之下，谷歌付出了比微软更久、更多的努力，但为何在iPad主导的市场里还是没能站稳脚跟？谷歌究竟走过哪些弯路？</p><p>Android的蜜月期</p><p>2010年初乔布斯·史蒂夫推出iPad并宣告后PC时代的到来。那时，谷歌在硬件上从未经历过大败。首款Android手机T-Mobile G1在2008年上市，此后Android逐渐占领主流市场。虽然初露锋芒的Android在走向成熟的过程中难免会出现一些问题，但谷歌对它的前景充满信心。一切看起来都十分美好。</p><p>2009年这一整年，许多手机商都推出了各自的Android手机，销售渠道覆盖了一系列移动运营商。Android预示着一种开放的、可自由配置的创新型系统。而当时iPhone只支持GSM网络，也只能在美国向运营商AT&amp;T购买。</p><p>所有排队等待微软Windows Mobile平台的知名手机商都愿意采用Android。事实上，谷歌的首个合作商HTC在采用Android前生产了大量Windows Mobile手机。</p><p>开源系统Linux从未取得巨大的商业成功。而谷歌以Linux内核为基础开发的Android却建立起庞大的生态系统。</p><p><br/></p>', '<p>网易科技讯 3月12日消息，据国外媒体appleinsider报道，2010年初谷歌对Android的前景充满信心，自认为Android产品将完胜苹果iPhone，重现当年微软Windows力压Mac的辉煌（20世纪90年代末，Windows把Mac的市场份额碾压至微不足道的2%）。然而，苹果iPad横空出世，扭转了整个局面。此后，奋力赶上的谷歌把重心分散在平板、手机、机顶盒等诸多产品种类上，但八年屡战屡败的心酸史表明，要集结PC和手机制造商、形成一股抗衡苹果的创新合力，Android难担大任。如今谷歌似乎有意全线退出平板市场。<br/></p><p>谷歌发布了Android P的开发者预览版，这个新系统已不再支持Pixel C和Nexus 5X/6P。事实上，Android P支持的只有谷歌的两款Pixel手机（它们本身也卖得不好），这表明谷歌在平板等硬件领域追赶苹果的雄心已成过眼云烟。</p><p>谷歌推出Chromebook和电视盒子Nexus Player等产品只是试水市场。不过打造一款自主品牌平板却是谷歌的重要战略，既为了与苹果iPad展开竞争，又可向Android厂商示范如何打造一款好平板。</p><p>微软也曾推出Zune音乐播放器，希望借此抗衡苹果的iPod，但以失败告终。相较之下，谷歌付出了比微软更久、更多的努力，但为何在iPad主导的市场里还是没能站稳脚跟？谷歌究竟走过哪些弯路？</p><p>Android的蜜月期</p><p>2010年初乔布斯·史蒂夫推出iPad并宣告后PC时代的到来。那时，谷歌在硬件上从未经历过大败。首款Android手机T-Mobile G1在2008年上市，此后Android逐渐占领主流市场。虽然初露锋芒的Android在走向成熟的过程中难免会出现一些问题，但谷歌对它的前景充满信心。一切看起来都十分美好。</p><p>2009年这一整年，许多手机商都推出了各自的Android手机，销售渠道覆盖了一系列移动运营商。Android预示着一种开放的、可自由配置的创新型系统。而当时iPhone只支持GSM网络，也只能在美国向运营商AT&amp;T购买。</p><p>所有排队等待微软Windows Mobile平台的知名手机商都愿意采用Android。事实上，谷歌的首个合作商HTC在采用Android前生产了大量Windows Mobile手机。</p><p>开源系统Linux从未取得巨大的商业成功。而谷歌以Linux内核为基础开发的Android却建立起庞大的生态系统。</p><p><br/></p>'),
(43, 43, 1, 1, 1520841385, 795357716, 1, 0, 0, 0, '<p style=\"margin-top: 32px; margin-bottom: 0px; padding: 0px; font-size: 18px; text-indent: 2em; font-stretch: normal; line-height: 32px; font-family: &quot;Microsoft Yahei&quot;; color: rgb(64, 64, 64); text-align: justify;\">网易科技讯3月12日消息，据Futurism报道，在接下来的300年里，南极洲的南大洋将继续升温，影响全球渔业，并使其产量减少20%。</p><p class=\"f_center\" style=\"margin-top: 32px; margin-bottom: 0px; padding: 0px; font-size: 18px; font-stretch: normal; line-height: 32px; font-family: &quot;Microsoft Yahei&quot;; color: rgb(64, 64, 64); text-align: center;\"><img alt=\"如果海洋继续变暖300年内人类或无鱼可吃\" src=\"http://cms-bucket.nosdn.127.net/catchpic/9/9e/9ea4a7eeb73eb1a52ceaba5b42bf28e2.jpg?imageView&thumbnail=550x0\" style=\"border-width: 0px; border-style: initial; border-color: initial; max-width: 50%; display: block; margin: 0px auto;\"/><br/></p><p style=\"margin-top: 32px; margin-bottom: 0px; padding: 0px; font-size: 18px; text-indent: 2em; font-stretch: normal; line-height: 32px; font-family: &quot;Microsoft Yahei&quot;; color: rgb(64, 64, 64); text-align: justify;\">在地球仪底部环绕着南极洲，南大洋似乎是个缺少生命的寒冷水世界。但事实证明，这个极地海洋对全球气候和全球海洋健康有着巨大影响。最新研究表明，如果海洋继续吸收二氧化碳(由于气候变化而变暖)，我们可以看到海洋生态系统中出现一种多米诺骨牌效应：到2300年，世界各地的渔业产量至少下降20%。</p><p style=\"margin-top: 32px; margin-bottom: 0px; padding: 0px; font-size: 18px; text-indent: 2em; font-stretch: normal; line-height: 32px; font-family: &quot;Microsoft Yahei&quot;; color: rgb(64, 64, 64); text-align: justify;\">美国加州大学欧文分校的科学家们正利用模拟来预测未来几个世纪气候变化对世界海洋的影响。该研究小组并没有关注2100年以前的情况，而是研究了接下来300年里全球变暖影响，因为他们认为全球变暖的反馈可能会更加缓慢。</p><p style=\"margin-top: 32px; margin-bottom: 0px; padding: 0px; font-size: 18px; text-indent: 2em; font-stretch: normal; line-height: 32px; font-family: &quot;Microsoft Yahei&quot;; color: rgb(64, 64, 64); text-align: justify;\">目前，南大洋正推动海洋混合，其活跃的南极和亚南极水域正将营养物质送至全球各地。但这些模拟表明，如果保持当前的排放水平，到2300年，西风会变得更强，并向两极转变，以限制这种海洋混合能力。由此产生的结果将使极地海水变暖，融化海冰，最重要的是，使南大洋的营养物质被吸收。</p><p style=\"margin-top: 32px; margin-bottom: 0px; padding: 0px; font-size: 18px; text-indent: 2em; font-stretch: normal; line-height: 32px; font-family: &quot;Microsoft Yahei&quot;; color: rgb(64, 64, 64); text-align: justify;\">研究人员发现，切断这种营养循环对全球海洋健康会产生显著影响：初级生产减少，处于食物链底层的海洋植物活动减少24%。更重要的是，它减少了41%储存在深海里的微粒碳含量。</p><p style=\"margin-top: 32px; margin-bottom: 0px; padding: 0px; font-size: 18px; text-indent: 2em; font-stretch: normal; line-height: 32px; font-family: &quot;Microsoft Yahei&quot;; color: rgb(64, 64, 64); text-align: justify;\">由于这些过程形成了海洋生态系统的基础，所以结果并不令人感到惊讶，鱼类的食物也会大幅减少。食物减少意味着鱼类减少，进而导致人类可食用的鱼类也会减少。这项该研究预测，北大西洋、西太平洋和南印度洋将会受到最坏影响，北大西洋的渔业产量将大幅下降60%。</p><p><br/></p>', '<p style=\"margin-top: 32px; margin-bottom: 0px; padding: 0px; font-size: 18px; text-indent: 2em; font-stretch: normal; line-height: 32px; font-family: &quot;Microsoft Yahei&quot;; color: rgb(64, 64, 64); text-align: justify;\">网易科技讯3月12日消息，据Futurism报道，在接下来的300年里，南极洲的南大洋将继续升温，影响全球渔业，并使其产量减少20%。</p><p class=\"f_center\" style=\"margin-top: 32px; margin-bottom: 0px; padding: 0px; font-size: 18px; font-stretch: normal; line-height: 32px; font-family: &quot;Microsoft Yahei&quot;; color: rgb(64, 64, 64); text-align: center;\"><img alt=\"如果海洋继续变暖300年内人类或无鱼可吃\" src=\"http://cms-bucket.nosdn.127.net/catchpic/9/9e/9ea4a7eeb73eb1a52ceaba5b42bf28e2.jpg?imageView&thumbnail=550x0\" style=\"border-width: 0px; border-style: initial; border-color: initial; max-width: 50%; display: block; margin: 0px auto;\"/><br/></p><p style=\"margin-top: 32px; margin-bottom: 0px; padding: 0px; font-size: 18px; text-indent: 2em; font-stretch: normal; line-height: 32px; font-family: &quot;Microsoft Yahei&quot;; color: rgb(64, 64, 64); text-align: justify;\">在地球仪底部环绕着南极洲，南大洋似乎是个缺少生命的寒冷水世界。但事实证明，这个极地海洋对全球气候和全球海洋健康有着巨大影响。最新研究表明，如果海洋继续吸收二氧化碳(由于气候变化而变暖)，我们可以看到海洋生态系统中出现一种多米诺骨牌效应：到2300年，世界各地的渔业产量至少下降20%。</p><p style=\"margin-top: 32px; margin-bottom: 0px; padding: 0px; font-size: 18px; text-indent: 2em; font-stretch: normal; line-height: 32px; font-family: &quot;Microsoft Yahei&quot;; color: rgb(64, 64, 64); text-align: justify;\">美国加州大学欧文分校的科学家们正利用模拟来预测未来几个世纪气候变化对世界海洋的影响。该研究小组并没有关注2100年以前的情况，而是研究了接下来300年里全球变暖影响，因为他们认为全球变暖的反馈可能会更加缓慢。</p><p style=\"margin-top: 32px; margin-bottom: 0px; padding: 0px; font-size: 18px; text-indent: 2em; font-stretch: normal; line-height: 32px; font-family: &quot;Microsoft Yahei&quot;; color: rgb(64, 64, 64); text-align: justify;\">目前，南大洋正推动海洋混合，其活跃的南极和亚南极水域正将营养物质送至全球各地。但这些模拟表明，如果保持当前的排放水平，到2300年，西风会变得更强，并向两极转变，以限制这种海洋混合能力。由此产生的结果将使极地海水变暖，融化海冰，最重要的是，使南大洋的营养物质被吸收。</p><p style=\"margin-top: 32px; margin-bottom: 0px; padding: 0px; font-size: 18px; text-indent: 2em; font-stretch: normal; line-height: 32px; font-family: &quot;Microsoft Yahei&quot;; color: rgb(64, 64, 64); text-align: justify;\">研究人员发现，切断这种营养循环对全球海洋健康会产生显著影响：初级生产减少，处于食物链底层的海洋植物活动减少24%。更重要的是，它减少了41%储存在深海里的微粒碳含量。</p><p style=\"margin-top: 32px; margin-bottom: 0px; padding: 0px; font-size: 18px; text-indent: 2em; font-stretch: normal; line-height: 32px; font-family: &quot;Microsoft Yahei&quot;; color: rgb(64, 64, 64); text-align: justify;\">由于这些过程形成了海洋生态系统的基础，所以结果并不令人感到惊讶，鱼类的食物也会大幅减少。食物减少意味着鱼类减少，进而导致人类可食用的鱼类也会减少。这项该研究预测，北大西洋、西太平洋和南印度洋将会受到最坏影响，北大西洋的渔业产量将大幅下降60%。</p><p><br/></p>');
INSERT INTO `bbs_post` (`tid`, `pid`, `uid`, `isfirst`, `create_date`, `userip`, `images`, `files`, `doctype`, `quotepid`, `message`, `message_fmt`) VALUES
(44, 44, 1, 1, 1520841451, 795357716, 1, 0, 0, 0, '<p><br/></p><p align=\"center\" style=\"margin-top: 20px; margin-bottom: 20px; padding: 0px; font-size: 18px; line-height: 34px; color: rgb(51, 51, 51); font-family: &quot;Microsoft Yahei&quot;, &quot;Helvetica Neue&quot;, Helvetica, &quot;Hiragino Sans GB&quot;, &quot;WenQuanYi Micro Hei&quot;, sans-serif;\">　　<img src=\"http://crawl.nosdn.127.net/71e220b4bea041594b693554b79d0d9f.jpeg\" style=\"border-width: 0px; border-style: initial; border-color: initial; vertical-align: baseline; margin: 20px 0px;\"/><br/></p><p style=\"margin-top: 20px; margin-bottom: 20px; padding: 0px; font-size: 18px; line-height: 34px; color: rgb(51, 51, 51); font-family: &quot;Microsoft Yahei&quot;, &quot;Helvetica Neue&quot;, Helvetica, &quot;Hiragino Sans GB&quot;, &quot;WenQuanYi Micro Hei&quot;, sans-serif;\">　　还记得去年iPhone X发布后，三星专门拍摄的那个嘲讽刘海儿屏的广告吗？也许，今年三星的嘲讽对象会变得更多起来。尽管三星S9相较前代没有太大的变化，但就像前两天发布会上三星发言人所说的那样——“至少这款手机没有别扭的‘齐刘海’。”</p><p style=\"margin-top: 20px; margin-bottom: 20px; padding: 0px; font-size: 18px; line-height: 34px; color: rgb(51, 51, 51); font-family: &quot;Microsoft Yahei&quot;, &quot;Helvetica Neue&quot;, Helvetica, &quot;Hiragino Sans GB&quot;, &quot;WenQuanYi Micro Hei&quot;, sans-serif;\">　　智能手机市场打脸早已经不是什么稀罕事，不过像今年这样大规模集体打脸确实不常见。</p><p style=\"margin-top: 20px; margin-bottom: 20px; padding: 0px; font-size: 18px; line-height: 34px; color: rgb(51, 51, 51); font-family: &quot;Microsoft Yahei&quot;, &quot;Helvetica Neue&quot;, Helvetica, &quot;Hiragino Sans GB&quot;, &quot;WenQuanYi Micro Hei&quot;, sans-serif;\">　　作为智能手机届无可争议的霸主，苹果一直都是市场最好的风向标。对于很多厂商而言，当不知道在设计上该如何寻求突破时，多像iPhone一点儿总不会错。同时，iPhone也是不少手机厂商在发布会上被拿出来对比的机型（往往都是狠狠吊打）。</p><p style=\"margin-top: 20px; margin-bottom: 20px; padding: 0px; font-size: 18px; line-height: 34px; color: rgb(51, 51, 51); font-family: &quot;Microsoft Yahei&quot;, &quot;Helvetica Neue&quot;, Helvetica, &quot;Hiragino Sans GB&quot;, &quot;WenQuanYi Micro Hei&quot;, sans-serif;\">　　去年iPhone X的刘海儿屏，曾是无数手机企业嘲讽的对象。但是，友商们往往都是嘴上说着不要，身体却很诚实。几个月前，大家都还在吐槽刘海儿屏的丑陋，如今却纷纷开始拼“发型”了。</p><p align=\"center\" style=\"margin-top: 20px; margin-bottom: 20px; padding: 0px; font-size: 18px; line-height: 34px; color: rgb(51, 51, 51); font-family: &quot;Microsoft Yahei&quot;, &quot;Helvetica Neue&quot;, Helvetica, &quot;Hiragino Sans GB&quot;, &quot;WenQuanYi Micro Hei&quot;, sans-serif;\">　　<img src=\"http://crawl.nosdn.127.net/dfcfcf7aa2adf986b06a51a63689fcf5.jpeg\" style=\"border-width: 0px; border-style: initial; border-color: initial; vertical-align: baseline; margin: 20px 0px;\"/><br/></p><p style=\"margin-top: 20px; margin-bottom: 20px; padding: 0px; font-size: 18px; line-height: 34px; color: rgb(51, 51, 51); font-family: &quot;Microsoft Yahei&quot;, &quot;Helvetica Neue&quot;, Helvetica, &quot;Hiragino Sans GB&quot;, &quot;WenQuanYi Micro Hei&quot;, sans-serif;\">　　近日，某媒体同行就发布了一则数据，据不完全统计，<strong style=\"font-weight: bold;\">目前除了iPhone X之外，已经有超过20家手机厂商将会采用“刘海儿屏”的设计，这其中不乏一些我们所熟知的大品牌。</strong>可以预见，接下来的几个月各手机品牌在自家新机发布会上的一个重要对比指标，将会从去年谁家的屏占比更大——变成谁的“刘海儿”更短。</p><p style=\"margin-top: 20px; margin-bottom: 20px; padding: 0px; font-size: 18px; line-height: 34px; color: rgb(51, 51, 51); font-family: &quot;Microsoft Yahei&quot;, &quot;Helvetica Neue&quot;, Helvetica, &quot;Hiragino Sans GB&quot;, &quot;WenQuanYi Micro Hei&quot;, sans-serif;\">　　跟风不是一件好玩儿的事情，看到这些已经发售，或者即将发售的“刘海儿屏”新机，总会有一种让人觉得智能手机市场偶染微恙的状态。</p><p style=\"margin-top: 20px; margin-bottom: 20px; padding: 0px; font-size: 18px; line-height: 34px; color: rgb(51, 51, 51); font-family: &quot;Microsoft Yahei&quot;, &quot;Helvetica Neue&quot;, Helvetica, &quot;Hiragino Sans GB&quot;, &quot;WenQuanYi Micro Hei&quot;, sans-serif;\">　　<strong style=\"font-weight: bold;\">苹果激进，友商跟随</strong></p><p style=\"margin-top: 20px; margin-bottom: 20px; padding: 0px; font-size: 18px; line-height: 34px; color: rgb(51, 51, 51); font-family: &quot;Microsoft Yahei&quot;, &quot;Helvetica Neue&quot;, Helvetica, &quot;Hiragino Sans GB&quot;, &quot;WenQuanYi Micro Hei&quot;, sans-serif;\">　　全面屏受宠，如今更多用户都更喜欢屏占比高的手机产品。iPhone为了跟随全面屏的步伐，不得不把过去沿用多年的ID设计进行更换，如果只是简单的使用18:9屏幕和收窄边框，显然很不苹果！于是，就有了刘海儿屏的出现。</p><p style=\"margin-top: 20px; margin-bottom: 20px; padding: 0px; font-size: 18px; line-height: 34px; color: rgb(51, 51, 51); font-family: &quot;Microsoft Yahei&quot;, &quot;Helvetica Neue&quot;, Helvetica, &quot;Hiragino Sans GB&quot;, &quot;WenQuanYi Micro Hei&quot;, sans-serif;\">　　不论iPhone X的“刘海儿”是否好看，它确实赚足了眼球，也足够特殊。这几个月来，尽管iPhone X的销量并没有达到苹果的预期，但这并不影响友商对其设计的跟进。</p><p style=\"margin-top: 20px; margin-bottom: 20px; padding: 0px; font-size: 18px; line-height: 34px; color: rgb(51, 51, 51); font-family: &quot;Microsoft Yahei&quot;, &quot;Helvetica Neue&quot;, Helvetica, &quot;Hiragino Sans GB&quot;, &quot;WenQuanYi Micro Hei&quot;, sans-serif;\">　　随着智能手机行业进入下半场，安卓阵营手机厂商的同质化已经到了非常严重的程度（看到此次统计的“刘海屏”机型，不禁让人想起此前几乎所有手机厂商背面全是HTC的时代）。于是，差异化也就成了各手机品牌的必要因素。</p><p align=\"center\" style=\"margin-top: 20px; margin-bottom: 20px; padding: 0px; font-size: 18px; line-height: 34px; color: rgb(51, 51, 51); font-family: &quot;Microsoft Yahei&quot;, &quot;Helvetica Neue&quot;, Helvetica, &quot;Hiragino Sans GB&quot;, &quot;WenQuanYi Micro Hei&quot;, sans-serif;\">　　<img src=\"http://crawl.nosdn.127.net/fe9256d893f4cc2f15d6f6c4370998e4.jpeg\" style=\"border-width: 0px; border-style: initial; border-color: initial; vertical-align: baseline; margin: 20px 0px;\"/><br/></p><p style=\"margin-top: 20px; margin-bottom: 20px; padding: 0px; font-size: 18px; line-height: 34px; color: rgb(51, 51, 51); font-family: &quot;Microsoft Yahei&quot;, &quot;Helvetica Neue&quot;, Helvetica, &quot;Hiragino Sans GB&quot;, &quot;WenQuanYi Micro Hei&quot;, sans-serif;\">　　但是，差异化是有风险的。每一次差异化的尝试都是在赌博，赌自己押宝的设计能否被大众市场所接受。比如说三星的曲面屏设计、小米MIX的全面屏设计，都曾成功的引领了整个市场的潮流，也将品牌的行业地位提升到了一个新高度。</p><p style=\"margin-top: 20px; margin-bottom: 20px; padding: 0px; font-size: 18px; line-height: 34px; color: rgb(51, 51, 51); font-family: &quot;Microsoft Yahei&quot;, &quot;Helvetica Neue&quot;, Helvetica, &quot;Hiragino Sans GB&quot;, &quot;WenQuanYi Micro Hei&quot;, sans-serif;\">　　不过，相比上述成功的案例，MOTO的模块化、魅族Pro 7的画屏、ivvi的裸眼3D等似乎差强人意，一系列的差异化探索最终没有产生应有的结果。</p><p style=\"margin-top: 20px; margin-bottom: 20px; padding: 0px; font-size: 18px; line-height: 34px; color: rgb(51, 51, 51); font-family: &quot;Microsoft Yahei&quot;, &quot;Helvetica Neue&quot;, Helvetica, &quot;Hiragino Sans GB&quot;, &quot;WenQuanYi Micro Hei&quot;, sans-serif;\">　　所以，iPhone的每一步举措自然成为大众市场最好的导向标。特别是在今年刘海儿屏很可能成为整个智能手机市场主流的趋势下，不能出众就只能从众。就像华硕全球营销主管Marcel Campos在其采用“刘海屏”的ZenPhone 5发布时所说：“有些人会说这是抄袭苹果，但我们无法脱离用户的需求，你必须遵循这些趋势。”</p><p style=\"margin-top: 20px; margin-bottom: 20px; padding: 0px; font-size: 18px; line-height: 34px; color: rgb(51, 51, 51); font-family: &quot;Microsoft Yahei&quot;, &quot;Helvetica Neue&quot;, Helvetica, &quot;Hiragino Sans GB&quot;, &quot;WenQuanYi Micro Hei&quot;, sans-serif;\">　　当然，“刘海屏”成为浪潮也不能完全怪罪手机厂商，毕竟现阶段绝大多数手机厂商还是要看上游供应链的走势。此前业内一直盛传只有价格相对高昂的OLED屏幕才能实现“刘海屏”，不过此次华硕Zenfone 5的出现却证明，LCD屏幕同样可以实现标准的“刘海儿”，这也为后面跟进的厂商进一步扫除了心理阻碍。</p><p style=\"margin-top: 20px; margin-bottom: 20px; padding: 0px; font-size: 18px; line-height: 34px; color: rgb(51, 51, 51); font-family: &quot;Microsoft Yahei&quot;, &quot;Helvetica Neue&quot;, Helvetica, &quot;Hiragino Sans GB&quot;, &quot;WenQuanYi Micro Hei&quot;, sans-serif;\">　　在整个供应链都更倾向于刘海儿屏时，想要保证自己的产能充足，也就只能跟随大方向了。</p><p style=\"margin-top: 20px; margin-bottom: 20px; padding: 0px; font-size: 18px; line-height: 34px; color: rgb(51, 51, 51); font-family: &quot;Microsoft Yahei&quot;, &quot;Helvetica Neue&quot;, Helvetica, &quot;Hiragino Sans GB&quot;, &quot;WenQuanYi Micro Hei&quot;, sans-serif;\">　　<strong style=\"font-weight: bold;\">安卓厂商们的“刘海儿”有多大胜算？</strong></p><p style=\"margin-top: 20px; margin-bottom: 20px; padding: 0px; font-size: 18px; line-height: 34px; color: rgb(51, 51, 51); font-family: &quot;Microsoft Yahei&quot;, &quot;Helvetica Neue&quot;, Helvetica, &quot;Hiragino Sans GB&quot;, &quot;WenQuanYi Micro Hei&quot;, sans-serif;\">　　目前来看，“刘海儿屏”的趋势已经不可逆转，因此我们不妨关心一下安卓厂商们能不能用好这款发型。</p><p style=\"margin-top: 20px; margin-bottom: 20px; padding: 0px; font-size: 18px; line-height: 34px; color: rgb(51, 51, 51); font-family: &quot;Microsoft Yahei&quot;, &quot;Helvetica Neue&quot;, Helvetica, &quot;Hiragino Sans GB&quot;, &quot;WenQuanYi Micro Hei&quot;, sans-serif;\">　　首先，可以发现目前那些使用了刘海儿屏的安卓手机厂商都还保留了较宽的下巴，这可能会让很多用户难以接受，用了刘海屏为什么还要有这么宽的下巴？</p><p style=\"margin-top: 20px; margin-bottom: 20px; padding: 0px; font-size: 18px; line-height: 34px; color: rgb(51, 51, 51); font-family: &quot;Microsoft Yahei&quot;, &quot;Helvetica Neue&quot;, Helvetica, &quot;Hiragino Sans GB&quot;, &quot;WenQuanYi Micro Hei&quot;, sans-serif;\">　　这其中的原因还是出于成本的考虑。目前绝大多数安卓手机厂商在品牌溢价方面远远没有达到iPhone那个级别，所以在成本方面会进行严格把控。</p><p align=\"center\" style=\"margin-top: 20px; margin-bottom: 20px; padding: 0px; font-size: 18px; line-height: 34px; color: rgb(51, 51, 51); font-family: &quot;Microsoft Yahei&quot;, &quot;Helvetica Neue&quot;, Helvetica, &quot;Hiragino Sans GB&quot;, &quot;WenQuanYi Micro Hei&quot;, sans-serif;\">　　<img src=\"http://crawl.nosdn.127.net/a3bdd16aa4f63d4421ba933e2f595381.png\" style=\"border-width: 0px; border-style: initial; border-color: initial; vertical-align: baseline; margin: 20px 0px;\"/><br/></p><p style=\"margin-top: 20px; margin-bottom: 20px; padding: 0px; font-size: 18px; line-height: 34px; color: rgb(51, 51, 51); font-family: &quot;Microsoft Yahei&quot;, &quot;Helvetica Neue&quot;, Helvetica, &quot;Hiragino Sans GB&quot;, &quot;WenQuanYi Micro Hei&quot;, sans-serif;\">　　（图片来自：爱板网）</p><p style=\"margin-top: 20px; margin-bottom: 20px; padding: 0px; font-size: 18px; line-height: 34px; color: rgb(51, 51, 51); font-family: &quot;Microsoft Yahei&quot;, &quot;Helvetica Neue&quot;, Helvetica, &quot;Hiragino Sans GB&quot;, &quot;WenQuanYi Micro Hei&quot;, sans-serif;\">　　目前全球手机屏幕的封装技术可以大致分为三类：COG、COF和COP。其中COG的成本最低，如去年发布的红米5等低端全面屏产品，就是采用的这一技术。由于COG封装是把屏幕上的驱动芯片直接从屏幕延伸下来，放在手机下巴内部，这也导致了手机的下巴会过于宽大。</p><p style=\"margin-top: 20px; margin-bottom: 20px; padding: 0px; font-size: 18px; line-height: 34px; color: rgb(51, 51, 51); font-family: &quot;Microsoft Yahei&quot;, &quot;Helvetica Neue&quot;, Helvetica, &quot;Hiragino Sans GB&quot;, &quot;WenQuanYi Micro Hei&quot;, sans-serif;\">　　COF封装技术是把玻璃背板上的芯片放置在屏幕排线上，可直接翻转到屏幕底部，从而大大减少手机底部空间。这就是魅蓝李楠说的“真·全面屏”。例如，三星的S8、S9系列以及小米MIX 2就是采用这一技术。不过，这一技术由于使用了柔性屏幕，所以会大大提高手机的成本。</p><p style=\"margin-top: 20px; margin-bottom: 20px; padding: 0px; font-size: 18px; line-height: 34px; color: rgb(51, 51, 51); font-family: &quot;Microsoft Yahei&quot;, &quot;Helvetica Neue&quot;, Helvetica, &quot;Hiragino Sans GB&quot;, &quot;WenQuanYi Micro Hei&quot;, sans-serif;\">　　而iPhone X使用的则是更高级的COP封装工艺。这是将驱动元件折叠全部塞到了屏幕下方，从而相较COF封装更进一步减少了下巴的空间。但是目前这样的技术由于成本过高和良品率问题，只有iPhone一家在使用，连技术提供商三星自家，目前都没有采用这一技术。</p><p style=\"margin-top: 20px; margin-bottom: 20px; padding: 0px; font-size: 18px; line-height: 34px; color: rgb(51, 51, 51); font-family: &quot;Microsoft Yahei&quot;, &quot;Helvetica Neue&quot;, Helvetica, &quot;Hiragino Sans GB&quot;, &quot;WenQuanYi Micro Hei&quot;, sans-serif;\">　　所以，由于成本的限制，目前绝大多数安卓手机厂商仍会采用便宜的COG封装技术，这也不可避免地出现上面有了刘海儿，下面的宽下巴依然健在。</p><p style=\"margin-top: 20px; margin-bottom: 20px; padding: 0px; font-size: 18px; line-height: 34px; color: rgb(51, 51, 51); font-family: &quot;Microsoft Yahei&quot;, &quot;Helvetica Neue&quot;, Helvetica, &quot;Hiragino Sans GB&quot;, &quot;WenQuanYi Micro Hei&quot;, sans-serif;\">　　另外，就是软件生态层面的适配问题。</p><p style=\"margin-top: 20px; margin-bottom: 20px; padding: 0px; font-size: 18px; line-height: 34px; color: rgb(51, 51, 51); font-family: &quot;Microsoft Yahei&quot;, &quot;Helvetica Neue&quot;, Helvetica, &quot;Hiragino Sans GB&quot;, &quot;WenQuanYi Micro Hei&quot;, sans-serif;\">　　iPhone X发布至今已经有半年时间，但外界看到的情况是，即便强如苹果这样在iOS软件生态拥有绝对话语权的巨头，仍有不少应用至今没有适配刘海儿屏。</p><p style=\"margin-top: 20px; margin-bottom: 20px; padding: 0px; font-size: 18px; line-height: 34px; color: rgb(51, 51, 51); font-family: &quot;Microsoft Yahei&quot;, &quot;Helvetica Neue&quot;, Helvetica, &quot;Hiragino Sans GB&quot;, &quot;WenQuanYi Micro Hei&quot;, sans-serif;\">　　关于18:9的屏幕，即便APP不支持，厂商们也可以通过强制拉伸的方式，使其完成“适配”（虽然效果很不好）。不过，这样粗暴的方式用在刘海屏上并不适用。前不久，我们在MWC2018上看到的很多采用刘海儿屏的展示机，就没有很好适配这一形态，从而导致了很多本该正常显示的APP界面被遮挡，大大影响了适用体验。</p><p style=\"margin-top: 20px; margin-bottom: 20px; padding: 0px; font-size: 18px; line-height: 34px; color: rgb(51, 51, 51); font-family: &quot;Microsoft Yahei&quot;, &quot;Helvetica Neue&quot;, Helvetica, &quot;Hiragino Sans GB&quot;, &quot;WenQuanYi Micro Hei&quot;, sans-serif;\">　　其实，从原生安卓的生态来看，在目前尚未普及的Android 8.0上，谷歌方面并没有在系统底层支持刘海儿屏的设计。其采用的方式，是在下一代Android 9.0（即Android P）上适配类似iPhone X的顶部刘海儿设计。</p><p align=\"center\" style=\"margin-top: 20px; margin-bottom: 20px; padding: 0px; font-size: 18px; line-height: 34px; color: rgb(51, 51, 51); font-family: &quot;Microsoft Yahei&quot;, &quot;Helvetica Neue&quot;, Helvetica, &quot;Hiragino Sans GB&quot;, &quot;WenQuanYi Micro Hei&quot;, sans-serif;\">　　<img src=\"http://crawl.nosdn.127.net/07d11207762ea07e807d944216e2bcbd.png\" style=\"border-width: 0px; border-style: initial; border-color: initial; vertical-align: baseline; margin: 20px 0px;\"/><br/></p><p style=\"margin-top: 20px; margin-bottom: 20px; padding: 0px; font-size: 18px; line-height: 34px; color: rgb(51, 51, 51); font-family: &quot;Microsoft Yahei&quot;, &quot;Helvetica Neue&quot;, Helvetica, &quot;Hiragino Sans GB&quot;, &quot;WenQuanYi Micro Hei&quot;, sans-serif;\">　　而目前市面上绝大多数在使用的手机系统，多是停留在Android 7.0这一代，接下来发布的一众刘海儿屏新机如果不出意外，也只会搭载Android 8.0的系统。如此一来，即便各厂家会对自身UI进行一定优化，但是在整个系统底层并不支持的前提下，还是会让人们对其软件生态适配产生不小的担心。</p><p style=\"margin-top: 20px; margin-bottom: 20px; padding: 0px; font-size: 18px; line-height: 34px; color: rgb(51, 51, 51); font-family: &quot;Microsoft Yahei&quot;, &quot;Helvetica Neue&quot;, Helvetica, &quot;Hiragino Sans GB&quot;, &quot;WenQuanYi Micro Hei&quot;, sans-serif;\">　　话说回来，“全面刘海屏”风潮还是暴露出了一个问题，虽然这几年智能手机市场在不断进步，但真正能通过技术创新带动行业发展的品牌，仍是少数一两家。绝大部分厂商仍将出于成本、利润以及产能等因素的考虑，选择性地放弃一部分设计，甚至全面委托给ODM厂商。</p><p style=\"margin-top: 20px; margin-bottom: 20px; padding: 0px; font-size: 18px; line-height: 34px; color: rgb(51, 51, 51); font-family: &quot;Microsoft Yahei&quot;, &quot;Helvetica Neue&quot;, Helvetica, &quot;Hiragino Sans GB&quot;, &quot;WenQuanYi Micro Hei&quot;, sans-serif;\">　　这一点，是厂家的无奈，也是用户的悲哀。</p><p style=\"margin-top: 20px; margin-bottom: 20px; padding: 0px; font-size: 18px; line-height: 34px; color: rgb(51, 51, 51); font-family: &quot;Microsoft Yahei&quot;, &quot;Helvetica Neue&quot;, Helvetica, &quot;Hiragino Sans GB&quot;, &quot;WenQuanYi Micro Hei&quot;, sans-serif;\">　　追风总不会出大错，至少出错的概率比创新小，这种现状可能还会在智能手机行业继续下去。而偶尔跳出俗套的设计，一旦获得用户的认可，就将成为一个品牌短期内攀升甚至左右市场名次的决定因素。只是不知，这一跳会是在哪一家手机厂商身上出现。（本文首发钛媒体，作者/懂懂笔记）</p><p><br/></p>', '<p><br/></p><p align=\"center\" style=\"margin-top: 20px; margin-bottom: 20px; padding: 0px; font-size: 18px; line-height: 34px; color: rgb(51, 51, 51); font-family: &quot;Microsoft Yahei&quot;, &quot;Helvetica Neue&quot;, Helvetica, &quot;Hiragino Sans GB&quot;, &quot;WenQuanYi Micro Hei&quot;, sans-serif;\">　　<img src=\"http://crawl.nosdn.127.net/71e220b4bea041594b693554b79d0d9f.jpeg\" style=\"border-width: 0px; border-style: initial; border-color: initial; vertical-align: baseline; margin: 20px 0px;\"/><br/></p><p style=\"margin-top: 20px; margin-bottom: 20px; padding: 0px; font-size: 18px; line-height: 34px; color: rgb(51, 51, 51); font-family: &quot;Microsoft Yahei&quot;, &quot;Helvetica Neue&quot;, Helvetica, &quot;Hiragino Sans GB&quot;, &quot;WenQuanYi Micro Hei&quot;, sans-serif;\">　　还记得去年iPhone X发布后，三星专门拍摄的那个嘲讽刘海儿屏的广告吗？也许，今年三星的嘲讽对象会变得更多起来。尽管三星S9相较前代没有太大的变化，但就像前两天发布会上三星发言人所说的那样——“至少这款手机没有别扭的‘齐刘海’。”</p><p style=\"margin-top: 20px; margin-bottom: 20px; padding: 0px; font-size: 18px; line-height: 34px; color: rgb(51, 51, 51); font-family: &quot;Microsoft Yahei&quot;, &quot;Helvetica Neue&quot;, Helvetica, &quot;Hiragino Sans GB&quot;, &quot;WenQuanYi Micro Hei&quot;, sans-serif;\">　　智能手机市场打脸早已经不是什么稀罕事，不过像今年这样大规模集体打脸确实不常见。</p><p style=\"margin-top: 20px; margin-bottom: 20px; padding: 0px; font-size: 18px; line-height: 34px; color: rgb(51, 51, 51); font-family: &quot;Microsoft Yahei&quot;, &quot;Helvetica Neue&quot;, Helvetica, &quot;Hiragino Sans GB&quot;, &quot;WenQuanYi Micro Hei&quot;, sans-serif;\">　　作为智能手机届无可争议的霸主，苹果一直都是市场最好的风向标。对于很多厂商而言，当不知道在设计上该如何寻求突破时，多像iPhone一点儿总不会错。同时，iPhone也是不少手机厂商在发布会上被拿出来对比的机型（往往都是狠狠吊打）。</p><p style=\"margin-top: 20px; margin-bottom: 20px; padding: 0px; font-size: 18px; line-height: 34px; color: rgb(51, 51, 51); font-family: &quot;Microsoft Yahei&quot;, &quot;Helvetica Neue&quot;, Helvetica, &quot;Hiragino Sans GB&quot;, &quot;WenQuanYi Micro Hei&quot;, sans-serif;\">　　去年iPhone X的刘海儿屏，曾是无数手机企业嘲讽的对象。但是，友商们往往都是嘴上说着不要，身体却很诚实。几个月前，大家都还在吐槽刘海儿屏的丑陋，如今却纷纷开始拼“发型”了。</p><p align=\"center\" style=\"margin-top: 20px; margin-bottom: 20px; padding: 0px; font-size: 18px; line-height: 34px; color: rgb(51, 51, 51); font-family: &quot;Microsoft Yahei&quot;, &quot;Helvetica Neue&quot;, Helvetica, &quot;Hiragino Sans GB&quot;, &quot;WenQuanYi Micro Hei&quot;, sans-serif;\">　　<img src=\"http://crawl.nosdn.127.net/dfcfcf7aa2adf986b06a51a63689fcf5.jpeg\" style=\"border-width: 0px; border-style: initial; border-color: initial; vertical-align: baseline; margin: 20px 0px;\"/><br/></p><p style=\"margin-top: 20px; margin-bottom: 20px; padding: 0px; font-size: 18px; line-height: 34px; color: rgb(51, 51, 51); font-family: &quot;Microsoft Yahei&quot;, &quot;Helvetica Neue&quot;, Helvetica, &quot;Hiragino Sans GB&quot;, &quot;WenQuanYi Micro Hei&quot;, sans-serif;\">　　近日，某媒体同行就发布了一则数据，据不完全统计，<strong style=\"font-weight: bold;\">目前除了iPhone X之外，已经有超过20家手机厂商将会采用“刘海儿屏”的设计，这其中不乏一些我们所熟知的大品牌。</strong>可以预见，接下来的几个月各手机品牌在自家新机发布会上的一个重要对比指标，将会从去年谁家的屏占比更大——变成谁的“刘海儿”更短。</p><p style=\"margin-top: 20px; margin-bottom: 20px; padding: 0px; font-size: 18px; line-height: 34px; color: rgb(51, 51, 51); font-family: &quot;Microsoft Yahei&quot;, &quot;Helvetica Neue&quot;, Helvetica, &quot;Hiragino Sans GB&quot;, &quot;WenQuanYi Micro Hei&quot;, sans-serif;\">　　跟风不是一件好玩儿的事情，看到这些已经发售，或者即将发售的“刘海儿屏”新机，总会有一种让人觉得智能手机市场偶染微恙的状态。</p><p style=\"margin-top: 20px; margin-bottom: 20px; padding: 0px; font-size: 18px; line-height: 34px; color: rgb(51, 51, 51); font-family: &quot;Microsoft Yahei&quot;, &quot;Helvetica Neue&quot;, Helvetica, &quot;Hiragino Sans GB&quot;, &quot;WenQuanYi Micro Hei&quot;, sans-serif;\">　　<strong style=\"font-weight: bold;\">苹果激进，友商跟随</strong></p><p style=\"margin-top: 20px; margin-bottom: 20px; padding: 0px; font-size: 18px; line-height: 34px; color: rgb(51, 51, 51); font-family: &quot;Microsoft Yahei&quot;, &quot;Helvetica Neue&quot;, Helvetica, &quot;Hiragino Sans GB&quot;, &quot;WenQuanYi Micro Hei&quot;, sans-serif;\">　　全面屏受宠，如今更多用户都更喜欢屏占比高的手机产品。iPhone为了跟随全面屏的步伐，不得不把过去沿用多年的ID设计进行更换，如果只是简单的使用18:9屏幕和收窄边框，显然很不苹果！于是，就有了刘海儿屏的出现。</p><p style=\"margin-top: 20px; margin-bottom: 20px; padding: 0px; font-size: 18px; line-height: 34px; color: rgb(51, 51, 51); font-family: &quot;Microsoft Yahei&quot;, &quot;Helvetica Neue&quot;, Helvetica, &quot;Hiragino Sans GB&quot;, &quot;WenQuanYi Micro Hei&quot;, sans-serif;\">　　不论iPhone X的“刘海儿”是否好看，它确实赚足了眼球，也足够特殊。这几个月来，尽管iPhone X的销量并没有达到苹果的预期，但这并不影响友商对其设计的跟进。</p><p style=\"margin-top: 20px; margin-bottom: 20px; padding: 0px; font-size: 18px; line-height: 34px; color: rgb(51, 51, 51); font-family: &quot;Microsoft Yahei&quot;, &quot;Helvetica Neue&quot;, Helvetica, &quot;Hiragino Sans GB&quot;, &quot;WenQuanYi Micro Hei&quot;, sans-serif;\">　　随着智能手机行业进入下半场，安卓阵营手机厂商的同质化已经到了非常严重的程度（看到此次统计的“刘海屏”机型，不禁让人想起此前几乎所有手机厂商背面全是HTC的时代）。于是，差异化也就成了各手机品牌的必要因素。</p><p align=\"center\" style=\"margin-top: 20px; margin-bottom: 20px; padding: 0px; font-size: 18px; line-height: 34px; color: rgb(51, 51, 51); font-family: &quot;Microsoft Yahei&quot;, &quot;Helvetica Neue&quot;, Helvetica, &quot;Hiragino Sans GB&quot;, &quot;WenQuanYi Micro Hei&quot;, sans-serif;\">　　<img src=\"http://crawl.nosdn.127.net/fe9256d893f4cc2f15d6f6c4370998e4.jpeg\" style=\"border-width: 0px; border-style: initial; border-color: initial; vertical-align: baseline; margin: 20px 0px;\"/><br/></p><p style=\"margin-top: 20px; margin-bottom: 20px; padding: 0px; font-size: 18px; line-height: 34px; color: rgb(51, 51, 51); font-family: &quot;Microsoft Yahei&quot;, &quot;Helvetica Neue&quot;, Helvetica, &quot;Hiragino Sans GB&quot;, &quot;WenQuanYi Micro Hei&quot;, sans-serif;\">　　但是，差异化是有风险的。每一次差异化的尝试都是在赌博，赌自己押宝的设计能否被大众市场所接受。比如说三星的曲面屏设计、小米MIX的全面屏设计，都曾成功的引领了整个市场的潮流，也将品牌的行业地位提升到了一个新高度。</p><p style=\"margin-top: 20px; margin-bottom: 20px; padding: 0px; font-size: 18px; line-height: 34px; color: rgb(51, 51, 51); font-family: &quot;Microsoft Yahei&quot;, &quot;Helvetica Neue&quot;, Helvetica, &quot;Hiragino Sans GB&quot;, &quot;WenQuanYi Micro Hei&quot;, sans-serif;\">　　不过，相比上述成功的案例，MOTO的模块化、魅族Pro 7的画屏、ivvi的裸眼3D等似乎差强人意，一系列的差异化探索最终没有产生应有的结果。</p><p style=\"margin-top: 20px; margin-bottom: 20px; padding: 0px; font-size: 18px; line-height: 34px; color: rgb(51, 51, 51); font-family: &quot;Microsoft Yahei&quot;, &quot;Helvetica Neue&quot;, Helvetica, &quot;Hiragino Sans GB&quot;, &quot;WenQuanYi Micro Hei&quot;, sans-serif;\">　　所以，iPhone的每一步举措自然成为大众市场最好的导向标。特别是在今年刘海儿屏很可能成为整个智能手机市场主流的趋势下，不能出众就只能从众。就像华硕全球营销主管Marcel Campos在其采用“刘海屏”的ZenPhone 5发布时所说：“有些人会说这是抄袭苹果，但我们无法脱离用户的需求，你必须遵循这些趋势。”</p><p style=\"margin-top: 20px; margin-bottom: 20px; padding: 0px; font-size: 18px; line-height: 34px; color: rgb(51, 51, 51); font-family: &quot;Microsoft Yahei&quot;, &quot;Helvetica Neue&quot;, Helvetica, &quot;Hiragino Sans GB&quot;, &quot;WenQuanYi Micro Hei&quot;, sans-serif;\">　　当然，“刘海屏”成为浪潮也不能完全怪罪手机厂商，毕竟现阶段绝大多数手机厂商还是要看上游供应链的走势。此前业内一直盛传只有价格相对高昂的OLED屏幕才能实现“刘海屏”，不过此次华硕Zenfone 5的出现却证明，LCD屏幕同样可以实现标准的“刘海儿”，这也为后面跟进的厂商进一步扫除了心理阻碍。</p><p style=\"margin-top: 20px; margin-bottom: 20px; padding: 0px; font-size: 18px; line-height: 34px; color: rgb(51, 51, 51); font-family: &quot;Microsoft Yahei&quot;, &quot;Helvetica Neue&quot;, Helvetica, &quot;Hiragino Sans GB&quot;, &quot;WenQuanYi Micro Hei&quot;, sans-serif;\">　　在整个供应链都更倾向于刘海儿屏时，想要保证自己的产能充足，也就只能跟随大方向了。</p><p style=\"margin-top: 20px; margin-bottom: 20px; padding: 0px; font-size: 18px; line-height: 34px; color: rgb(51, 51, 51); font-family: &quot;Microsoft Yahei&quot;, &quot;Helvetica Neue&quot;, Helvetica, &quot;Hiragino Sans GB&quot;, &quot;WenQuanYi Micro Hei&quot;, sans-serif;\">　　<strong style=\"font-weight: bold;\">安卓厂商们的“刘海儿”有多大胜算？</strong></p><p style=\"margin-top: 20px; margin-bottom: 20px; padding: 0px; font-size: 18px; line-height: 34px; color: rgb(51, 51, 51); font-family: &quot;Microsoft Yahei&quot;, &quot;Helvetica Neue&quot;, Helvetica, &quot;Hiragino Sans GB&quot;, &quot;WenQuanYi Micro Hei&quot;, sans-serif;\">　　目前来看，“刘海儿屏”的趋势已经不可逆转，因此我们不妨关心一下安卓厂商们能不能用好这款发型。</p><p style=\"margin-top: 20px; margin-bottom: 20px; padding: 0px; font-size: 18px; line-height: 34px; color: rgb(51, 51, 51); font-family: &quot;Microsoft Yahei&quot;, &quot;Helvetica Neue&quot;, Helvetica, &quot;Hiragino Sans GB&quot;, &quot;WenQuanYi Micro Hei&quot;, sans-serif;\">　　首先，可以发现目前那些使用了刘海儿屏的安卓手机厂商都还保留了较宽的下巴，这可能会让很多用户难以接受，用了刘海屏为什么还要有这么宽的下巴？</p><p style=\"margin-top: 20px; margin-bottom: 20px; padding: 0px; font-size: 18px; line-height: 34px; color: rgb(51, 51, 51); font-family: &quot;Microsoft Yahei&quot;, &quot;Helvetica Neue&quot;, Helvetica, &quot;Hiragino Sans GB&quot;, &quot;WenQuanYi Micro Hei&quot;, sans-serif;\">　　这其中的原因还是出于成本的考虑。目前绝大多数安卓手机厂商在品牌溢价方面远远没有达到iPhone那个级别，所以在成本方面会进行严格把控。</p><p align=\"center\" style=\"margin-top: 20px; margin-bottom: 20px; padding: 0px; font-size: 18px; line-height: 34px; color: rgb(51, 51, 51); font-family: &quot;Microsoft Yahei&quot;, &quot;Helvetica Neue&quot;, Helvetica, &quot;Hiragino Sans GB&quot;, &quot;WenQuanYi Micro Hei&quot;, sans-serif;\">　　<img src=\"http://crawl.nosdn.127.net/a3bdd16aa4f63d4421ba933e2f595381.png\" style=\"border-width: 0px; border-style: initial; border-color: initial; vertical-align: baseline; margin: 20px 0px;\"/><br/></p><p style=\"margin-top: 20px; margin-bottom: 20px; padding: 0px; font-size: 18px; line-height: 34px; color: rgb(51, 51, 51); font-family: &quot;Microsoft Yahei&quot;, &quot;Helvetica Neue&quot;, Helvetica, &quot;Hiragino Sans GB&quot;, &quot;WenQuanYi Micro Hei&quot;, sans-serif;\">　　（图片来自：爱板网）</p><p style=\"margin-top: 20px; margin-bottom: 20px; padding: 0px; font-size: 18px; line-height: 34px; color: rgb(51, 51, 51); font-family: &quot;Microsoft Yahei&quot;, &quot;Helvetica Neue&quot;, Helvetica, &quot;Hiragino Sans GB&quot;, &quot;WenQuanYi Micro Hei&quot;, sans-serif;\">　　目前全球手机屏幕的封装技术可以大致分为三类：COG、COF和COP。其中COG的成本最低，如去年发布的红米5等低端全面屏产品，就是采用的这一技术。由于COG封装是把屏幕上的驱动芯片直接从屏幕延伸下来，放在手机下巴内部，这也导致了手机的下巴会过于宽大。</p><p style=\"margin-top: 20px; margin-bottom: 20px; padding: 0px; font-size: 18px; line-height: 34px; color: rgb(51, 51, 51); font-family: &quot;Microsoft Yahei&quot;, &quot;Helvetica Neue&quot;, Helvetica, &quot;Hiragino Sans GB&quot;, &quot;WenQuanYi Micro Hei&quot;, sans-serif;\">　　COF封装技术是把玻璃背板上的芯片放置在屏幕排线上，可直接翻转到屏幕底部，从而大大减少手机底部空间。这就是魅蓝李楠说的“真·全面屏”。例如，三星的S8、S9系列以及小米MIX 2就是采用这一技术。不过，这一技术由于使用了柔性屏幕，所以会大大提高手机的成本。</p><p style=\"margin-top: 20px; margin-bottom: 20px; padding: 0px; font-size: 18px; line-height: 34px; color: rgb(51, 51, 51); font-family: &quot;Microsoft Yahei&quot;, &quot;Helvetica Neue&quot;, Helvetica, &quot;Hiragino Sans GB&quot;, &quot;WenQuanYi Micro Hei&quot;, sans-serif;\">　　而iPhone X使用的则是更高级的COP封装工艺。这是将驱动元件折叠全部塞到了屏幕下方，从而相较COF封装更进一步减少了下巴的空间。但是目前这样的技术由于成本过高和良品率问题，只有iPhone一家在使用，连技术提供商三星自家，目前都没有采用这一技术。</p><p style=\"margin-top: 20px; margin-bottom: 20px; padding: 0px; font-size: 18px; line-height: 34px; color: rgb(51, 51, 51); font-family: &quot;Microsoft Yahei&quot;, &quot;Helvetica Neue&quot;, Helvetica, &quot;Hiragino Sans GB&quot;, &quot;WenQuanYi Micro Hei&quot;, sans-serif;\">　　所以，由于成本的限制，目前绝大多数安卓手机厂商仍会采用便宜的COG封装技术，这也不可避免地出现上面有了刘海儿，下面的宽下巴依然健在。</p><p style=\"margin-top: 20px; margin-bottom: 20px; padding: 0px; font-size: 18px; line-height: 34px; color: rgb(51, 51, 51); font-family: &quot;Microsoft Yahei&quot;, &quot;Helvetica Neue&quot;, Helvetica, &quot;Hiragino Sans GB&quot;, &quot;WenQuanYi Micro Hei&quot;, sans-serif;\">　　另外，就是软件生态层面的适配问题。</p><p style=\"margin-top: 20px; margin-bottom: 20px; padding: 0px; font-size: 18px; line-height: 34px; color: rgb(51, 51, 51); font-family: &quot;Microsoft Yahei&quot;, &quot;Helvetica Neue&quot;, Helvetica, &quot;Hiragino Sans GB&quot;, &quot;WenQuanYi Micro Hei&quot;, sans-serif;\">　　iPhone X发布至今已经有半年时间，但外界看到的情况是，即便强如苹果这样在iOS软件生态拥有绝对话语权的巨头，仍有不少应用至今没有适配刘海儿屏。</p><p style=\"margin-top: 20px; margin-bottom: 20px; padding: 0px; font-size: 18px; line-height: 34px; color: rgb(51, 51, 51); font-family: &quot;Microsoft Yahei&quot;, &quot;Helvetica Neue&quot;, Helvetica, &quot;Hiragino Sans GB&quot;, &quot;WenQuanYi Micro Hei&quot;, sans-serif;\">　　关于18:9的屏幕，即便APP不支持，厂商们也可以通过强制拉伸的方式，使其完成“适配”（虽然效果很不好）。不过，这样粗暴的方式用在刘海屏上并不适用。前不久，我们在MWC2018上看到的很多采用刘海儿屏的展示机，就没有很好适配这一形态，从而导致了很多本该正常显示的APP界面被遮挡，大大影响了适用体验。</p><p style=\"margin-top: 20px; margin-bottom: 20px; padding: 0px; font-size: 18px; line-height: 34px; color: rgb(51, 51, 51); font-family: &quot;Microsoft Yahei&quot;, &quot;Helvetica Neue&quot;, Helvetica, &quot;Hiragino Sans GB&quot;, &quot;WenQuanYi Micro Hei&quot;, sans-serif;\">　　其实，从原生安卓的生态来看，在目前尚未普及的Android 8.0上，谷歌方面并没有在系统底层支持刘海儿屏的设计。其采用的方式，是在下一代Android 9.0（即Android P）上适配类似iPhone X的顶部刘海儿设计。</p><p align=\"center\" style=\"margin-top: 20px; margin-bottom: 20px; padding: 0px; font-size: 18px; line-height: 34px; color: rgb(51, 51, 51); font-family: &quot;Microsoft Yahei&quot;, &quot;Helvetica Neue&quot;, Helvetica, &quot;Hiragino Sans GB&quot;, &quot;WenQuanYi Micro Hei&quot;, sans-serif;\">　　<img src=\"http://crawl.nosdn.127.net/07d11207762ea07e807d944216e2bcbd.png\" style=\"border-width: 0px; border-style: initial; border-color: initial; vertical-align: baseline; margin: 20px 0px;\"/><br/></p><p style=\"margin-top: 20px; margin-bottom: 20px; padding: 0px; font-size: 18px; line-height: 34px; color: rgb(51, 51, 51); font-family: &quot;Microsoft Yahei&quot;, &quot;Helvetica Neue&quot;, Helvetica, &quot;Hiragino Sans GB&quot;, &quot;WenQuanYi Micro Hei&quot;, sans-serif;\">　　而目前市面上绝大多数在使用的手机系统，多是停留在Android 7.0这一代，接下来发布的一众刘海儿屏新机如果不出意外，也只会搭载Android 8.0的系统。如此一来，即便各厂家会对自身UI进行一定优化，但是在整个系统底层并不支持的前提下，还是会让人们对其软件生态适配产生不小的担心。</p><p style=\"margin-top: 20px; margin-bottom: 20px; padding: 0px; font-size: 18px; line-height: 34px; color: rgb(51, 51, 51); font-family: &quot;Microsoft Yahei&quot;, &quot;Helvetica Neue&quot;, Helvetica, &quot;Hiragino Sans GB&quot;, &quot;WenQuanYi Micro Hei&quot;, sans-serif;\">　　话说回来，“全面刘海屏”风潮还是暴露出了一个问题，虽然这几年智能手机市场在不断进步，但真正能通过技术创新带动行业发展的品牌，仍是少数一两家。绝大部分厂商仍将出于成本、利润以及产能等因素的考虑，选择性地放弃一部分设计，甚至全面委托给ODM厂商。</p><p style=\"margin-top: 20px; margin-bottom: 20px; padding: 0px; font-size: 18px; line-height: 34px; color: rgb(51, 51, 51); font-family: &quot;Microsoft Yahei&quot;, &quot;Helvetica Neue&quot;, Helvetica, &quot;Hiragino Sans GB&quot;, &quot;WenQuanYi Micro Hei&quot;, sans-serif;\">　　这一点，是厂家的无奈，也是用户的悲哀。</p><p style=\"margin-top: 20px; margin-bottom: 20px; padding: 0px; font-size: 18px; line-height: 34px; color: rgb(51, 51, 51); font-family: &quot;Microsoft Yahei&quot;, &quot;Helvetica Neue&quot;, Helvetica, &quot;Hiragino Sans GB&quot;, &quot;WenQuanYi Micro Hei&quot;, sans-serif;\">　　追风总不会出大错，至少出错的概率比创新小，这种现状可能还会在智能手机行业继续下去。而偶尔跳出俗套的设计，一旦获得用户的认可，就将成为一个品牌短期内攀升甚至左右市场名次的决定因素。只是不知，这一跳会是在哪一家手机厂商身上出现。（本文首发钛媒体，作者/懂懂笔记）</p><p><br/></p>');
INSERT INTO `bbs_post` (`tid`, `pid`, `uid`, `isfirst`, `create_date`, `userip`, `images`, `files`, `doctype`, `quotepid`, `message`, `message_fmt`) VALUES
(45, 45, 1, 1, 1520841520, 795357716, 1, 0, 0, 0, '<p><br/></p><p style=\"margin-top: 20px; margin-bottom: 20px; padding: 0px; font-size: 18px; line-height: 34px; color: rgb(51, 51, 51); font-family: &quot;Microsoft Yahei&quot;, &quot;Helvetica Neue&quot;, Helvetica, &quot;Hiragino Sans GB&quot;, &quot;WenQuanYi Micro Hei&quot;, sans-serif;\">在年初接受 FastCompany采访时，苹果 CEO 蒂姆·库克（Tim Cook）对这一点直言不讳。我们不会忘记第一次见到 iPod 时眼中放出的光，即使放到现在 iPod shuffle 小而美的设计也并不落伍；我们也不会忘记指尖初次在转轮上滑动选曲时的流畅，配合 iPod Classic 的大容量，仿佛喜爱的歌单长到没有尽头。</p><p style=\"margin-top: 20px; margin-bottom: 20px; padding: 0px; font-size: 18px; line-height: 34px; color: rgb(51, 51, 51); font-family: &quot;Microsoft Yahei&quot;, &quot;Helvetica Neue&quot;, Helvetica, &quot;Hiragino Sans GB&quot;, &quot;WenQuanYi Micro Hei&quot;, sans-serif;\">　　<img src=\"http://dingyue.nosdn.127.net/GIsvHZlcCHTenyZos9bk8038paa8LLLiclw5BuylO83341520837750472compressflag.jpg\" style=\"border-width: 0px; border-style: initial; border-color: initial; vertical-align: baseline; margin: 20px 0px;\"/></p><p style=\"margin-top: 20px; margin-bottom: 20px; padding: 0px; font-size: 18px; line-height: 34px; color: rgb(51, 51, 51); font-family: &quot;Microsoft Yahei&quot;, &quot;Helvetica Neue&quot;, Helvetica, &quot;Hiragino Sans GB&quot;, &quot;WenQuanYi Micro Hei&quot;, sans-serif;\">　　（图片来源：History of iPod）</p><p style=\"margin-top: 20px; margin-bottom: 20px; padding: 0px; font-size: 18px; line-height: 34px; color: rgb(51, 51, 51); font-family: &quot;Microsoft Yahei&quot;, &quot;Helvetica Neue&quot;, Helvetica, &quot;Hiragino Sans GB&quot;, &quot;WenQuanYi Micro Hei&quot;, sans-serif;\">　　对于不少忠实的 iPhone 乃至苹果生态用户来说，iPod 大概率是他们的第一部苹果移动设备。哪怕现在的苹果 iPhone 一枝独秀风头占尽，音乐依然是一个未被忽视的方向。</p><p style=\"margin-top: 20px; margin-bottom: 20px; padding: 0px; font-size: 18px; line-height: 34px; color: rgb(51, 51, 51); font-family: &quot;Microsoft Yahei&quot;, &quot;Helvetica Neue&quot;, Helvetica, &quot;Hiragino Sans GB&quot;, &quot;WenQuanYi Micro Hei&quot;, sans-serif;\">　　在 2001 年第一代iPod问世，苹果就已经走上了改善用户音乐服务体验的旅程，我们说 iPod 改变了人们听音乐的方式，不仅因为 iPod 是个存储数字音乐的优秀便携式载体，更重要的是苹果借助 iTunes 解决了当时音乐数字化版权以及商业化问题，这是苹果“iPod+iTunes”的组合模式及协同效应下的成功。</p><p style=\"margin-top: 20px; margin-bottom: 20px; padding: 0px; font-size: 18px; line-height: 34px; color: rgb(51, 51, 51); font-family: &quot;Microsoft Yahei&quot;, &quot;Helvetica Neue&quot;, Helvetica, &quot;Hiragino Sans GB&quot;, &quot;WenQuanYi Micro Hei&quot;, sans-serif;\">　　到了智能手机时代，单一功能 iPod 开始逐渐被更全面的 iPhone 所取代，其销量从 2009 年起开始连年下滑，产品线也开始逐渐萎缩。2014 年，苹果首先停产了不少音乐爱好者眼中的“神器” iPod Classic；到 2017 年，苹果再度停产了 iPod shuffle 和 iPod nano 两款播放器设备。至此，iPod 全系列中硕果仅存的是更像 iPhone 的 iPod touch，但显然它已经不能看作是一款纯粹的音乐播放器了。</p><p style=\"margin-top: 20px; margin-bottom: 20px; padding: 0px; font-size: 18px; line-height: 34px; color: rgb(51, 51, 51); font-family: &quot;Microsoft Yahei&quot;, &quot;Helvetica Neue&quot;, Helvetica, &quot;Hiragino Sans GB&quot;, &quot;WenQuanYi Micro Hei&quot;, sans-serif;\">　　<img src=\"http://dingyue.nosdn.127.net/ICnzIE611NemMSesnfUlQSLjx6LaonkG2QMBY2ZowUsOO1520837750474compressflag.png\" style=\"border-width: 0px; border-style: initial; border-color: initial; vertical-align: baseline; margin: 20px 0px;\"/></p><p style=\"margin-top: 20px; margin-bottom: 20px; padding: 0px; font-size: 18px; line-height: 34px; color: rgb(51, 51, 51); font-family: &quot;Microsoft Yahei&quot;, &quot;Helvetica Neue&quot;, Helvetica, &quot;Hiragino Sans GB&quot;, &quot;WenQuanYi Micro Hei&quot;, sans-serif;\">　　伴随着 iPod 一起渐渐淡出公众视野的，还有 iTunes 这个最初提供数字音乐播放、下载和管理的平台，在过去很长一段时间里，iTunes 在国内都有些水土不服，新老用户都或多或少地打心底里发出过“iTunes 为什么这么难用”的呐喊。</p><p style=\"margin-top: 20px; margin-bottom: 20px; padding: 0px; font-size: 18px; line-height: 34px; color: rgb(51, 51, 51); font-family: &quot;Microsoft Yahei&quot;, &quot;Helvetica Neue&quot;, Helvetica, &quot;Hiragino Sans GB&quot;, &quot;WenQuanYi Micro Hei&quot;, sans-serif;\">　　但从根本上动摇 iTunes 十多年的统治地位，则是 Spotify 等一众音乐流媒体服务带来的大环境变化。对比一番，我们便会发现 iTunes 的模式已经不仅是有点儿繁琐，还渐渐露出了落伍的疲态，如果苹果想要继续把控自己在音乐行业的话语权，就需要革新自己的商业模式。</p><p style=\"margin-top: 20px; margin-bottom: 20px; padding: 0px; font-size: 18px; line-height: 34px; color: rgb(51, 51, 51); font-family: &quot;Microsoft Yahei&quot;, &quot;Helvetica Neue&quot;, Helvetica, &quot;Hiragino Sans GB&quot;, &quot;WenQuanYi Micro Hei&quot;, sans-serif;\">　　<img src=\"http://dingyue.nosdn.127.net/lAgRl1qaOdxL2hBM8dzssS0zhA5a8OE=fX64fHvORkRGq1520837750475compressflag.jpg\" style=\"border-width: 0px; border-style: initial; border-color: initial; vertical-align: baseline; margin: 20px 0px;\"/></p><p style=\"margin-top: 20px; margin-bottom: 20px; padding: 0px; font-size: 18px; line-height: 34px; color: rgb(51, 51, 51); font-family: &quot;Microsoft Yahei&quot;, &quot;Helvetica Neue&quot;, Helvetica, &quot;Hiragino Sans GB&quot;, &quot;WenQuanYi Micro Hei&quot;, sans-serif;\">　　2014 年，苹果收购了 Beats，这被视为是苹果音乐服务开始转型的风向标。从那时起，苹果开始花更大的力气来推广自家的流媒体服务 Apple Music。如今，Apple Music 在全球范围内的付费订阅用户数量已经达到了 3600 万，虽然和领先者 Spotify 还有一定的距离，但已经展示出惊人的增速。所以不难预料，苹果未来逐步停止对 iTunes 音乐服务支持几乎是板上钉钉的事，这个趋势也已经从近期的媒体报道中获得印证。</p><p style=\"margin-top: 20px; margin-bottom: 20px; padding: 0px; font-size: 18px; line-height: 34px; color: rgb(51, 51, 51); font-family: &quot;Microsoft Yahei&quot;, &quot;Helvetica Neue&quot;, Helvetica, &quot;Hiragino Sans GB&quot;, &quot;WenQuanYi Micro Hei&quot;, sans-serif;\">　　我们之所以认为 Apple Music 的前景更乐观，是因为支持这个音乐平台发展的已远不止于 iPhone。可穿戴设备概念正当红时，Apple Watch 后来居上；耳机开始一轮“去线缆化”洗礼时，AirPods 和 Beats 系列都表现不俗；如今家庭语音助手类音箱百家争鸣，苹果又拿出了主打音质的 HomePod。</p><p style=\"margin-top: 20px; margin-bottom: 20px; padding: 0px; font-size: 18px; line-height: 34px; color: rgb(51, 51, 51); font-family: &quot;Microsoft Yahei&quot;, &quot;Helvetica Neue&quot;, Helvetica, &quot;Hiragino Sans GB&quot;, &quot;WenQuanYi Micro Hei&quot;, sans-serif;\">　　虽然这些都是不同品类的产品，但如果要说它们背后有什么共性，潜藏在背后的音乐服务，一定是贯穿其中最重要的一点。</p><p style=\"margin-top: 20px; margin-bottom: 20px; padding: 0px; font-size: 18px; line-height: 34px; color: rgb(51, 51, 51); font-family: &quot;Microsoft Yahei&quot;, &quot;Helvetica Neue&quot;, Helvetica, &quot;Hiragino Sans GB&quot;, &quot;WenQuanYi Micro Hei&quot;, sans-serif;\">　　<img src=\"http://dingyue.nosdn.127.net/78JBpItLlgc9TGDEr3pgwCVp889T6b6Zd1vWAWEZ84BmD1520837750475.gif\" style=\"border-width: 0px; border-style: initial; border-color: initial; vertical-align: baseline; margin: 20px 0px;\"/></p><p style=\"margin-top: 20px; margin-bottom: 20px; padding: 0px; font-size: 18px; line-height: 34px; color: rgb(51, 51, 51); font-family: &quot;Microsoft Yahei&quot;, &quot;Helvetica Neue&quot;, Helvetica, &quot;Hiragino Sans GB&quot;, &quot;WenQuanYi Micro Hei&quot;, sans-serif;\">　　来自 Above Avalon 的分析师 Neil Cybart 最近提出了一个论点，它认为 AirPods 和 HomePod 是苹果在 Apple Music 环境下，试图“掌控用户声音”所做出的最新举措：前者面向的是户外移动生活领域，而后者则是针对室内家庭生活领域。</p><p style=\"margin-top: 20px; margin-bottom: 20px; padding: 0px; font-size: 18px; line-height: 34px; color: rgb(51, 51, 51); font-family: &quot;Microsoft Yahei&quot;, &quot;Helvetica Neue&quot;, Helvetica, &quot;Hiragino Sans GB&quot;, &quot;WenQuanYi Micro Hei&quot;, sans-serif;\">　　当然，如果不只考虑空间布局，这里的“掌控用户声音”理应包含两方面：一方面是声音的输入层面，即当下热门的智能语音交互；而另一方面则是声音的输出层面，即听音乐本身。</p><p style=\"margin-top: 20px; margin-bottom: 20px; padding: 0px; font-size: 18px; line-height: 34px; color: rgb(51, 51, 51); font-family: &quot;Microsoft Yahei&quot;, &quot;Helvetica Neue&quot;, Helvetica, &quot;Hiragino Sans GB&quot;, &quot;WenQuanYi Micro Hei&quot;, sans-serif;\">　　恰好，AirPods 和 HomePod 都具备这两方面的特性，尤其是在听音乐这点上，做得都要比同类产品更好一点。</p><p style=\"margin-top: 20px; margin-bottom: 20px; padding: 0px; font-size: 18px; line-height: 34px; color: rgb(51, 51, 51); font-family: &quot;Microsoft Yahei&quot;, &quot;Helvetica Neue&quot;, Helvetica, &quot;Hiragino Sans GB&quot;, &quot;WenQuanYi Micro Hei&quot;, sans-serif;\">　　<img src=\"http://dingyue.nosdn.127.net/0UVhx6wb8Ba1t0O1yC1xqWX5mo6=nAnNO7xQqNCTlv6UW1520837750476compressflag.jpg\" style=\"border-width: 0px; border-style: initial; border-color: initial; vertical-align: baseline; margin: 20px 0px;\"/></p><p style=\"margin-top: 20px; margin-bottom: 20px; padding: 0px; font-size: 18px; line-height: 34px; color: rgb(51, 51, 51); font-family: &quot;Microsoft Yahei&quot;, &quot;Helvetica Neue&quot;, Helvetica, &quot;Hiragino Sans GB&quot;, &quot;WenQuanYi Micro Hei&quot;, sans-serif;\">　　（图片来源：Macworld）</p><p style=\"margin-top: 20px; margin-bottom: 20px; padding: 0px; font-size: 18px; line-height: 34px; color: rgb(51, 51, 51); font-family: &quot;Microsoft Yahei&quot;, &quot;Helvetica Neue&quot;, Helvetica, &quot;Hiragino Sans GB&quot;, &quot;WenQuanYi Micro Hei&quot;, sans-serif;\">　　以 AirPods 为例，虽然在刚推出时由于其别扭的外观和稀少的供货而受到不少质疑，但几乎每一个使用过这款产品的用户都会对其无线化设计、便捷的配对流程、稳定的连接表现留下深刻的印象：掀开盖子，自动连接，拿出来塞进耳朵，点一下音乐，播放，行云流水，一气呵成。</p><p style=\"margin-top: 20px; margin-bottom: 20px; padding: 0px; font-size: 18px; line-height: 34px; color: rgb(51, 51, 51); font-family: &quot;Microsoft Yahei&quot;, &quot;Helvetica Neue&quot;, Helvetica, &quot;Hiragino Sans GB&quot;, &quot;WenQuanYi Micro Hei&quot;, sans-serif;\">　　不过 Siri 对中文的自然语义支持仍然还无法让人叫好，具体在音乐喜好这点上，比如你说“播放我喜欢的歌”或者“播放我最爱的歌”，Siri 可能会穷尽毕生功力在浩瀚曲库中找到一首名为《你最喜欢的歌》或者《你最爱的歌》出来给你；不过要是你很随意地说“播点儿我喜欢听的”，Siri 反而会随机从“我最爱的”歌曲列表里找一首出来。想要和 Siri 完美沟通，要么学会它的语法，要么摸清它的脾气。</p><p style=\"margin-top: 20px; margin-bottom: 20px; padding: 0px; font-size: 18px; line-height: 34px; color: rgb(51, 51, 51); font-family: &quot;Microsoft Yahei&quot;, &quot;Helvetica Neue&quot;, Helvetica, &quot;Hiragino Sans GB&quot;, &quot;WenQuanYi Micro Hei&quot;, sans-serif;\">　　<img src=\"http://dingyue.nosdn.127.net/oHLl1cv002f1JUK1E6Z76xo=yn2HQGH5O=6I7gBcihS=61520837750476compressflag.png\" style=\"border-width: 0px; border-style: initial; border-color: initial; vertical-align: baseline; margin: 20px 0px;\"/></p><p style=\"margin-top: 20px; margin-bottom: 20px; padding: 0px; font-size: 18px; line-height: 34px; color: rgb(51, 51, 51); font-family: &quot;Microsoft Yahei&quot;, &quot;Helvetica Neue&quot;, Helvetica, &quot;Hiragino Sans GB&quot;, &quot;WenQuanYi Micro Hei&quot;, sans-serif;\">　　但 Siri 并没有影响 AirPods 的火爆销售，作为一款听音乐的耳机配件，AirPods 的表现已经足以让很多人满意。据 Neil Cybart 预估，2017 年苹果卖出了约 1100 万双 AirPods，这和去年年底凯基证券（KGI）分析师郭明錤给出的 1300-1400 万的出货量十分接近。到了今年，AirPods 的出货量或许会达到 2600-2800 万，不仅有可能会推出新品，还会成为仅次于 Apple Watch 的最受欢迎苹果配件产品。</p><p style=\"margin-top: 20px; margin-bottom: 20px; padding: 0px; font-size: 18px; line-height: 34px; color: rgb(51, 51, 51); font-family: &quot;Microsoft Yahei&quot;, &quot;Helvetica Neue&quot;, Helvetica, &quot;Hiragino Sans GB&quot;, &quot;WenQuanYi Micro Hei&quot;, sans-serif;\">　　至于另一款最新上市的产品 HomePod，我们都曾以为它会打着“智能语音音箱”的名号，却发现它和 AirPods 一样，也是主打“听音乐”的设备。</p><p style=\"margin-top: 20px; margin-bottom: 20px; padding: 0px; font-size: 18px; line-height: 34px; color: rgb(51, 51, 51); font-family: &quot;Microsoft Yahei&quot;, &quot;Helvetica Neue&quot;, Helvetica, &quot;Hiragino Sans GB&quot;, &quot;WenQuanYi Micro Hei&quot;, sans-serif;\">　　这并非偶然，归咎于苹果自身的生态封闭性，目前的 Siri 实在没有和 Google Assistant 或是 Amazon Alexa 一较高下的资本，倒是苹果一贯在音乐服务和硬件品质上相对出彩。苹果显然也知道自家的核心粉丝会愿意为哪一部分掏钱，所以在第一代产品选择了这种专注于核心优势的做法。</p><p style=\"margin-top: 20px; margin-bottom: 20px; padding: 0px; font-size: 18px; line-height: 34px; color: rgb(51, 51, 51); font-family: &quot;Microsoft Yahei&quot;, &quot;Helvetica Neue&quot;, Helvetica, &quot;Hiragino Sans GB&quot;, &quot;WenQuanYi Micro Hei&quot;, sans-serif;\">　　这或许就是苹果把“音乐消费”作为 HomePod 最大宣传重点的原因，在最新那部备受好评的《Welcome Home》广告中，我们也能看到音乐元素在其中的比重：</p><p style=\"margin-top: 20px; margin-bottom: 20px; padding: 0px; font-size: 18px; line-height: 34px; color: rgb(51, 51, 51); font-family: &quot;Microsoft Yahei&quot;, &quot;Helvetica Neue&quot;, Helvetica, &quot;Hiragino Sans GB&quot;, &quot;WenQuanYi Micro Hei&quot;, sans-serif;\">　　<img src=\"http://dingyue.nosdn.127.net/EYj7K=pOLrJxkKiEUUxl0udc2c6WaXbTnnAhm0UsPM5rZ1520837750476.gif\" style=\"border-width: 0px; border-style: initial; border-color: initial; vertical-align: baseline; margin: 20px 0px;\"/></p><p style=\"margin-top: 20px; margin-bottom: 20px; padding: 0px; font-size: 18px; line-height: 34px; color: rgb(51, 51, 51); font-family: &quot;Microsoft Yahei&quot;, &quot;Helvetica Neue&quot;, Helvetica, &quot;Hiragino Sans GB&quot;, &quot;WenQuanYi Micro Hei&quot;, sans-serif;\">　　</p><blockquote style=\"padding: 0px; margin-bottom: 0px; font-size: 17.5px; border-left: 5px solid rgb(238, 238, 238); quotes: none; color: rgb(136, 136, 136); font-family: &quot;Microsoft Yahei&quot;, &quot;Helvetica Neue&quot;, Helvetica, &quot;Hiragino Sans GB&quot;, &quot;WenQuanYi Micro Hei&quot;, sans-serif; text-align: center;\"><p style=\"margin-top: 0px; margin-bottom: 0px; padding: 0px;\"></p><p style=\"margin-top: 0px; margin-bottom: 0px; padding: 0px;\">　　工作了一天的白领女主角一身疲倦地回到空无一人的住所，有气无力地对 HomePod 说“放点儿我喜欢听的”，HomePod 温和地响应，并选择了一首 Anderson .Paak 的《Til It’s Over》。起初并没有什么不一样，只是节奏若有若无地在撩拨着心弦，而直至“ Or we can dance in the hallway”一句，女主角终于被音乐所打动，伴随旋律随心所欲地舞动，空间与色彩也在音符的碰撞与舞姿的带动下恣意张扬。白日里工作的烦躁、阴霾的天气与连绵的雨水、地铁上拥挤的人群与电梯里呼吸都困难的幽闭，终于在蜗居的无限延展中一扫而空。</p><p style=\"margin-top: 0px; margin-bottom: 0px; padding: 0px;\">　　</p></blockquote><p style=\"margin-top: 20px; margin-bottom: 20px; padding: 0px; font-size: 18px; line-height: 34px; color: rgb(51, 51, 51); font-family: &quot;Microsoft Yahei&quot;, &quot;Helvetica Neue&quot;, Helvetica, &quot;Hiragino Sans GB&quot;, &quot;WenQuanYi Micro Hei&quot;, sans-serif;\"></p><p style=\"margin-top: 20px; margin-bottom: 20px; padding: 0px; font-size: 18px; line-height: 34px; color: rgb(51, 51, 51); font-family: &quot;Microsoft Yahei&quot;, &quot;Helvetica Neue&quot;, Helvetica, &quot;Hiragino Sans GB&quot;, &quot;WenQuanYi Micro Hei&quot;, sans-serif;\">　　这部作品的动人之处不仅在于这段结合超现实主义空间的精彩舞蹈演绎，更在于它描绘出了或许我们大多数人也正深陷其中的困境，并且给出了答案：</p><p style=\"margin-top: 20px; margin-bottom: 20px; padding: 0px; font-size: 18px; line-height: 34px; color: rgb(51, 51, 51); font-family: &quot;Microsoft Yahei&quot;, &quot;Helvetica Neue&quot;, Helvetica, &quot;Hiragino Sans GB&quot;, &quot;WenQuanYi Micro Hei&quot;, sans-serif;\">　　我们独处的室内空间需要一个转换，而 HomePod，或者说 Apple Music 所提供的独特音乐体验，正是可以开启转换模式的开关。</p><p style=\"margin-top: 20px; margin-bottom: 20px; padding: 0px; font-size: 18px; line-height: 34px; color: rgb(51, 51, 51); font-family: &quot;Microsoft Yahei&quot;, &quot;Helvetica Neue&quot;, Helvetica, &quot;Hiragino Sans GB&quot;, &quot;WenQuanYi Micro Hei&quot;, sans-serif;\">　　<img src=\"http://dingyue.nosdn.127.net/Pz0xmmw8mYHPmAMFmQgL5gJRlPzxxcSuZHO7JZP2luObH1520837750476compressflag.jpg\" style=\"border-width: 0px; border-style: initial; border-color: initial; vertical-align: baseline; margin: 20px 0px;\"/></p><p style=\"margin-top: 20px; margin-bottom: 20px; padding: 0px; font-size: 18px; line-height: 34px; color: rgb(51, 51, 51); font-family: &quot;Microsoft Yahei&quot;, &quot;Helvetica Neue&quot;, Helvetica, &quot;Hiragino Sans GB&quot;, &quot;WenQuanYi Micro Hei&quot;, sans-serif;\">　　苹果的优势在于它强大的硬件组合和大一统的软件生态，每一位生活在苹果生态圈中的用户都可以从口袋里的 iPhone 、腕上的 Apple Watch ，甚至是书房或是办公室的 Mac 和 Siri 有轻松的交互，所以苹果不必将“Hey Siri”的使用场景局限在 HomePod 上。</p><p style=\"margin-top: 20px; margin-bottom: 20px; padding: 0px; font-size: 18px; line-height: 34px; color: rgb(51, 51, 51); font-family: &quot;Microsoft Yahei&quot;, &quot;Helvetica Neue&quot;, Helvetica, &quot;Hiragino Sans GB&quot;, &quot;WenQuanYi Micro Hei&quot;, sans-serif;\">　　但是在智能音箱领域，苹果显然希望告诉自己数千万 Apple Music 订阅用户们，他们的客厅还缺少一款像 HomePod 这样的可以和苹果服务无缝联动，且主打高品质音乐体验的产品。理想状态下，这群用户手中应该还远不止 iPhone 这一款设备。</p><p style=\"margin-top: 20px; margin-bottom: 20px; padding: 0px; font-size: 18px; line-height: 34px; color: rgb(51, 51, 51); font-family: &quot;Microsoft Yahei&quot;, &quot;Helvetica Neue&quot;, Helvetica, &quot;Hiragino Sans GB&quot;, &quot;WenQuanYi Micro Hei&quot;, sans-serif;\">　　最终，无论是最开始的 iPod，还是现在的 AirPods、HomePod，苹果想要宣扬的不止是产品本身的高品质，同时也是在借助优质的音乐服务体验来推动自家设备的销售；无论是参与到音乐流媒体平台的建设，还是推出多种形态的听歌设备，改善用户的音乐体验，已然成为苹果那么多年来，防止自家用户被竞品抢夺的重要手段之一。</p><p style=\"margin-top: 20px; margin-bottom: 20px; padding: 0px; font-size: 18px; line-height: 34px; color: rgb(51, 51, 51); font-family: &quot;Microsoft Yahei&quot;, &quot;Helvetica Neue&quot;, Helvetica, &quot;Hiragino Sans GB&quot;, &quot;WenQuanYi Micro Hei&quot;, sans-serif;\">　　当然如果 Siri 可以更聪明一些，就更好了。</p><p style=\"margin-top: 20px; margin-bottom: 20px; padding: 0px; font-size: 18px; line-height: 34px; color: rgb(51, 51, 51); font-family: &quot;Microsoft Yahei&quot;, &quot;Helvetica Neue&quot;, Helvetica, &quot;Hiragino Sans GB&quot;, &quot;WenQuanYi Micro Hei&quot;, sans-serif;\">　　题图来源：Apple</p><p><br/></p>', '<p><br/></p><p style=\"margin-top: 20px; margin-bottom: 20px; padding: 0px; font-size: 18px; line-height: 34px; color: rgb(51, 51, 51); font-family: &quot;Microsoft Yahei&quot;, &quot;Helvetica Neue&quot;, Helvetica, &quot;Hiragino Sans GB&quot;, &quot;WenQuanYi Micro Hei&quot;, sans-serif;\">在年初接受 FastCompany采访时，苹果 CEO 蒂姆·库克（Tim Cook）对这一点直言不讳。我们不会忘记第一次见到 iPod 时眼中放出的光，即使放到现在 iPod shuffle 小而美的设计也并不落伍；我们也不会忘记指尖初次在转轮上滑动选曲时的流畅，配合 iPod Classic 的大容量，仿佛喜爱的歌单长到没有尽头。</p><p style=\"margin-top: 20px; margin-bottom: 20px; padding: 0px; font-size: 18px; line-height: 34px; color: rgb(51, 51, 51); font-family: &quot;Microsoft Yahei&quot;, &quot;Helvetica Neue&quot;, Helvetica, &quot;Hiragino Sans GB&quot;, &quot;WenQuanYi Micro Hei&quot;, sans-serif;\">　　<img src=\"http://dingyue.nosdn.127.net/GIsvHZlcCHTenyZos9bk8038paa8LLLiclw5BuylO83341520837750472compressflag.jpg\" style=\"border-width: 0px; border-style: initial; border-color: initial; vertical-align: baseline; margin: 20px 0px;\"/></p><p style=\"margin-top: 20px; margin-bottom: 20px; padding: 0px; font-size: 18px; line-height: 34px; color: rgb(51, 51, 51); font-family: &quot;Microsoft Yahei&quot;, &quot;Helvetica Neue&quot;, Helvetica, &quot;Hiragino Sans GB&quot;, &quot;WenQuanYi Micro Hei&quot;, sans-serif;\">　　（图片来源：History of iPod）</p><p style=\"margin-top: 20px; margin-bottom: 20px; padding: 0px; font-size: 18px; line-height: 34px; color: rgb(51, 51, 51); font-family: &quot;Microsoft Yahei&quot;, &quot;Helvetica Neue&quot;, Helvetica, &quot;Hiragino Sans GB&quot;, &quot;WenQuanYi Micro Hei&quot;, sans-serif;\">　　对于不少忠实的 iPhone 乃至苹果生态用户来说，iPod 大概率是他们的第一部苹果移动设备。哪怕现在的苹果 iPhone 一枝独秀风头占尽，音乐依然是一个未被忽视的方向。</p><p style=\"margin-top: 20px; margin-bottom: 20px; padding: 0px; font-size: 18px; line-height: 34px; color: rgb(51, 51, 51); font-family: &quot;Microsoft Yahei&quot;, &quot;Helvetica Neue&quot;, Helvetica, &quot;Hiragino Sans GB&quot;, &quot;WenQuanYi Micro Hei&quot;, sans-serif;\">　　在 2001 年第一代iPod问世，苹果就已经走上了改善用户音乐服务体验的旅程，我们说 iPod 改变了人们听音乐的方式，不仅因为 iPod 是个存储数字音乐的优秀便携式载体，更重要的是苹果借助 iTunes 解决了当时音乐数字化版权以及商业化问题，这是苹果“iPod+iTunes”的组合模式及协同效应下的成功。</p><p style=\"margin-top: 20px; margin-bottom: 20px; padding: 0px; font-size: 18px; line-height: 34px; color: rgb(51, 51, 51); font-family: &quot;Microsoft Yahei&quot;, &quot;Helvetica Neue&quot;, Helvetica, &quot;Hiragino Sans GB&quot;, &quot;WenQuanYi Micro Hei&quot;, sans-serif;\">　　到了智能手机时代，单一功能 iPod 开始逐渐被更全面的 iPhone 所取代，其销量从 2009 年起开始连年下滑，产品线也开始逐渐萎缩。2014 年，苹果首先停产了不少音乐爱好者眼中的“神器” iPod Classic；到 2017 年，苹果再度停产了 iPod shuffle 和 iPod nano 两款播放器设备。至此，iPod 全系列中硕果仅存的是更像 iPhone 的 iPod touch，但显然它已经不能看作是一款纯粹的音乐播放器了。</p><p style=\"margin-top: 20px; margin-bottom: 20px; padding: 0px; font-size: 18px; line-height: 34px; color: rgb(51, 51, 51); font-family: &quot;Microsoft Yahei&quot;, &quot;Helvetica Neue&quot;, Helvetica, &quot;Hiragino Sans GB&quot;, &quot;WenQuanYi Micro Hei&quot;, sans-serif;\">　　<img src=\"http://dingyue.nosdn.127.net/ICnzIE611NemMSesnfUlQSLjx6LaonkG2QMBY2ZowUsOO1520837750474compressflag.png\" style=\"border-width: 0px; border-style: initial; border-color: initial; vertical-align: baseline; margin: 20px 0px;\"/></p><p style=\"margin-top: 20px; margin-bottom: 20px; padding: 0px; font-size: 18px; line-height: 34px; color: rgb(51, 51, 51); font-family: &quot;Microsoft Yahei&quot;, &quot;Helvetica Neue&quot;, Helvetica, &quot;Hiragino Sans GB&quot;, &quot;WenQuanYi Micro Hei&quot;, sans-serif;\">　　伴随着 iPod 一起渐渐淡出公众视野的，还有 iTunes 这个最初提供数字音乐播放、下载和管理的平台，在过去很长一段时间里，iTunes 在国内都有些水土不服，新老用户都或多或少地打心底里发出过“iTunes 为什么这么难用”的呐喊。</p><p style=\"margin-top: 20px; margin-bottom: 20px; padding: 0px; font-size: 18px; line-height: 34px; color: rgb(51, 51, 51); font-family: &quot;Microsoft Yahei&quot;, &quot;Helvetica Neue&quot;, Helvetica, &quot;Hiragino Sans GB&quot;, &quot;WenQuanYi Micro Hei&quot;, sans-serif;\">　　但从根本上动摇 iTunes 十多年的统治地位，则是 Spotify 等一众音乐流媒体服务带来的大环境变化。对比一番，我们便会发现 iTunes 的模式已经不仅是有点儿繁琐，还渐渐露出了落伍的疲态，如果苹果想要继续把控自己在音乐行业的话语权，就需要革新自己的商业模式。</p><p style=\"margin-top: 20px; margin-bottom: 20px; padding: 0px; font-size: 18px; line-height: 34px; color: rgb(51, 51, 51); font-family: &quot;Microsoft Yahei&quot;, &quot;Helvetica Neue&quot;, Helvetica, &quot;Hiragino Sans GB&quot;, &quot;WenQuanYi Micro Hei&quot;, sans-serif;\">　　<img src=\"http://dingyue.nosdn.127.net/lAgRl1qaOdxL2hBM8dzssS0zhA5a8OE=fX64fHvORkRGq1520837750475compressflag.jpg\" style=\"border-width: 0px; border-style: initial; border-color: initial; vertical-align: baseline; margin: 20px 0px;\"/></p><p style=\"margin-top: 20px; margin-bottom: 20px; padding: 0px; font-size: 18px; line-height: 34px; color: rgb(51, 51, 51); font-family: &quot;Microsoft Yahei&quot;, &quot;Helvetica Neue&quot;, Helvetica, &quot;Hiragino Sans GB&quot;, &quot;WenQuanYi Micro Hei&quot;, sans-serif;\">　　2014 年，苹果收购了 Beats，这被视为是苹果音乐服务开始转型的风向标。从那时起，苹果开始花更大的力气来推广自家的流媒体服务 Apple Music。如今，Apple Music 在全球范围内的付费订阅用户数量已经达到了 3600 万，虽然和领先者 Spotify 还有一定的距离，但已经展示出惊人的增速。所以不难预料，苹果未来逐步停止对 iTunes 音乐服务支持几乎是板上钉钉的事，这个趋势也已经从近期的媒体报道中获得印证。</p><p style=\"margin-top: 20px; margin-bottom: 20px; padding: 0px; font-size: 18px; line-height: 34px; color: rgb(51, 51, 51); font-family: &quot;Microsoft Yahei&quot;, &quot;Helvetica Neue&quot;, Helvetica, &quot;Hiragino Sans GB&quot;, &quot;WenQuanYi Micro Hei&quot;, sans-serif;\">　　我们之所以认为 Apple Music 的前景更乐观，是因为支持这个音乐平台发展的已远不止于 iPhone。可穿戴设备概念正当红时，Apple Watch 后来居上；耳机开始一轮“去线缆化”洗礼时，AirPods 和 Beats 系列都表现不俗；如今家庭语音助手类音箱百家争鸣，苹果又拿出了主打音质的 HomePod。</p><p style=\"margin-top: 20px; margin-bottom: 20px; padding: 0px; font-size: 18px; line-height: 34px; color: rgb(51, 51, 51); font-family: &quot;Microsoft Yahei&quot;, &quot;Helvetica Neue&quot;, Helvetica, &quot;Hiragino Sans GB&quot;, &quot;WenQuanYi Micro Hei&quot;, sans-serif;\">　　虽然这些都是不同品类的产品，但如果要说它们背后有什么共性，潜藏在背后的音乐服务，一定是贯穿其中最重要的一点。</p><p style=\"margin-top: 20px; margin-bottom: 20px; padding: 0px; font-size: 18px; line-height: 34px; color: rgb(51, 51, 51); font-family: &quot;Microsoft Yahei&quot;, &quot;Helvetica Neue&quot;, Helvetica, &quot;Hiragino Sans GB&quot;, &quot;WenQuanYi Micro Hei&quot;, sans-serif;\">　　<img src=\"http://dingyue.nosdn.127.net/78JBpItLlgc9TGDEr3pgwCVp889T6b6Zd1vWAWEZ84BmD1520837750475.gif\" style=\"border-width: 0px; border-style: initial; border-color: initial; vertical-align: baseline; margin: 20px 0px;\"/></p><p style=\"margin-top: 20px; margin-bottom: 20px; padding: 0px; font-size: 18px; line-height: 34px; color: rgb(51, 51, 51); font-family: &quot;Microsoft Yahei&quot;, &quot;Helvetica Neue&quot;, Helvetica, &quot;Hiragino Sans GB&quot;, &quot;WenQuanYi Micro Hei&quot;, sans-serif;\">　　来自 Above Avalon 的分析师 Neil Cybart 最近提出了一个论点，它认为 AirPods 和 HomePod 是苹果在 Apple Music 环境下，试图“掌控用户声音”所做出的最新举措：前者面向的是户外移动生活领域，而后者则是针对室内家庭生活领域。</p><p style=\"margin-top: 20px; margin-bottom: 20px; padding: 0px; font-size: 18px; line-height: 34px; color: rgb(51, 51, 51); font-family: &quot;Microsoft Yahei&quot;, &quot;Helvetica Neue&quot;, Helvetica, &quot;Hiragino Sans GB&quot;, &quot;WenQuanYi Micro Hei&quot;, sans-serif;\">　　当然，如果不只考虑空间布局，这里的“掌控用户声音”理应包含两方面：一方面是声音的输入层面，即当下热门的智能语音交互；而另一方面则是声音的输出层面，即听音乐本身。</p><p style=\"margin-top: 20px; margin-bottom: 20px; padding: 0px; font-size: 18px; line-height: 34px; color: rgb(51, 51, 51); font-family: &quot;Microsoft Yahei&quot;, &quot;Helvetica Neue&quot;, Helvetica, &quot;Hiragino Sans GB&quot;, &quot;WenQuanYi Micro Hei&quot;, sans-serif;\">　　恰好，AirPods 和 HomePod 都具备这两方面的特性，尤其是在听音乐这点上，做得都要比同类产品更好一点。</p><p style=\"margin-top: 20px; margin-bottom: 20px; padding: 0px; font-size: 18px; line-height: 34px; color: rgb(51, 51, 51); font-family: &quot;Microsoft Yahei&quot;, &quot;Helvetica Neue&quot;, Helvetica, &quot;Hiragino Sans GB&quot;, &quot;WenQuanYi Micro Hei&quot;, sans-serif;\">　　<img src=\"http://dingyue.nosdn.127.net/0UVhx6wb8Ba1t0O1yC1xqWX5mo6=nAnNO7xQqNCTlv6UW1520837750476compressflag.jpg\" style=\"border-width: 0px; border-style: initial; border-color: initial; vertical-align: baseline; margin: 20px 0px;\"/></p><p style=\"margin-top: 20px; margin-bottom: 20px; padding: 0px; font-size: 18px; line-height: 34px; color: rgb(51, 51, 51); font-family: &quot;Microsoft Yahei&quot;, &quot;Helvetica Neue&quot;, Helvetica, &quot;Hiragino Sans GB&quot;, &quot;WenQuanYi Micro Hei&quot;, sans-serif;\">　　（图片来源：Macworld）</p><p style=\"margin-top: 20px; margin-bottom: 20px; padding: 0px; font-size: 18px; line-height: 34px; color: rgb(51, 51, 51); font-family: &quot;Microsoft Yahei&quot;, &quot;Helvetica Neue&quot;, Helvetica, &quot;Hiragino Sans GB&quot;, &quot;WenQuanYi Micro Hei&quot;, sans-serif;\">　　以 AirPods 为例，虽然在刚推出时由于其别扭的外观和稀少的供货而受到不少质疑，但几乎每一个使用过这款产品的用户都会对其无线化设计、便捷的配对流程、稳定的连接表现留下深刻的印象：掀开盖子，自动连接，拿出来塞进耳朵，点一下音乐，播放，行云流水，一气呵成。</p><p style=\"margin-top: 20px; margin-bottom: 20px; padding: 0px; font-size: 18px; line-height: 34px; color: rgb(51, 51, 51); font-family: &quot;Microsoft Yahei&quot;, &quot;Helvetica Neue&quot;, Helvetica, &quot;Hiragino Sans GB&quot;, &quot;WenQuanYi Micro Hei&quot;, sans-serif;\">　　不过 Siri 对中文的自然语义支持仍然还无法让人叫好，具体在音乐喜好这点上，比如你说“播放我喜欢的歌”或者“播放我最爱的歌”，Siri 可能会穷尽毕生功力在浩瀚曲库中找到一首名为《你最喜欢的歌》或者《你最爱的歌》出来给你；不过要是你很随意地说“播点儿我喜欢听的”，Siri 反而会随机从“我最爱的”歌曲列表里找一首出来。想要和 Siri 完美沟通，要么学会它的语法，要么摸清它的脾气。</p><p style=\"margin-top: 20px; margin-bottom: 20px; padding: 0px; font-size: 18px; line-height: 34px; color: rgb(51, 51, 51); font-family: &quot;Microsoft Yahei&quot;, &quot;Helvetica Neue&quot;, Helvetica, &quot;Hiragino Sans GB&quot;, &quot;WenQuanYi Micro Hei&quot;, sans-serif;\">　　<img src=\"http://dingyue.nosdn.127.net/oHLl1cv002f1JUK1E6Z76xo=yn2HQGH5O=6I7gBcihS=61520837750476compressflag.png\" style=\"border-width: 0px; border-style: initial; border-color: initial; vertical-align: baseline; margin: 20px 0px;\"/></p><p style=\"margin-top: 20px; margin-bottom: 20px; padding: 0px; font-size: 18px; line-height: 34px; color: rgb(51, 51, 51); font-family: &quot;Microsoft Yahei&quot;, &quot;Helvetica Neue&quot;, Helvetica, &quot;Hiragino Sans GB&quot;, &quot;WenQuanYi Micro Hei&quot;, sans-serif;\">　　但 Siri 并没有影响 AirPods 的火爆销售，作为一款听音乐的耳机配件，AirPods 的表现已经足以让很多人满意。据 Neil Cybart 预估，2017 年苹果卖出了约 1100 万双 AirPods，这和去年年底凯基证券（KGI）分析师郭明錤给出的 1300-1400 万的出货量十分接近。到了今年，AirPods 的出货量或许会达到 2600-2800 万，不仅有可能会推出新品，还会成为仅次于 Apple Watch 的最受欢迎苹果配件产品。</p><p style=\"margin-top: 20px; margin-bottom: 20px; padding: 0px; font-size: 18px; line-height: 34px; color: rgb(51, 51, 51); font-family: &quot;Microsoft Yahei&quot;, &quot;Helvetica Neue&quot;, Helvetica, &quot;Hiragino Sans GB&quot;, &quot;WenQuanYi Micro Hei&quot;, sans-serif;\">　　至于另一款最新上市的产品 HomePod，我们都曾以为它会打着“智能语音音箱”的名号，却发现它和 AirPods 一样，也是主打“听音乐”的设备。</p><p style=\"margin-top: 20px; margin-bottom: 20px; padding: 0px; font-size: 18px; line-height: 34px; color: rgb(51, 51, 51); font-family: &quot;Microsoft Yahei&quot;, &quot;Helvetica Neue&quot;, Helvetica, &quot;Hiragino Sans GB&quot;, &quot;WenQuanYi Micro Hei&quot;, sans-serif;\">　　这并非偶然，归咎于苹果自身的生态封闭性，目前的 Siri 实在没有和 Google Assistant 或是 Amazon Alexa 一较高下的资本，倒是苹果一贯在音乐服务和硬件品质上相对出彩。苹果显然也知道自家的核心粉丝会愿意为哪一部分掏钱，所以在第一代产品选择了这种专注于核心优势的做法。</p><p style=\"margin-top: 20px; margin-bottom: 20px; padding: 0px; font-size: 18px; line-height: 34px; color: rgb(51, 51, 51); font-family: &quot;Microsoft Yahei&quot;, &quot;Helvetica Neue&quot;, Helvetica, &quot;Hiragino Sans GB&quot;, &quot;WenQuanYi Micro Hei&quot;, sans-serif;\">　　这或许就是苹果把“音乐消费”作为 HomePod 最大宣传重点的原因，在最新那部备受好评的《Welcome Home》广告中，我们也能看到音乐元素在其中的比重：</p><p style=\"margin-top: 20px; margin-bottom: 20px; padding: 0px; font-size: 18px; line-height: 34px; color: rgb(51, 51, 51); font-family: &quot;Microsoft Yahei&quot;, &quot;Helvetica Neue&quot;, Helvetica, &quot;Hiragino Sans GB&quot;, &quot;WenQuanYi Micro Hei&quot;, sans-serif;\">　　<img src=\"http://dingyue.nosdn.127.net/EYj7K=pOLrJxkKiEUUxl0udc2c6WaXbTnnAhm0UsPM5rZ1520837750476.gif\" style=\"border-width: 0px; border-style: initial; border-color: initial; vertical-align: baseline; margin: 20px 0px;\"/></p><p style=\"margin-top: 20px; margin-bottom: 20px; padding: 0px; font-size: 18px; line-height: 34px; color: rgb(51, 51, 51); font-family: &quot;Microsoft Yahei&quot;, &quot;Helvetica Neue&quot;, Helvetica, &quot;Hiragino Sans GB&quot;, &quot;WenQuanYi Micro Hei&quot;, sans-serif;\">　　</p><blockquote style=\"padding: 0px; margin-bottom: 0px; font-size: 17.5px; border-left: 5px solid rgb(238, 238, 238); quotes: none; color: rgb(136, 136, 136); font-family: &quot;Microsoft Yahei&quot;, &quot;Helvetica Neue&quot;, Helvetica, &quot;Hiragino Sans GB&quot;, &quot;WenQuanYi Micro Hei&quot;, sans-serif; text-align: center;\"><p style=\"margin-top: 0px; margin-bottom: 0px; padding: 0px;\"></p><p style=\"margin-top: 0px; margin-bottom: 0px; padding: 0px;\">　　工作了一天的白领女主角一身疲倦地回到空无一人的住所，有气无力地对 HomePod 说“放点儿我喜欢听的”，HomePod 温和地响应，并选择了一首 Anderson .Paak 的《Til It’s Over》。起初并没有什么不一样，只是节奏若有若无地在撩拨着心弦，而直至“ Or we can dance in the hallway”一句，女主角终于被音乐所打动，伴随旋律随心所欲地舞动，空间与色彩也在音符的碰撞与舞姿的带动下恣意张扬。白日里工作的烦躁、阴霾的天气与连绵的雨水、地铁上拥挤的人群与电梯里呼吸都困难的幽闭，终于在蜗居的无限延展中一扫而空。</p><p style=\"margin-top: 0px; margin-bottom: 0px; padding: 0px;\">　　</p></blockquote><p style=\"margin-top: 20px; margin-bottom: 20px; padding: 0px; font-size: 18px; line-height: 34px; color: rgb(51, 51, 51); font-family: &quot;Microsoft Yahei&quot;, &quot;Helvetica Neue&quot;, Helvetica, &quot;Hiragino Sans GB&quot;, &quot;WenQuanYi Micro Hei&quot;, sans-serif;\"></p><p style=\"margin-top: 20px; margin-bottom: 20px; padding: 0px; font-size: 18px; line-height: 34px; color: rgb(51, 51, 51); font-family: &quot;Microsoft Yahei&quot;, &quot;Helvetica Neue&quot;, Helvetica, &quot;Hiragino Sans GB&quot;, &quot;WenQuanYi Micro Hei&quot;, sans-serif;\">　　这部作品的动人之处不仅在于这段结合超现实主义空间的精彩舞蹈演绎，更在于它描绘出了或许我们大多数人也正深陷其中的困境，并且给出了答案：</p><p style=\"margin-top: 20px; margin-bottom: 20px; padding: 0px; font-size: 18px; line-height: 34px; color: rgb(51, 51, 51); font-family: &quot;Microsoft Yahei&quot;, &quot;Helvetica Neue&quot;, Helvetica, &quot;Hiragino Sans GB&quot;, &quot;WenQuanYi Micro Hei&quot;, sans-serif;\">　　我们独处的室内空间需要一个转换，而 HomePod，或者说 Apple Music 所提供的独特音乐体验，正是可以开启转换模式的开关。</p><p style=\"margin-top: 20px; margin-bottom: 20px; padding: 0px; font-size: 18px; line-height: 34px; color: rgb(51, 51, 51); font-family: &quot;Microsoft Yahei&quot;, &quot;Helvetica Neue&quot;, Helvetica, &quot;Hiragino Sans GB&quot;, &quot;WenQuanYi Micro Hei&quot;, sans-serif;\">　　<img src=\"http://dingyue.nosdn.127.net/Pz0xmmw8mYHPmAMFmQgL5gJRlPzxxcSuZHO7JZP2luObH1520837750476compressflag.jpg\" style=\"border-width: 0px; border-style: initial; border-color: initial; vertical-align: baseline; margin: 20px 0px;\"/></p><p style=\"margin-top: 20px; margin-bottom: 20px; padding: 0px; font-size: 18px; line-height: 34px; color: rgb(51, 51, 51); font-family: &quot;Microsoft Yahei&quot;, &quot;Helvetica Neue&quot;, Helvetica, &quot;Hiragino Sans GB&quot;, &quot;WenQuanYi Micro Hei&quot;, sans-serif;\">　　苹果的优势在于它强大的硬件组合和大一统的软件生态，每一位生活在苹果生态圈中的用户都可以从口袋里的 iPhone 、腕上的 Apple Watch ，甚至是书房或是办公室的 Mac 和 Siri 有轻松的交互，所以苹果不必将“Hey Siri”的使用场景局限在 HomePod 上。</p><p style=\"margin-top: 20px; margin-bottom: 20px; padding: 0px; font-size: 18px; line-height: 34px; color: rgb(51, 51, 51); font-family: &quot;Microsoft Yahei&quot;, &quot;Helvetica Neue&quot;, Helvetica, &quot;Hiragino Sans GB&quot;, &quot;WenQuanYi Micro Hei&quot;, sans-serif;\">　　但是在智能音箱领域，苹果显然希望告诉自己数千万 Apple Music 订阅用户们，他们的客厅还缺少一款像 HomePod 这样的可以和苹果服务无缝联动，且主打高品质音乐体验的产品。理想状态下，这群用户手中应该还远不止 iPhone 这一款设备。</p><p style=\"margin-top: 20px; margin-bottom: 20px; padding: 0px; font-size: 18px; line-height: 34px; color: rgb(51, 51, 51); font-family: &quot;Microsoft Yahei&quot;, &quot;Helvetica Neue&quot;, Helvetica, &quot;Hiragino Sans GB&quot;, &quot;WenQuanYi Micro Hei&quot;, sans-serif;\">　　最终，无论是最开始的 iPod，还是现在的 AirPods、HomePod，苹果想要宣扬的不止是产品本身的高品质，同时也是在借助优质的音乐服务体验来推动自家设备的销售；无论是参与到音乐流媒体平台的建设，还是推出多种形态的听歌设备，改善用户的音乐体验，已然成为苹果那么多年来，防止自家用户被竞品抢夺的重要手段之一。</p><p style=\"margin-top: 20px; margin-bottom: 20px; padding: 0px; font-size: 18px; line-height: 34px; color: rgb(51, 51, 51); font-family: &quot;Microsoft Yahei&quot;, &quot;Helvetica Neue&quot;, Helvetica, &quot;Hiragino Sans GB&quot;, &quot;WenQuanYi Micro Hei&quot;, sans-serif;\">　　当然如果 Siri 可以更聪明一些，就更好了。</p><p style=\"margin-top: 20px; margin-bottom: 20px; padding: 0px; font-size: 18px; line-height: 34px; color: rgb(51, 51, 51); font-family: &quot;Microsoft Yahei&quot;, &quot;Helvetica Neue&quot;, Helvetica, &quot;Hiragino Sans GB&quot;, &quot;WenQuanYi Micro Hei&quot;, sans-serif;\">　　题图来源：Apple</p><p><br/></p>'),
(46, 46, 1, 1, 1520841574, 795357716, 1, 0, 0, 0, '<p><span style=\"color: rgb(51, 51, 51); font-family: &quot;Microsoft Yahei&quot;, &quot;Helvetica Neue&quot;, Helvetica, &quot;Hiragino Sans GB&quot;, &quot;WenQuanYi Micro Hei&quot;, sans-serif; font-size: 18px;\">日前，在国内出现了Model 3的身影，这或意味着这款纯电动车距离交付中国客户又近了一步。</span><br/></p><p style=\"margin-top: 20px; margin-bottom: 20px; padding: 0px; font-size: 18px; line-height: 34px; color: rgb(51, 51, 51); font-family: &quot;Microsoft Yahei&quot;, &quot;Helvetica Neue&quot;, Helvetica, &quot;Hiragino Sans GB&quot;, &quot;WenQuanYi Micro Hei&quot;, sans-serif;\">　　按照特斯拉官方的说法，2018年开始生产Model 3全轮驱动版本，并开始生产标准容量电池版本，2019年开始进行左侧驾驶车辆全球交付，并开始生产右侧驾驶车辆。</p><p style=\"margin-top: 20px; margin-bottom: 20px; padding: 0px; font-size: 18px; line-height: 34px; color: rgb(51, 51, 51); font-family: &quot;Microsoft Yahei&quot;, &quot;Helvetica Neue&quot;, Helvetica, &quot;Hiragino Sans GB&quot;, &quot;WenQuanYi Micro Hei&quot;, sans-serif;\">　　<img src=\"http://crawl.nosdn.127.net/ee53e3def20fec8b7d62b5ef7a7407b3.jpg\" style=\"border-width: 0px; border-style: initial; border-color: initial; vertical-align: baseline; margin: 20px 0px;\"/></p><p style=\"margin-top: 20px; margin-bottom: 20px; padding: 0px; font-size: 18px; line-height: 34px; color: rgb(51, 51, 51); font-family: &quot;Microsoft Yahei&quot;, &quot;Helvetica Neue&quot;, Helvetica, &quot;Hiragino Sans GB&quot;, &quot;WenQuanYi Micro Hei&quot;, sans-serif;\">　　Model 3是特斯拉的第四款车型，相比S，Model 3是一款更紧凑、更简洁、拥有门槛更低的电动车。与Model S相同，Model 3将会拥有同级车中极为杰出的安全性能。特斯拉Model3目前提供长距离版及标准版两种选择，续航从354KM-498KM不等，破百时间小于6秒，美国售价仅为3.5万美元。</p><p><br/></p>', '<p><span style=\"color: rgb(51, 51, 51); font-family: &quot;Microsoft Yahei&quot;, &quot;Helvetica Neue&quot;, Helvetica, &quot;Hiragino Sans GB&quot;, &quot;WenQuanYi Micro Hei&quot;, sans-serif; font-size: 18px;\">日前，在国内出现了Model 3的身影，这或意味着这款纯电动车距离交付中国客户又近了一步。</span><br/></p><p style=\"margin-top: 20px; margin-bottom: 20px; padding: 0px; font-size: 18px; line-height: 34px; color: rgb(51, 51, 51); font-family: &quot;Microsoft Yahei&quot;, &quot;Helvetica Neue&quot;, Helvetica, &quot;Hiragino Sans GB&quot;, &quot;WenQuanYi Micro Hei&quot;, sans-serif;\">　　按照特斯拉官方的说法，2018年开始生产Model 3全轮驱动版本，并开始生产标准容量电池版本，2019年开始进行左侧驾驶车辆全球交付，并开始生产右侧驾驶车辆。</p><p style=\"margin-top: 20px; margin-bottom: 20px; padding: 0px; font-size: 18px; line-height: 34px; color: rgb(51, 51, 51); font-family: &quot;Microsoft Yahei&quot;, &quot;Helvetica Neue&quot;, Helvetica, &quot;Hiragino Sans GB&quot;, &quot;WenQuanYi Micro Hei&quot;, sans-serif;\">　　<img src=\"http://crawl.nosdn.127.net/ee53e3def20fec8b7d62b5ef7a7407b3.jpg\" style=\"border-width: 0px; border-style: initial; border-color: initial; vertical-align: baseline; margin: 20px 0px;\"/></p><p style=\"margin-top: 20px; margin-bottom: 20px; padding: 0px; font-size: 18px; line-height: 34px; color: rgb(51, 51, 51); font-family: &quot;Microsoft Yahei&quot;, &quot;Helvetica Neue&quot;, Helvetica, &quot;Hiragino Sans GB&quot;, &quot;WenQuanYi Micro Hei&quot;, sans-serif;\">　　Model 3是特斯拉的第四款车型，相比S，Model 3是一款更紧凑、更简洁、拥有门槛更低的电动车。与Model S相同，Model 3将会拥有同级车中极为杰出的安全性能。特斯拉Model3目前提供长距离版及标准版两种选择，续航从354KM-498KM不等，破百时间小于6秒，美国售价仅为3.5万美元。</p><p><br/></p>'),
(47, 47, 1, 1, 1520841630, 795357716, 1, 0, 0, 0, '<p>你曾经购买过被贴上公平贸易产品标签的咖啡或产品吗？你怎么能相信这些信息呢？当你在约会网站上遇到某人时，你会怎么想？你怎么知道他们真的是35岁的创业公司创始人？毕竟，今天的社会充满了不确定性和信任问题，而且有足够的理由如此认为。<br/></p><p>要确定你的购买真的是在帮助埃塞俄比亚的咖啡豆农民，或者你的约会对象的信息是真的，你需要一个有强大安全保障的系统。在这个系统中，记录可被储存起来，许多目击者证实了事实，这样就没有人可以欺骗它。</p><p>这种类型的系统被称为区块链。没有中心人物或公司真正拥有它。相反，信息存储在许多个人电脑系统中，因此也没有中间人。它是分散的、分布式的，这样就没有人可以把它拆下来或者毁掉它。但是，任何人都可以使用这个系统并帮助运行它，因为信息是通过加密来保护的。</p><p>从本质上说，区块链就是一个不断增长的交易列表，这些交易是经过验证、永久记录并按时间顺序链接的。对于大多数用户来说，区块链的工作原理依然是未知的。正如我们大多数人都不知道4G技术是如何运作的，或者硅是如何被加工成中央处理器的，但我们每天都在使用智能手机。与之类似，区块链将是许多正在变化的技术的完美“支柱”，它将影响我们教育、管理、消费、治理以及交流方式等。</p><p>那么，除了加密货币，区块链将如何改变世界？</p><p>1.银行和支付：区块链不仅允许任何人以更快、更有效、更安全的方式交换资金，而且许多银行已经开始着手采用区块链技术来改善交易。</p><p>2.网络安全：在区块链中使用先进的加密技术对所有数据进行验证和加密，使其能够抵抗未经授权的修改和黑客攻击。集中式服务器很容易受到数据丢失、损坏、人为错误和黑客攻击的影响。看看我们在过去几年里遭遇黑客袭击的目标，Verizon、德勤以及Equifax。使用区块链分散的分布式系统，可以使云端数据存储更安全，防止攻击。</p><p>3.物联网：如今的物联网包括汽车、建筑物、门铃，甚至还有嵌入了软件、网络连接和传感器的冰箱。然而，由于这些设备都是由处理通信的中心操作的，黑客可以进入你驾驶的汽车或你的家。比特币和以太币专家卡米尔·普热沃尔斯基（Kamil Przeorski）说，区块链有可能解决这些关键的安全问题，因为它分散了所有的信息和数据。随着物联网能力的提高，这一点变得越来越重要。</p><p>4.整合通信：区块链可以支持更快、更安全、更可靠的自动通信。基于预先构建算法的自动或数字通信已经在某些行业大规模部属，其中包括电子邮件、系统警报和呼叫通知。Jive Communications的联合创始人马特·彼得森(Matt Peterson)曾是比特币的采用者和矿商。他称，虽然目前很多通信都是自动进行的，但这种通信方式通常是不重要的，也是异步进行的。他说：“区块链可以改变竞争环境，允许在自动化环境中更自由地进行授权、双向通信和交易，并产生不可变的通信记录。”这将大大提高我们通信的安全性和可靠性。</p><p>5.治理：通过区块链，我们可以减少官僚作风，提高安全、效率和透明度。福利和失业救济也可以更容易地得到验证和分配，并且可以计算和核实投票的合法性。</p><p>6.众筹和慈善捐赠：捐赠是非常有意义的活动，但是你的捐款中有多少真被用于慈善事业？区块链可以帮助确保你的钱准确地到达最需要的地方。以比特币为基础的慈善机构已经通过智能合同和在线声誉系统建立了信任，并允许捐赠者通过安全透明的分类账户查看捐款的去向。联合国下属世界粮食计划署目前正在部属区块链技术，允许难民使用虹膜扫描代替代金券、现金或信用卡购买食物。</p><p>7.医疗保健：如果医生不再需要“以传真的方式转诊”，这不是很好吗?为什么我们所有的医疗信息不能存储在中央数据库中?这种敏感信息的集中化使得它非常容易受到攻击。随着医院收集所有私人病人数据，确保平台安全非常有必要。随着区块链的出现，医院和其他医疗机构可以建立集中和安全的数据库，存储医疗记录，并严格与授权医生和病人共享。</p>', '<p>你曾经购买过被贴上公平贸易产品标签的咖啡或产品吗？你怎么能相信这些信息呢？当你在约会网站上遇到某人时，你会怎么想？你怎么知道他们真的是35岁的创业公司创始人？毕竟，今天的社会充满了不确定性和信任问题，而且有足够的理由如此认为。<br/></p><p>要确定你的购买真的是在帮助埃塞俄比亚的咖啡豆农民，或者你的约会对象的信息是真的，你需要一个有强大安全保障的系统。在这个系统中，记录可被储存起来，许多目击者证实了事实，这样就没有人可以欺骗它。</p><p>这种类型的系统被称为区块链。没有中心人物或公司真正拥有它。相反，信息存储在许多个人电脑系统中，因此也没有中间人。它是分散的、分布式的，这样就没有人可以把它拆下来或者毁掉它。但是，任何人都可以使用这个系统并帮助运行它，因为信息是通过加密来保护的。</p><p>从本质上说，区块链就是一个不断增长的交易列表，这些交易是经过验证、永久记录并按时间顺序链接的。对于大多数用户来说，区块链的工作原理依然是未知的。正如我们大多数人都不知道4G技术是如何运作的，或者硅是如何被加工成中央处理器的，但我们每天都在使用智能手机。与之类似，区块链将是许多正在变化的技术的完美“支柱”，它将影响我们教育、管理、消费、治理以及交流方式等。</p><p>那么，除了加密货币，区块链将如何改变世界？</p><p>1.银行和支付：区块链不仅允许任何人以更快、更有效、更安全的方式交换资金，而且许多银行已经开始着手采用区块链技术来改善交易。</p><p>2.网络安全：在区块链中使用先进的加密技术对所有数据进行验证和加密，使其能够抵抗未经授权的修改和黑客攻击。集中式服务器很容易受到数据丢失、损坏、人为错误和黑客攻击的影响。看看我们在过去几年里遭遇黑客袭击的目标，Verizon、德勤以及Equifax。使用区块链分散的分布式系统，可以使云端数据存储更安全，防止攻击。</p><p>3.物联网：如今的物联网包括汽车、建筑物、门铃，甚至还有嵌入了软件、网络连接和传感器的冰箱。然而，由于这些设备都是由处理通信的中心操作的，黑客可以进入你驾驶的汽车或你的家。比特币和以太币专家卡米尔·普热沃尔斯基（Kamil Przeorski）说，区块链有可能解决这些关键的安全问题，因为它分散了所有的信息和数据。随着物联网能力的提高，这一点变得越来越重要。</p><p>4.整合通信：区块链可以支持更快、更安全、更可靠的自动通信。基于预先构建算法的自动或数字通信已经在某些行业大规模部属，其中包括电子邮件、系统警报和呼叫通知。Jive Communications的联合创始人马特·彼得森(Matt Peterson)曾是比特币的采用者和矿商。他称，虽然目前很多通信都是自动进行的，但这种通信方式通常是不重要的，也是异步进行的。他说：“区块链可以改变竞争环境，允许在自动化环境中更自由地进行授权、双向通信和交易，并产生不可变的通信记录。”这将大大提高我们通信的安全性和可靠性。</p><p>5.治理：通过区块链，我们可以减少官僚作风，提高安全、效率和透明度。福利和失业救济也可以更容易地得到验证和分配，并且可以计算和核实投票的合法性。</p><p>6.众筹和慈善捐赠：捐赠是非常有意义的活动，但是你的捐款中有多少真被用于慈善事业？区块链可以帮助确保你的钱准确地到达最需要的地方。以比特币为基础的慈善机构已经通过智能合同和在线声誉系统建立了信任，并允许捐赠者通过安全透明的分类账户查看捐款的去向。联合国下属世界粮食计划署目前正在部属区块链技术，允许难民使用虹膜扫描代替代金券、现金或信用卡购买食物。</p><p>7.医疗保健：如果医生不再需要“以传真的方式转诊”，这不是很好吗?为什么我们所有的医疗信息不能存储在中央数据库中?这种敏感信息的集中化使得它非常容易受到攻击。随着医院收集所有私人病人数据，确保平台安全非常有必要。随着区块链的出现，医院和其他医疗机构可以建立集中和安全的数据库，存储医疗记录，并严格与授权医生和病人共享。</p>'),
(48, 48, 1, 1, 1520841683, 795357716, 1, 0, 0, 0, '<p>新华社伦敦3月11日电 被称为新一轮产业革命推动力的人工智能技术，正全方位、加速改变着人类生活。不过，英国领先的人工智能公司“深度思维”首席执行官德米什·哈萨比斯近日说，人工智能的发展仍然面临诸多哲学问题待解。<br/></p><p>“深度思维”研发出了大名鼎鼎的人工智能程序“阿尔法围棋”。据外媒报道，哈萨比斯日前在伦敦举行的一个“阿尔法围棋”纪录片放映会上说，人工智能带来了巨大的科学益处，但也带来了风险，这要看人类如何利用人工智能。</p><p>哈萨比斯说：“（关于人工智能）有一大堆有趣但又棘手的哲学问题……我们必须要回答，如何控制这些系统，我们希望赋予它们什么样的价值观，如何部署、利用它们。”</p><p>在问答环节，哈萨比斯说，人工智能是一个有助人类加速科学发现的出色工具，“它将是人类开发的最有用处的技术之一”。但与其他强大的技术一样，人工智能“也有风险”，结果好坏取决于人类决定如何利用它。</p><p>2016年，“阿尔法围棋”在围棋人机大战中击败了韩国九段棋手、世界冠军李世石，引发巨大关注。2016年也是人工智能发展备受关注的一年。</p><p>哈萨比斯介绍说，在“深度思维”公司，伦理问题是首要考虑的问题。去年初他曾在德国举行的“数字生活设计”大会上说，人工智能有助于人类面对日益复杂、数据剧增的世界，但其应用需有人负责且符合伦理，“人工智能应该帮助人类提升自己，开拓我们的边界，而不是简单地超越我们”。</p>', '<p>新华社伦敦3月11日电 被称为新一轮产业革命推动力的人工智能技术，正全方位、加速改变着人类生活。不过，英国领先的人工智能公司“深度思维”首席执行官德米什·哈萨比斯近日说，人工智能的发展仍然面临诸多哲学问题待解。<br/></p><p>“深度思维”研发出了大名鼎鼎的人工智能程序“阿尔法围棋”。据外媒报道，哈萨比斯日前在伦敦举行的一个“阿尔法围棋”纪录片放映会上说，人工智能带来了巨大的科学益处，但也带来了风险，这要看人类如何利用人工智能。</p><p>哈萨比斯说：“（关于人工智能）有一大堆有趣但又棘手的哲学问题……我们必须要回答，如何控制这些系统，我们希望赋予它们什么样的价值观，如何部署、利用它们。”</p><p>在问答环节，哈萨比斯说，人工智能是一个有助人类加速科学发现的出色工具，“它将是人类开发的最有用处的技术之一”。但与其他强大的技术一样，人工智能“也有风险”，结果好坏取决于人类决定如何利用它。</p><p>2016年，“阿尔法围棋”在围棋人机大战中击败了韩国九段棋手、世界冠军李世石，引发巨大关注。2016年也是人工智能发展备受关注的一年。</p><p>哈萨比斯介绍说，在“深度思维”公司，伦理问题是首要考虑的问题。去年初他曾在德国举行的“数字生活设计”大会上说，人工智能有助于人类面对日益复杂、数据剧增的世界，但其应用需有人负责且符合伦理，“人工智能应该帮助人类提升自己，开拓我们的边界，而不是简单地超越我们”。</p>');

# bbs_thread

INSERT INTO `bbs_thread` (`fid`, `tid`, `top`, `uid`, `userip`, `subject`, `create_date`, `last_date`, `views`, `posts`, `images`, `files`, `mods`, `closed`, `firstpid`, `lastuid`, `lastpid`) VALUES
(3, 1, 0, 1, 1998027543, '普京自曝:索契冬奥开幕前 我曾下令击落一架客机', 1520828883, 1520828883, 3, 0, 0, 0, 0, 0, 1, 0, 1),
(3, 2, 0, 1, 1998027543, '外媒:特朗普为欧盟豁免钢铝关税开条件', 1520832932, 1520832932, 1, 0, 0, 0, 0, 0, 2, 0, 2),
(3, 3, 0, 1, 1998027543, '东盟十国军方高层齐发声明：希望南海和平', 1520833046, 1520833046, 1, 0, 1, 0, 0, 0, 3, 0, 3),
(3, 4, 0, 1, 1998027543, '俄大选在即 民调显示近七成俄罗斯人拟投票给普京', 1520833157, 1520833157, 0, 0, 1, 0, 0, 0, 4, 0, 4),
(3, 5, 0, 1, 1998027543, '澳国防部禁止员工使用微信 称担心中国&quot;间谍活动&quot;', 1520833570, 1520833570, 0, 0, 1, 0, 0, 0, 5, 0, 5),
(3, 6, 0, 1, 1998027543, '朴槿惠下台一年 曾经的&quot;亲信&quot;如今处境如何？', 1520833701, 1520833701, 1, 0, 1, 0, 0, 0, 6, 0, 6),
(3, 7, 0, 1, 1998027543, '日本冲绳石垣市现任市长连任 自卫队部署或加速', 1520834224, 1520834224, 0, 0, 0, 0, 0, 0, 7, 0, 7),
(3, 8, 0, 1, 1998027543, '美防长因涉朝议题敏感暂缄其口:太敏感易引发误解', 1520834321, 1520834321, 0, 0, 1, 0, 0, 0, 8, 0, 8),
(3, 9, 0, 1, 1998027543, '普京:我从不用推特发文 不关注特朗普发了些啥', 1520834422, 1520834422, 0, 0, 0, 0, 0, 0, 9, 0, 9),
(3, 10, 0, 1, 1998027543, '普京强硬表态：绝不可能把克里米亚还给乌克兰', 1520837087, 1520837087, 0, 0, 0, 0, 0, 0, 10, 0, 10),
(3, 11, 0, 1, 2362247454, '美防长不再就涉朝议题发表言论:太敏感易引发误解', 1520837308, 1520837308, 0, 0, 1, 0, 0, 0, 11, 0, 11),
(3, 12, 0, 1, 2362247454, '西方资本撤出 &quot;富得流油&quot;的小国感谢中国雪中送炭', 1520837407, 1520837407, 0, 0, 1, 0, 0, 0, 12, 0, 12),
(2, 13, 0, 1, 795357716, '周小川执掌央行15年:与央行同龄 被称&quot;最难追部长&quot;', 1520838871, 1520838871, 0, 0, 1, 0, 0, 0, 13, 0, 13),
(2, 14, 0, 1, 795357716, '深圳拟为海域管理立法:海域使用权或可公开拍卖', 1520838976, 1520838976, 0, 0, 1, 0, 0, 0, 14, 0, 14),
(2, 15, 0, 1, 795357716, '&quot;降低票价&quot;写入政府工作报告 游客:有景区票价虚高', 1520839085, 1520839085, 0, 0, 0, 0, 0, 0, 15, 0, 15),
(2, 16, 0, 1, 795357716, '网红教授网上讲课收入达5000万:曾建议火车票提价', 1520839139, 1520839139, 0, 0, 1, 0, 0, 0, 16, 0, 16),
(2, 17, 0, 1, 795357716, '中国将建基层立法联系点 意见可直达国家立法机关', 1520839259, 1520839259, 0, 0, 1, 0, 0, 0, 17, 0, 17),
(2, 18, 0, 1, 795357716, '网上人脸识别千万别用！中国第一代红客为何这么说', 1520839345, 1520839345, 0, 0, 1, 0, 0, 0, 18, 0, 18),
(2, 19, 0, 1, 795357716, '学什么专业最有&quot;钱景&quot;？两会上都说清楚了', 1520839388, 1520839388, 0, 0, 0, 0, 0, 0, 19, 0, 19),
(2, 20, 0, 1, 795357716, '这部影片5天内被多名部级官员&quot;点名&quot; 有何特别之处', 1520839551, 1520839551, 0, 0, 1, 0, 0, 0, 20, 0, 20),
(2, 21, 0, 1, 795357716, '中国森林覆盖率达21.66% 今年拟造林超1亿亩', 1520839713, 1520839713, 0, 0, 1, 0, 0, 0, 21, 0, 21),
(2, 22, 0, 1, 795357716, '大学生买房可以打8折 这座大城市为&quot;留人&quot;下血本', 1520839779, 1520839779, 0, 0, 1, 0, 0, 0, 22, 0, 22),
(2, 23, 0, 1, 795357716, '只要颜色正确！国民党曝民进党当局上任后最大启示', 1520839882, 1520839882, 0, 0, 1, 0, 0, 0, 23, 0, 23),
(2, 24, 0, 1, 795357716, '东海舰队除保卫海疆还有特殊使命 为此投入690万', 1520839949, 1520839949, 0, 0, 0, 0, 0, 0, 24, 0, 24),
(4, 25, 0, 1, 795357716, 'baby录完跑男素颜深夜回京 边走边签名', 1520840073, 1520840073, 0, 0, 1, 0, 0, 0, 25, 0, 25),
(4, 26, 0, 1, 795357716, '林志玲穿红色露肩裙亮相 频撩发女神范十足', 1520840120, 1520840120, 0, 0, 1, 0, 0, 0, 26, 0, 26),
(4, 27, 0, 1, 795357716, '李若彤再现小龙女经典造型 23年容颜未改', 1520840192, 1520840192, 0, 0, 1, 0, 0, 0, 27, 0, 27),
(4, 28, 0, 1, 795357716, '运动甩肉？林志玲晒游泳照美胸浮水面辣爆', 1520840245, 1520840245, 0, 0, 1, 0, 0, 0, 28, 0, 28),
(4, 29, 0, 1, 795357716, '乐团界曝苏打绿解散风波内幕：家凯技术跟不上', 1520840304, 1520840304, 0, 0, 1, 0, 0, 0, 29, 0, 29),
(4, 30, 0, 1, 795357716, '罗志祥女友素颜照曝光 周扬青痘印黑头全现形', 1520840376, 1520840376, 0, 0, 1, 0, 0, 0, 30, 0, 30),
(4, 31, 0, 1, 795357716, '评论：“整过容的不要” 艺考这要求过分吗？', 1520840434, 1520840434, 0, 0, 1, 0, 0, 0, 31, 0, 31),
(4, 32, 0, 1, 795357716, '网友植树节转发江直树求&quot;直树&quot; 郑元畅：我觉得OK', 1520840493, 1520840493, 0, 0, 1, 0, 0, 0, 32, 0, 32),
(4, 33, 0, 1, 795357716, '辣妈朱丹产后开工自侃圆润 长发披散气色颇好', 1520840563, 1520840563, 0, 0, 1, 0, 0, 0, 33, 0, 33),
(4, 34, 0, 1, 795357716, '不像生过3胎！林志颖娇妻晒香肩铅笔腿甜笑似少女', 1520840631, 1520840631, 0, 0, 1, 0, 0, 0, 34, 0, 34),
(4, 35, 0, 1, 795357716, '马伊琍微博记述女儿成长烦恼 妹妹奶音萌炸众人', 1520840679, 1520840679, 0, 0, 1, 0, 0, 0, 35, 0, 35),
(4, 36, 0, 1, 795357716, '47岁钟丽缇爱上运动 素颜出镜面色红润气色超好', 1520840770, 1520840770, 1, 0, 1, 0, 0, 0, 36, 0, 36),
(5, 37, 0, 1, 795357716, '王健林新目标转向区块链:与新西兰公司合作 不涉ICO', 1520840985, 1520840985, 0, 0, 1, 0, 0, 0, 37, 0, 37),
(5, 38, 0, 1, 795357716, '马斯克：人类2064年定居月球 AI比核武器危险', 1520841042, 1520841042, 0, 0, 1, 0, 0, 0, 38, 0, 38),
(5, 39, 0, 1, 795357716, '马斯克：火星飞船将在2019年上半年完成短途旅行', 1520841112, 1520841112, 0, 0, 1, 0, 0, 0, 39, 0, 39),
(5, 40, 0, 1, 795357716, '不敢烧钱却最终卖身，当当被&quot;夫妻店&quot; 模式耽误了', 1520841218, 1520841218, 0, 0, 1, 0, 0, 0, 40, 0, 40),
(5, 41, 0, 1, 795357716, 'Android P六大亮点：可室内定位 支持&quot;刘海屏&quot;', 1520841285, 1520841285, 0, 0, 1, 0, 0, 0, 41, 0, 41),
(5, 42, 0, 1, 795357716, '谷歌弃守平板追赶iPad Android P停止支持Pixel C', 1520841339, 1520841339, 0, 0, 1, 0, 0, 0, 42, 0, 42),
(5, 43, 0, 1, 795357716, '如果海洋继续变暖300年内人类或无鱼可吃', 1520841385, 1520841385, 0, 0, 1, 0, 0, 0, 43, 0, 43),
(5, 44, 0, 1, 795357716, '国产手机全部 all in“刘海儿屏”：厂商无奈，用户悲哀', 1520841451, 1520841451, 0, 0, 1, 0, 0, 0, 44, 0, 44),
(5, 45, 0, 1, 795357716, '从 iPod 到 HomePod ，苹果对音乐的那份执念还是没变', 1520841520, 1520841520, 0, 0, 1, 0, 0, 0, 45, 0, 45),
(5, 46, 0, 1, 795357716, '特斯拉Model 3国内现身：距离中国客户再近一步', 1520841574, 1520841574, 0, 0, 1, 0, 0, 0, 46, 0, 46),
(5, 47, 0, 1, 795357716, '除了加密货币 区块链还以这八种方式影响世界', 1520841630, 1520841630, 0, 0, 1, 0, 0, 0, 47, 0, 47),
(5, 48, 0, 1, 795357716, 'AlphaGo之父：人工智能仍有诸多哲学问题待解', 1520841683, 1520841683, 0, 0, 1, 0, 0, 0, 48, 0, 48);

# bbs_well_tag

INSERT INTO `bbs_well_tag` (`tagid`, `name`, `count`) VALUES
(1, '普京', 3),
(2, '平昌冬奥', 1),
(3, '特朗普', 1),
(4, '南海和平', 1),
(5, '微信', 1),
(6, '间谍活动', 1),
(7, '朴槿惠', 1),
(8, '自卫队', 1),
(9, '半岛局势', 1),
(10, '文莱', 1),
(11, '周小川', 1),
(12, '深圳', 1),
(13, 'Angelababy', 1),
(14, '杨颖', 1),
(15, '林志玲', 2),
(16, '李若彤', 1),
(17, '罗志祥', 1),
(18, '罗志祥女友', 1),
(19, '艺考', 1),
(20, '郑元畅', 1),
(21, '朱丹', 1),
(22, '林志颖娇妻', 1),
(23, '马伊琍', 1),
(24, '钟丽缇', 1),
(25, '王健林', 1),
(26, '区块链', 2),
(27, '马斯克', 2),
(28, '当当', 1),
(29, '李国庆', 1),
(30, '赵陈婷', 1),
(31, 'Android', 1),
(32, '谷歌', 1),
(33, 'iPad', 1),
(34, 'HomePod', 1),
(35, 'iPod', 1),
(36, '特斯拉', 1),
(37, 'AlphaGo', 1);

# bbs_well_tag_data

INSERT INTO `bbs_well_tag_data` (`tagid`, `tid`) VALUES
(1, 1),
(1, 4),
(1, 9),
(2, 1),
(3, 2),
(4, 3),
(5, 5),
(6, 5),
(7, 6),
(8, 7),
(9, 8),
(10, 12),
(11, 13),
(12, 14),
(13, 25),
(14, 25),
(15, 26),
(15, 28),
(16, 27),
(17, 30),
(18, 30),
(19, 31),
(20, 32),
(21, 33),
(22, 34),
(23, 35),
(24, 36),
(25, 37),
(26, 37),
(26, 47),
(27, 38),
(27, 39),
(28, 40),
(29, 40),
(30, 40),
(31, 41),
(32, 42),
(33, 42),
(34, 45),
(35, 45),
(36, 46),
(37, 48);

# bbs_well_thread

INSERT INTO `bbs_well_thread` (`tid`, `tag`, `flag`, `mainpic`, `brief`) VALUES
(1, '{\"1\":\"普京\",\"2\":\"平昌冬奥\"}', '1,2,4', 'upload/attach/201803/mainpic_1_UGV43MJ89QDBR3R.jpg', '俄罗斯总统普京在其同名传记纪录片中自曝一段秘事：2014年索契冬奥开幕式期间，他曾下令战机击落一架疑遭劫持以攻击冬奥的客机，所幸后来证实劫机通报只是“乌龙”。'),
(2, '{\"3\":\"特朗普\"}', '1,2,3', 'upload/attach/201803/mainpic_1_HAPSJR3V2XVP7M6.jpg', '据法新社华盛顿3月11日报道，特朗普是在欧盟谈判代表和美国贸易代表罗伯特·莱特希泽在布鲁塞尔进行艰难对话后作出上述表态的。此次对话旨在消解贸易纠纷。许多人担心这场纠纷可能演变为一场全面的贸易战。'),
(3, '{\"4\":\"南海和平\"}', '1,2,4', 'upload/attach/201803/mainpic_1_FW4HAD92BGQSJCG.png', '菲律宾Interaksyon网站11日也报道称，菲律宾武装部队参谋长与其他9个东盟国家军方高层强烈同意“维护和促进南海和平与安全”的重要性，他们也强调“依照国际法和平解决南海争端”。'),
(4, '{\"1\":\"普京\"}', '1,4', 'upload/attach/201803/mainpic_1_JDWVBBSWQ5W5ZAR.jpg', '全俄社会舆论研究中心的民调结果显示，69%的俄罗斯人准备投票给现任总统普京，其次是总统候选人――俄共推举的格鲁季宁，获得7%受访者的支持。位居第三的是自民党主席日里诺夫斯基，获得5%受访者支持。预计投票率在63%至67%区间内。'),
(5, '{\"5\":\"微信\",\"6\":\"间谍活动\"}', '3,4', 'upload/attach/201803/mainpic_1_RA2Y33JDPR3NJ73.jpg', '【环球网综合报道】据《澳大利亚金融评论报》11日报道，澳国防部已禁止员工在工作手机上下载中国应用程序微信。这进一步凸显澳担心中国的“间谍活动”。'),
(6, '{\"7\":\"朴槿惠\"}', '', 'upload/attach/201803/mainpic_1_B2ZNFGTTH9JNX4D.jpg', '据报道，在朴槿惠原属政党中，与朴槿惠关系密切的议员中如今有人退党，另投他门，有人坚持在党内，却被安排在没有实权的虚职上，再难接近权力的中心。'),
(7, '{\"8\":\"自卫队\"}', '', 'upload/attach/201803/mainpic_1_7GBFCJE272JYF88.jpg', '据悉，同意该计划的无党派现任市长中山义隆(50岁，自民、公明两党和日本维新会推荐)击败均为无党派新人的前市议会议员宫良操(61岁，民进、共产、自由、社民和冲绳社会大众各党推荐)和前县议会议员砂川利胜(54岁)第三次当选。'),
(8, '{\"9\":\"半岛局势\"}', '4', 'upload/attach/201803/mainpic_1_PREYW7REMV49BSY.jpg', '“我完全不想谈论与朝鲜相关事务，我将把这个议题留给负责这些事的人。”路透社援引马蒂斯的话报道，“它如此敏感。当你处在这个位子上，(言论)引发误解的可能性非常高。”'),
(9, '{\"1\":\"普京\"}', '1,4', 'upload/attach/201803/mainpic_1_F2T3JXMA8EFJGQ6.jpeg', '据今日俄罗斯电视台报道，日前，普京接受了美国全国广播公司（NBC）记者梅根·凯利（Megyn Kelly）的采访，当被问道“是否会关注美国总统特朗普在推特上发布的内容”时，普京予以否认并表示，自己从不用推特发文。'),
(10, '', '4', 'upload/attach/201803/mainpic_1_H7ZJKJ9FXU69SCR.jpg', ''),
(11, '', '', 'upload/attach/201803/mainpic_1_RHCPCKD9S752A2R.jpeg', '美国与朝鲜同意双方领导人会面后，美国国防部长詹姆斯·马蒂斯说，他将暂时停止就涉及朝鲜的议题发表言论，理由是“太敏感”。'),
(12, '{\"10\":\"文莱\"}', '1,2', 'upload/attach/201803/mainpic_1_7V7TAD25EJ3WX65.jpg', '文莱（Brunei）对很多人来说，可能是个极其陌生的东南亚小国。然而，这个石油比矿泉水便宜一半的神奇国度，正成为“21世纪海上丝路”的重要沿线国家。这个面积只有重庆市十四分之一大小的弹丸之地，一直以来都“富得流油”。'),
(13, '{\"11\":\"周小川\"}', '', 'upload/attach/201803/mainpic_1_SAU3J6Q34SZH837.jpeg', '周小川与中国人民银行同龄，执掌央行15年，走出了一条既和国际接轨又保持独立的中国特色金融改革开放道路；执着和耐心，寓改革于发展中，苦心孤诣创造改革机会；在其任上，中国央行蜚声国际，人民币迈上国际舞台。'),
(14, '{\"12\":\"深圳\"}', '1', 'upload/attach/201803/mainpic_1_AV8TTDY6CZ5AWV2.jpg', '深圳正在建设全球海洋中心城市，海洋资源开发需求不断增长，深圳拟改变过去以申请审批方式获取海域使用权的模式，建立海域使用权公开出让制度，对同一海域有两个以上意向用海人的用海或采取拍卖方式出让。'),
(15, '', '', '', '国际在线报道 中国政府今年的工作报告多次提及“旅游”，特别是在对新一年政府工作建议中，提到了创建全域旅游示范区，降低重点国有景区门票价格等内容。来自旅游业界的全国人大代表和业内专家表示'),
(16, '', '1,2,3', 'upload/attach/201803/mainpic_1_YZWS3PREYVC4KDH.png', '截至北京时间3月12日早间，这门网上课程的订阅人数已突破25万人。按照订阅费用199元/年计算，薛教授在这个平台上的“营业额”已达到5000万元。'),
(17, '', '2', 'upload/attach/201803/mainpic_1_9RZAX9N5S2MP9VQ.jpg', '十三届全国人大一次会议新闻中心3月12日（星期一）10时在梅地亚中心多功能厅举行记者会，邀请十二届全国人大内司委副主任委员王胜明、财经委副主任委员乌日图、教科文卫委副主任委员吴恒、环资委委员吕彩霞'),
(18, '', '1,2', 'upload/attach/201803/mainpic_1_45XRYHKESA66EBS.jpg', '“网络没有绝对的安全!”在不同场合见过谈剑锋多次，这句话他几乎每次都说。每逢新的互联网技术应用概念出炉，他总要泼上一盆冷水。'),
(19, '', '', '', '两会进行时，会上释放出来的重要信息真不少，习近平总书记多次下团组，频频谈及民生话题。比如在参加山东代表团审议时，他强调，要使得农业成为有奔头的产业。'),
(20, '', '3', 'upload/attach/201803/mainpic_1_SMK2JJ5K9VJX83M.jpg', '肖亚庆在两会记者会上说，“不知道大家最近看没看《厉害了，我的国》，中央电视台拍的纪录电影片，很火。讲的中国桥、中国路、中国港和中国网，这些好多都是中央企业为主或者中央企业承建的。'),
(21, '', '2', 'upload/attach/201803/mainpic_1_G5N6DES2QAVA76C.jpg', '中新网北京3月12日电 春回大地，万物复苏，可谓植绿正当时。今天又逢植树节，在“绿水青山就是金山银山”的发展理念越发深入人心的当下，你知道中国今年有怎样的造林计划吗?你又是否了解中国的森林面积达到多少'),
(22, '', '4', 'upload/attach/201803/mainpic_1_DJW8PSGW59XB6TF.png', '近年来，武汉瞄准这些痛点，布局了一场大手笔的“人才争夺战”。2017年，大学毕业生留汉人数达30.1万，是2016年的3.1倍;新落户大学毕业生14.2万，是2016年的近6倍。'),
(23, '', '', 'upload/attach/201803/mainpic_1_ANX93TGW9SXBMQN.jpg', ''),
(24, '', '4', '', '立春过后，海军东海舰队又掀起练兵热潮，圈粉无数。长安街知事发现，除了保卫海疆的第一要务，他们还增加了一项特殊使命。'),
(25, '{\"13\":\"Angelababy\",\"14\":\"杨颖\"}', '2', 'upload/attach/201803/mainpic_1_QNYV9E7986ZDPKH.jpg', '2018年3月12日，北京，Angelababy杨颖回京。Baby素颜录制《奔跑吧》回京，深夜的皮肤状态依旧很好，见到粉丝边走边签名亲和力十足。'),
(26, '{\"15\":\"林志玲\"}', '2', 'upload/attach/201803/mainpic_1_SEJ5B244G869VYD.jpg', '日前，林志玲现身某活动。期间，她着一袭红色紧身露香肩裙亮相，下车时获2名保镖双人伸臂搭“伞”小心翼翼护头，同时女助理贴心整理女神露香肩处裙边防走光。现场，林志玲一路踩金色高跟鞋猫步慢行似T台走秀，频撩发、挥手、微笑女神范十足。'),
(27, '{\"16\":\"李若彤\"}', '', 'upload/attach/201803/mainpic_1_S76A3XC6KCRRHXU.jpg', '近日，李若彤接拍了一则广告，再现小龙女经典造型。即便时隔23年，李若彤再次穿上这件衣服时，依旧是那个不食人间烟火的小龙女，让杨过如痴如醉的姑姑。'),
(28, '{\"15\":\"林志玲\"}', '1', 'upload/attach/201803/mainpic_1_34QMYY47JXWTQWX.jpg', '名模林志玲2月传出健康亮红灯，因感冒免疫系统失调停工休养，而终于在日前复工的林志玲，脸和手臂明显圆了一圈，丰腴身形引发热议，对此，林志玲则展现高EQ，要大家给她时间运动，而11日林志玲则晒出游泳照，美胸浮水面实在辣爆。'),
(29, '', '', 'upload/attach/201803/mainpic_1_YJUBKA7ANNKT7E4.jpeg', '网易娱乐3月12日报道 据台湾媒体报道，金曲乐团苏打绿2017年初开始休团3年，团员各自有工作计划，但6日爆出主唱青峰将单飞，团体可能会解散，虽经纪人林暐哲否认解散，但12日传出有内幕'),
(30, '{\"17\":\"罗志祥\",\"18\":\"罗志祥女友\"}', '1,2', 'upload/attach/201803/mainpic_1_Y58X7GWYY8DCVT9.jpg', '罗志祥和大陆网红周扬青交往2年多，感情稳定、小两口也越爱越大方，不过周扬青因男友关系，一举一动备受瞩目，常分享美妆穿搭照的她，更常惹来网友呛“不知道你素颜长怎样”，对此，周扬青则霸气曝光素颜照，超近自拍更是让毛孔黑头全现形。'),
(31, '{\"19\":\"艺考\"}', '', 'upload/attach/201803/mainpic_1_GX463VJ587D4FUJ.png', ''),
(32, '{\"20\":\"郑元畅\"}', '', 'upload/attach/201803/mainpic_1_3SHWHRUUE7DJSKN.jpg', ' 3月12号是植树节，有网友发文：“今天转发这个江直树，你就会立马得到像江直树……一样的智慧。”并附上一张郑元畅在剧中扮演江直树的照片。\r\n随后有网友表示：“ 比较想得到这个人。”'),
(33, '{\"21\":\"朱丹\"}', '4', 'upload/attach/201803/mainpic_1_ZZMWMMJ2PUK4BK5.png', '网友评论：“我的天，好好看，当妈妈后更有女人味了。”'),
(34, '{\"22\":\"林志颖娇妻\"}', '4', 'upload/attach/201803/mainpic_1_UGWGWCKNH6CAS67.jpeg', '她发了张集体在沙滩的合照，网友也放大看，发现她甜笑挽着林志颖，看上去相当幸福，网友大赞：“林太太好漂亮！你们要一直幸福！”、“羡慕嫂子，嫁给爱情。”、“美到逆天。'),
(35, '{\"23\":\"马伊琍\"}', '', 'upload/attach/201803/mainpic_1_4G42CB67NBPQEYZ.png', '马伊琍这段文字引来不少网友调侃：“可四明天又要桑学了…这句好萌炸了！！！！！”、“小马姐你文笔太好了，成长的忧伤尽在眼前啊。”'),
(36, '{\"24\":\"钟丽缇\"}', '4', 'upload/attach/201803/mainpic_1_FTJES86YKFYY8HK.png', '照片中刚刚运动完的钟丽缇面色红润，额前秀发微微凌乱，脸上香汗淋漓，但气色十分健康，整个人焕发着运动的活力美。'),
(37, '{\"25\":\"王健林\",\"26\":\"区块链\"}', '1,2', 'upload/attach/201803/mainpic_1_4Q5DPVWRE87GGRF.jpg', '3月12日，总部位于新西兰的区块链公司Centrality NZ公司宣布，万达网络科技集团与Centrality NZ公司开展了战略技术合作。此次合作不涉及投融资，第一阶段主要是双方的技术合作'),
(38, '{\"27\":\"马斯克\"}', '2', 'upload/attach/201803/mainpic_1_DD5VGQVYBW623X5.jpeg', '据GeekWire报道，在德克萨斯州奥斯汀举行的SXSW科技文化节上，美国太空探索技术公司SpaceX创始人伊隆·马斯克(Elon Musk)表示，SpaceX正在建造首艘火星飞船（也就是BFR），目前进展顺利，有望在明年中期进行短途测试飞'),
(39, '{\"27\":\"马斯克\"}', '2', 'upload/attach/201803/mainpic_1_X8PHPN8XDWS4C77.jpg', '美国连续创业家伊隆·马斯克（Elon Musk）周日在德克萨斯州奥斯汀举行的SXSW科技文化节上，出乎意料地参加了问答环节。这位亿万富翁说，美国太空探索技术公司SpaceX有望在2019年之前向火星发射飞船，但他戏称可能会推迟。'),
(40, '{\"28\":\"当当\",\"29\":\"李国庆\",\"30\":\"赵陈婷\"}', '', 'upload/attach/201803/mainpic_1_QP4EUBZ9EFFW76X.jpeg', '海航系旗下天海投资3月9日发公告称正与当当谈股权购买事宜，但具体方案仍在沟通协商中。'),
(41, '{\"31\":\"Android\"}', '', 'upload/attach/201803/mainpic_1_DVQH68UH82KCRY2.jpg', '设备自带机器学习功能就可免去把用户数据发送到云端以供处理的必要性。这直接为用户带来两个好处。第一，设备上的神经网络能够更容易地学习和适应用户的操作习惯。'),
(42, '{\"32\":\"谷歌\",\"33\":\"iPad\"}', '', 'upload/attach/201803/mainpic_1_Z5CGCCTD2M57J2U.jpg', '谷歌发布了Android P的开发者预览版，这个新系统已不再支持Pixel C和Nexus 5X/6P。事实上，Android P支持的只有谷歌的两款Pixel手机（它们本身也卖得不好），这表明谷歌在平板等硬件领域追赶苹果的雄心已成过眼云烟'),
(43, '', '', 'upload/attach/201803/mainpic_1_NFX4D8GRPECKA7C.jpg', '据Futurism报道，在接下来的300年里，南极洲的南大洋将继续升温，影响全球渔业，并使其产量减少20%。'),
(44, '', '', 'upload/attach/201803/mainpic_1_6HGRPWHNXXUHWJ6.jpeg', '国产手机全部 all in“刘海儿屏”：厂商无奈，用户悲哀'),
(45, '{\"34\":\"HomePod\",\"35\":\"iPod\"}', '4', 'upload/attach/201803/mainpic_1_KRVRYZNEHCDMB3J.jpg', '在年初接受 FastCompany采访时，苹果 CEO 蒂姆·库克（Tim Cook）对这一点直言不讳。我们不会忘记第一次见到 iPod 时眼中放出的光，即使放到现在 iPod shuffle 小而美的设计也并不落伍'),
(46, '{\"36\":\"特斯拉\"}', '1', 'upload/attach/201803/mainpic_1_K5BFXJH6EZZ79GJ.jpg', '按照特斯拉官方的说法，2018年开始生产Model 3全轮驱动版本，并开始生产标准容量电池版本，2019年开始进行左侧驾驶车辆全球交付，并开始生产右侧驾驶车辆。'),
(47, '{\"26\":\"区块链\"}', '4', 'upload/attach/201803/mainpic_1_JN9KZJYSGJSQ33F.jpg', '据福布斯杂志报道，从银行、安全通信到医疗以及拼车服务等，区块链技术将对我们的未来生活产生巨大影响。当然，要理解区块链将如何改变世界，我们首先需要了解它是如何工作的。'),
(48, '{\"37\":\"AlphaGo\"}', '4', 'upload/attach/201803/mainpic_1_X7XEPQMBFY4DN2U.jpeg', '被称为新一轮产业革命推动力的人工智能技术，正全方位、加速改变着人类生活。不过，英国领先的人工智能公司“深度思维”首席执行官德米什·哈萨比斯近日说，人工智能的发展仍然面临诸多哲学问题待解。');

# bbs_well_thread_flag

INSERT INTO `bbs_well_thread_flag` (`fid`, `fup`, `tid`, `flag`) VALUES
(3, 1, 1, 1),
(3, 1, 1, 2),
(3, 1, 1, 4),
(3, 1, 2, 1),
(3, 1, 2, 2),
(3, 1, 2, 3),
(3, 1, 3, 1),
(3, 1, 3, 2),
(3, 1, 3, 4),
(3, 1, 4, 1),
(3, 1, 4, 4),
(3, 1, 5, 3),
(3, 1, 5, 4),
(3, 1, 8, 4),
(3, 1, 9, 4),
(3, 1, 9, 1),
(3, 1, 10, 4),
(3, 1, 12, 1),
(3, 1, 12, 2),
(2, 1, 14, 1),
(2, 1, 16, 1),
(2, 1, 16, 2),
(2, 1, 16, 3),
(2, 1, 17, 2),
(2, 1, 18, 1),
(2, 1, 18, 2),
(2, 1, 20, 3),
(2, 1, 21, 2),
(4, 0, 25, 2),
(4, 0, 26, 2),
(4, 0, 28, 1),
(4, 0, 30, 1),
(4, 0, 30, 2),
(5, 0, 37, 1),
(5, 0, 37, 2),
(5, 0, 38, 2),
(5, 0, 39, 2),
(5, 0, 46, 1),
(5, 0, 45, 4),
(5, 0, 48, 4),
(5, 0, 47, 4),
(2, 1, 24, 4),
(4, 0, 36, 4),
(4, 0, 33, 4),
(4, 0, 34, 4),
(2, 1, 22, 4);